genome	chrom	start	end	coverage	identity	score	orientation	num_hits	subject_span	q_low	q_high
Obr	8	1829270	1855527	0.1302	0.00	0.3215	.	14	26257	26748	88249
Obr	8	1829270	1855527	0.1302	0.00	0.3215	.	14	26257	26748	88249
Obr	8	7884809	7881929	0.0171	0.00	0.0427	.	3	-2880	72164	74938
Obr	8	7884809	7881929	0.0171	0.00	0.0427	.	3	-2880	72164	74938
Ogla	8	2270461	2351538	0.4689	0.00	0.6812	.	11	81077	5052	88249
Ogla	12	19538960	19384364	0.1980	0.00	0.3554	.	3	-154596	9001	51187
Ogla	12	14119859	13882124	0.1803	0.00	0.3371	.	6	-237735	9499	51026
Ogla	7	16888377	17016189	0.1764	0.00	0.3367	.	4	127812	9499	51187
Ogla	3	13898685	13719136	0.1778	0.00	0.3360	.	4	-179549	8897	51187
Ogla	12	13729434	13882124	0.1803	0.00	0.3351	.	7	152690	9499	51026
Ogla	12	13820920	13882124	0.1745	0.00	0.3324	.	5	61204	10005	51026
Ogla	5	8325655	8278596	0.1558	0.00	0.3198	.	4	-47059	9499	51187
Ogla	5	8325655	8278596	0.1558	0.00	0.3198	.	4	-47059	9499	51187
Ogla	5	8325655	8278596	0.1558	0.00	0.3198	.	4	-47059	9499	51187
Ogla	9	1055010	855838	0.1021	0.00	0.3183	.	4	-199172	9010	80511
Ogla	12	14119859	14214612	0.0666	0.00	0.2853	.	2	94753	9499	80891
Ogla	2	10253919	10457590	0.1151	0.00	0.2758	.	3	203671	10561	51010
Ogla	11	15563579	15410105	0.1143	0.00	0.2658	.	4	-153474	9496	43735
Ogla	6	8268626	8236453	0.0887	0.00	0.2512	.	3	-32173	9499	51015
Ogla	6	8268626	8236453	0.0887	0.00	0.2512	.	3	-32173	9499	51015
Ogla	9	9141733	8969934	0.1279	0.00	0.2395	.	4	-171799	9004	23383
Ogla	3	13898685	13909116	0.1155	0.00	0.2328	.	2	10431	8897	19517
Ogla	5	6890226	6900816	0.1115	0.00	0.2290	.	2	10590	8979	19785
Ogla	5	6890226	6900816	0.1115	0.00	0.2290	.	2	10590	8979	19785
Ogla	8	5645242	5656247	0.1109	0.00	0.2289	.	2	11005	8886	19783
Ogla	8	5645242	5656247	0.1109	0.00	0.2289	.	2	11005	8886	19783
Ogla	8	13402422	13413291	0.1076	0.00	0.2252	.	2	10869	8907	19562
Ogla	8	13402422	13413291	0.1076	0.00	0.2252	.	2	10869	8907	19562
Ogla	2	5645880	5576714	0.1145	0.00	0.2224	.	5	-69166	8979	19497
Ogla	12	5660113	5658650	0.1037	0.00	0.2218	.	2	-1463	8887	19661
Ogla	6	26441067	26439662	0.1030	0.00	0.2211	.	2	-1405	8909	19615
Ogla	6	26441067	26439662	0.1030	0.00	0.2211	.	2	-1405	8909	19615
Ogla	1	22833375	22843926	0.1036	0.00	0.2209	.	2	10551	8887	19663
Ogla	1	22833375	22843926	0.1036	0.00	0.2209	.	2	10551	8887	19663
Ogla	9	9141733	9140186	0.1020	0.00	0.2193	.	2	-1547	9004	19628
Ogla	6	22072575	22083229	0.1012	0.00	0.2190	.	2	10654	8887	19456
Ogla	6	22072575	22083229	0.1012	0.00	0.2190	.	2	10654	8887	19456
Ogla	12	24921641	24931957	0.1014	0.00	0.2183	.	2	10316	8804	19561
Ogla	12	24921641	24931957	0.1014	0.00	0.2183	.	2	10316	8804	19561
Ogla	11	25266741	25265092	0.0997	0.00	0.2174	.	2	-1649	8979	19562
Ogla	11	25266741	25265092	0.0997	0.00	0.2174	.	2	-1649	8979	19562
Ogla	8	12519101	12529336	0.1004	0.00	0.2171	.	2	10235	8979	19647
Ogla	8	12519101	12529336	0.1004	0.00	0.2171	.	2	10235	8979	19647
Ogla	11	5576563	5606761	0.1080	0.00	0.2168	.	7	30198	8974	19614
Ogla	11	5576563	5606761	0.1080	0.00	0.2168	.	7	30198	8974	19614
Ogla	5	20667491	20678352	0.0986	0.00	0.2166	.	2	10861	8807	19562
Ogla	5	20667491	20678352	0.0986	0.00	0.2166	.	2	10861	8807	19562
Ogla	7	15098891	14937747	0.1091	0.00	0.2166	.	8	-161144	8887	19629
Ogla	9	7869305	7879525	0.0995	0.00	0.2165	.	2	10220	8979	19399
Ogla	7	14915014	14937747	0.1031	0.00	0.2164	.	4	22733	8974	19629
Ogla	10	6134509	6148621	0.1060	0.00	0.2161	.	5	14112	8804	19782
Ogla	10	6134509	6148621	0.1060	0.00	0.2161	.	5	14112	8804	19782
Ogla	8	4248863	4246618	0.0985	0.00	0.2160	.	2	-2245	8887	19627
Ogla	8	4248863	4246618	0.0985	0.00	0.2160	.	2	-2245	8887	19627
Ogla	7	15098891	15154619	0.1084	0.00	0.2156	.	4	55728	8887	19561
Ogla	7	14915014	14937747	0.1081	0.00	0.2156	.	6	22733	8974	19629
Ogla	6	16351273	16349657	0.0984	0.00	0.2151	.	2	-1616	9499	19661
Ogla	6	16351273	16349657	0.0984	0.00	0.2151	.	2	-1616	9499	19661
Ogla	10	557793	381616	0.1059	0.00	0.2150	.	5	-176177	8806	19663
Ogla	5	15048072	15219737	0.1060	0.00	0.2147	.	6	171665	8807	19783
Ogla	5	15209743	15219737	0.0980	0.00	0.2146	.	2	9994	9499	19783
Ogla	6	8586322	8582639	0.1051	0.00	0.2143	.	4	-3683	8887	19781
Ogla	11	13565735	13576473	0.0967	0.00	0.2142	.	2	10738	8977	19559
Ogla	2	17982997	17992822	0.0978	0.00	0.2141	.	2	9825	9499	19780
Ogla	6	8586322	8664986	0.1051	0.00	0.2131	.	6	78664	8887	19781
Ogla	10	557793	568163	0.1033	0.00	0.2130	.	4	10370	8806	19436
Ogla	11	15563579	15572566	0.0971	0.00	0.2126	.	3	8987	9496	19781
Ogla	2	27039765	27039768	0.0984	0.00	0.2122	.	2	3	42221	51187
Ogla	2	27039765	27039768	0.0984	0.00	0.2122	.	2	3	42221	51187
Ogla	11	4205240	4203799	0.0954	0.00	0.2122	.	2	-1441	8887	19518
Ogla	11	4205240	4203799	0.0954	0.00	0.2122	.	2	-1441	8887	19518
Ogla	12	19538960	19536625	0.0964	0.00	0.2121	.	2	-2335	9001	19626
Ogla	5	15048072	15045058	0.1029	0.00	0.2119	.	4	-3014	8807	19509
Ogla	5	15048072	15045058	0.1029	0.00	0.2119	.	4	-3014	8807	19509
Ogla	12	5660113	5658650	0.1039	0.00	0.2118	.	3	-1463	8887	19661
Ogla	9	21109137	21107397	0.0951	0.00	0.2115	.	2	-1740	9499	19484
Ogla	2	26695184	26707298	0.1016	0.00	0.2114	.	2	12114	42221	51187
Ogla	2	26695184	26707298	0.1016	0.00	0.2114	.	2	12114	42221	51187
Ogla	1	37183263	37181629	0.0952	0.00	0.2112	.	2	-1634	9499	19551
Ogla	1	37183263	37181629	0.0952	0.00	0.2112	.	2	-1634	9499	19551
Ogla	4	2689754	2700558	0.0942	0.00	0.2108	.	2	10804	9280	19647
Ogla	4	2689754	2700558	0.0942	0.00	0.2108	.	2	10804	9280	19647
Ogla	6	2930642	2926774	0.0963	0.00	0.2106	.	3	-3868	8871	19457
Ogla	6	2930642	2926774	0.0963	0.00	0.2106	.	3	-3868	8871	19457
Ogla	2	13658010	13653520	0.0997	0.00	0.2106	.	4	-4490	8982	19647
Ogla	2	13658010	13653520	0.0997	0.00	0.2106	.	4	-4490	8982	19647
Ogla	12	17767212	17721774	0.1003	0.00	0.2106	.	4	-45438	8806	19704
Ogla	12	17767212	17721774	0.1003	0.00	0.2106	.	4	-45438	8806	19704
Ogla	6	8667285	8664986	0.0935	0.00	0.2105	.	2	-2299	9019	19387
Ogla	1	17655945	17652249	0.0960	0.00	0.2099	.	3	-3696	9499	19780
Ogla	4	27071469	27081606	0.0924	0.00	0.2097	.	2	10137	9499	19704
Ogla	4	27071469	27081606	0.0924	0.00	0.2097	.	2	10137	9499	19704
Ogla	11	12756617	12755283	0.0945	0.00	0.2094	.	2	-1334	9499	19485
Ogla	11	12756617	12755283	0.0945	0.00	0.2094	.	2	-1334	9499	19485
Ogla	12	22824138	22822517	0.0939	0.00	0.2093	.	2	-1621	9499	19425
Ogla	6	13951335	13961503	0.0926	0.00	0.2092	.	2	10168	9499	19494
Ogla	6	13951335	13961503	0.0926	0.00	0.2092	.	2	10168	9499	19494
Ogla	1	11401746	11397767	0.0973	0.00	0.2091	.	3	-3979	9499	19781
Ogla	1	11401746	11397767	0.0973	0.00	0.2091	.	3	-3979	9499	19781
Ogla	6	21847779	21845328	0.0933	0.00	0.2091	.	2	-2451	9499	19780
Ogla	6	21847779	21845328	0.0933	0.00	0.2091	.	2	-2451	9499	19780
Ogla	10	12194684	12204648	0.0921	0.00	0.2089	.	3	9964	9499	19704
Ogla	10	12194684	12204648	0.0921	0.00	0.2089	.	3	9964	9499	19704
Ogla	4	3819318	3829306	0.0920	0.00	0.2088	.	2	9988	9499	19562
Ogla	4	3819318	3829306	0.0920	0.00	0.2088	.	2	9988	9499	19562
Ogla	3	30427434	30425766	0.0919	0.00	0.2086	.	2	-1668	9499	19663
Ogla	3	30427434	30425766	0.0919	0.00	0.2086	.	2	-1668	9499	19663
Ogla	4	18243616	18253547	0.0919	0.00	0.2086	.	2	9931	9499	19663
Ogla	4	18243616	18253547	0.0919	0.00	0.2086	.	2	9931	9499	19663
Ogla	1	24333980	24344945	0.0928	0.00	0.2085	.	2	10965	9499	19741
Ogla	1	24333980	24344945	0.0928	0.00	0.2085	.	2	10965	9499	19741
Ogla	9	14154071	14151993	0.0915	0.00	0.2083	.	2	-2078	9499	19622
Ogla	9	14154071	14151993	0.0915	0.00	0.2083	.	2	-2078	9499	19622
Ogla	6	7322576	7349369	0.0987	0.00	0.2081	.	4	26793	8979	19781
Ogla	6	7322576	7349369	0.0987	0.00	0.2081	.	4	26793	8979	19781
Ogla	2	17982997	17756704	0.0978	0.00	0.2079	.	3	-226293	9499	19780
Ogla	11	23659495	23658144	0.0900	0.00	0.2079	.	2	-1351	8979	19780
Ogla	11	23659495	23658144	0.0900	0.00	0.2079	.	2	-1351	8979	19780
Ogla	6	23395428	23405890	0.0915	0.00	0.2078	.	2	10462	9499	19622
Ogla	6	23395428	23405890	0.0915	0.00	0.2078	.	2	10462	9499	19622
Ogla	7	16888377	16886256	0.0906	0.00	0.2075	.	2	-2121	9499	19541
Ogla	12	12496200	12490536	0.0940	0.00	0.2072	.	2	-5664	8979	19422
Ogla	12	12496200	12490536	0.0940	0.00	0.2072	.	2	-5664	8979	19422
Ogla	6	7322576	7517950	0.0987	0.00	0.2071	.	6	195374	8979	19781
Ogla	6	17326870	17325183	0.0908	0.00	0.2071	.	2	-1687	9499	19562
Ogla	6	17326870	17325183	0.0908	0.00	0.2071	.	2	-1687	9499	19562
Ogla	12	13729434	13728177	0.0915	0.00	0.2069	.	2	-1257	9499	19627
Ogla	7	14726343	14735802	0.0910	0.00	0.2069	.	2	9459	10185	19625
Ogla	4	11263023	11259423	0.0980	0.00	0.2066	.	8	-3600	8979	19781
Ogla	2	30705073	30705079	0.0927	0.00	0.2062	.	2	6	42221	51187
Ogla	2	30705073	30705079	0.0927	0.00	0.2062	.	2	6	42221	51187
Ogla	8	16491027	16488720	0.0895	0.00	0.2058	.	2	-2307	9499	19450
Ogla	12	22824138	22922927	0.0979	0.00	0.2056	.	4	98789	9499	19782
Ogla	12	8626934	8637836	0.0903	0.00	0.2055	.	2	10902	9503	19562
Ogla	12	8626934	8637836	0.0903	0.00	0.2055	.	2	10902	9503	19562
Ogla	1	16539626	16537340	0.0890	0.00	0.2054	.	2	-2286	9499	19399
Ogla	1	16539626	16537340	0.0890	0.00	0.2054	.	2	-2286	9499	19399
Ogla	10	3989636	3984447	0.0933	0.00	0.2052	.	3	-5189	9499	19780
Ogla	10	3989636	3984447	0.0933	0.00	0.2052	.	3	-5189	9499	19780
Ogla	7	7329934	7339617	0.0889	0.00	0.2051	.	2	9683	9499	19393
Ogla	7	7329934	7339617	0.0889	0.00	0.2051	.	2	9683	9499	19393
Ogla	7	15686537	15696134	0.0886	0.00	0.2049	.	3	9597	9499	19435
Ogla	7	15686537	15696134	0.0886	0.00	0.2049	.	3	9597	9499	19435
Ogla	11	13565735	13576473	0.0967	0.00	0.2049	.	3	10738	8977	19559
Ogla	3	17799367	17808676	0.0950	0.00	0.2048	.	4	9309	8804	19562
Ogla	1	17496061	17652249	0.0960	0.00	0.2047	.	5	156188	9499	19780
Ogla	1	33626973	33625118	0.0887	0.00	0.2046	.	2	-1855	9499	19379
Ogla	1	33626973	33625118	0.0887	0.00	0.2046	.	2	-1855	9499	19379
Ogla	8	14242557	14241761	0.0903	0.00	0.2046	.	2	-796	9499	19622
Ogla	8	14242557	14241761	0.0903	0.00	0.2046	.	2	-796	9499	19622
Ogla	12	24173946	24187130	0.0915	0.00	0.2043	.	3	13184	9499	19626
Ogla	12	24173946	24187130	0.0915	0.00	0.2043	.	3	13184	9499	19626
Ogla	5	9715530	9697597	0.0947	0.00	0.2042	.	3	-17933	9499	19663
Ogla	5	9715530	9697597	0.0947	0.00	0.2042	.	3	-17933	9499	19663
Ogla	3	15231588	15229888	0.0883	0.00	0.2041	.	2	-1700	9499	19450
Ogla	10	13723324	13730920	0.0949	0.00	0.2039	.	4	7596	9499	19704
Ogla	10	13723324	13730920	0.0949	0.00	0.2039	.	4	7596	9499	19704
Ogla	10	13723324	13730920	0.0949	0.00	0.2039	.	4	7596	9499	19704
Ogla	1	16272334	16269121	0.0919	0.00	0.2039	.	3	-3213	9499	19499
Ogla	1	16272334	16269121	0.0919	0.00	0.2039	.	3	-3213	9499	19499
Ogla	8	8882812	8935939	0.0925	0.00	0.2035	.	3	53127	9499	19709
Ogla	8	8882812	8935939	0.0925	0.00	0.2035	.	3	53127	9499	19709
Ogla	4	11332197	11342337	0.0864	0.00	0.2035	.	2	10140	9499	19781
Ogla	3	17799367	17808676	0.0885	0.00	0.2035	.	3	9309	8804	19562
Ogla	10	3215786	3214077	0.0871	0.00	0.2032	.	2	-1709	9499	19503
Ogla	10	3215786	3214077	0.0871	0.00	0.2032	.	2	-1709	9499	19503
Ogla	12	9020177	9026270	0.0933	0.00	0.2030	.	4	6093	9499	19780
Ogla	12	9020177	9026270	0.0933	0.00	0.2030	.	4	6093	9499	19780
Ogla	6	7522696	7517950	0.0892	0.00	0.2026	.	2	-4746	9499	19780
Ogla	12	14439684	14447731	0.0963	0.00	0.2024	.	5	8047	9499	19647
Ogla	12	14439684	14447731	0.0963	0.00	0.2024	.	5	8047	9499	19647
Ogla	5	5901322	5895520	0.0882	0.00	0.2022	.	2	-5802	8982	19647
Ogla	3	14359761	14354811	0.0869	0.00	0.2022	.	3	-4950	8894	19778
Ogla	3	14359761	14354811	0.0869	0.00	0.2022	.	3	-4950	8894	19778
Ogla	12	18340234	18354005	0.0901	0.00	0.2021	.	2	13771	9499	19503
Ogla	12	18340234	18354005	0.0901	0.00	0.2021	.	2	13771	9499	19503
Ogla	6	17682844	17792012	0.0933	0.00	0.2015	.	4	109168	9499	19780
Ogla	6	17682844	17792012	0.0933	0.00	0.2015	.	4	109168	9499	19780
Ogla	9	1055010	1065573	0.0838	0.00	0.2015	.	3	10563	9010	19562
Ogla	4	11546346	11543750	0.0852	0.00	0.2009	.	2	-2596	9499	19551
Ogla	4	11546346	11543750	0.0852	0.00	0.2009	.	2	-2596	9499	19551
Ogla	1	19435815	19449385	0.0919	0.00	0.2007	.	4	13570	9499	19663
Ogla	1	19435815	19449385	0.0919	0.00	0.2007	.	4	13570	9499	19663
Ogla	1	17344991	17493910	0.0893	0.00	0.2005	.	3	148919	9499	19701
Ogla	8	16338663	16488720	0.0895	0.00	0.2003	.	3	150057	9499	19450
Ogla	10	7317362	7310001	0.0911	0.00	0.2001	.	4	-7361	9499	19780
Ogla	10	7317362	7310001	0.0911	0.00	0.2001	.	4	-7361	9499	19780
Ogla	7	17016196	17016189	0.0859	0.00	0.1999	.	2	-7	42221	51187
Ogla	5	15975342	15972282	0.0847	0.00	0.1997	.	2	-3060	9499	19625
Ogla	5	15975342	15972282	0.0847	0.00	0.1997	.	2	-3060	9499	19625
Ogla	2	27618281	27611744	0.0891	0.00	0.1996	.	3	-6537	9499	19536
Ogla	2	27618281	27611744	0.0891	0.00	0.1996	.	3	-6537	9499	19536
Ogla	12	6075746	6072987	0.0832	0.00	0.1988	.	2	-2759	9499	18945
Ogla	12	6075746	6072987	0.0832	0.00	0.1988	.	2	-2759	9499	18945
Ogla	6	9367373	9256642	0.0884	0.00	0.1985	.	3	-110731	9901	19494
Ogla	8	15626511	15636505	0.0811	0.00	0.1980	.	2	9994	9499	19624
Ogla	8	15626511	15636505	0.0811	0.00	0.1980	.	2	9994	9499	19624
Ogla	12	9751917	9767227	0.0864	0.00	0.1978	.	3	15310	9499	19462
Ogla	12	9751917	9767227	0.0864	0.00	0.1978	.	3	15310	9499	19462
Ogla	10	1280595	1289938	0.0807	0.00	0.1977	.	4	9343	8977	19704
Ogla	10	1280595	1289938	0.0807	0.00	0.1977	.	4	9343	8977	19704
Ogla	5	5901322	5895520	0.0882	0.00	0.1975	.	3	-5802	8982	19647
Ogla	3	15231588	15229888	0.0883	0.00	0.1964	.	3	-1700	9499	19450
Ogla	12	12193214	12191076	0.0820	0.00	0.1963	.	2	-2138	9499	18787
Ogla	12	12193214	12191076	0.0820	0.00	0.1963	.	2	-2138	9499	18787
Ogla	1	14815926	14812028	0.0865	0.00	0.1953	.	2	-3898	9499	19785
Ogla	1	14815926	14812028	0.0865	0.00	0.1953	.	2	-3898	9499	19785
Ogla	2	10450145	10457590	0.0844	0.00	0.1951	.	2	7445	42745	51010
Ogla	6	9367373	9366153	0.0801	0.00	0.1939	.	2	-1220	9901	18759
Ogla	4	12706151	12720303	0.0831	0.00	0.1935	.	3	14152	9499	18949
Ogla	4	12706151	12720303	0.0831	0.00	0.1935	.	3	14152	9499	18949
Ogla	8	17182479	17190380	0.0793	0.00	0.1933	.	2	7901	8887	19562
Ogla	8	17182479	17190380	0.0793	0.00	0.1933	.	2	7901	8887	19562
Ogla	7	9736738	9746345	0.0768	0.00	0.1933	.	3	9607	9499	19562
Ogla	7	9736738	9746345	0.0768	0.00	0.1933	.	3	9607	9499	19562
Ogla	6	24287096	24349661	0.0821	0.00	0.1928	.	3	62565	9908	19617
Ogla	6	24287096	24349661	0.0821	0.00	0.1928	.	3	62565	9908	19617
Ogla	1	18488790	18488031	0.0806	0.00	0.1928	.	2	-759	8979	19490
Ogla	12	19870428	19863052	0.0803	0.00	0.1920	.	3	-7376	9499	19297
Ogla	12	19870428	19863052	0.0803	0.00	0.1920	.	3	-7376	9499	19297
Ogla	4	11263023	11259423	0.0804	0.00	0.1907	.	6	-3600	8979	19776
Ogla	9	5397294	5391260	0.0777	0.00	0.1904	.	2	-6034	9499	19665
Ogla	9	5397294	5391260	0.0777	0.00	0.1904	.	2	-6034	9499	19665
Ogla	11	8912687	8904855	0.0790	0.00	0.1901	.	3	-7832	9500	19178
Ogla	11	9035021	8904855	0.0790	0.00	0.1886	.	5	-130166	9499	19178
Ogla	2	29140881	29148499	0.0748	0.00	0.1886	.	2	7618	9499	19779
Ogla	2	29140881	29148499	0.0748	0.00	0.1886	.	2	7618	9499	19779
Ogla	4	22913098	22920761	0.0756	0.00	0.1884	.	2	7663	9499	19370
Ogla	9	2676587	2721290	0.0783	0.00	0.1875	.	4	44703	9499	18460
Ogla	9	2676587	2721290	0.0783	0.00	0.1875	.	4	44703	9499	18460
Ogla	12	7405568	7447183	0.0765	0.00	0.1862	.	4	41615	9498	19660
Ogla	12	7405568	7447183	0.0765	0.00	0.1862	.	4	41615	9498	19660
Ogla	11	23123372	23089068	0.0682	0.00	0.1859	.	2	-34304	8980	23383
Ogla	11	23123372	23089068	0.0682	0.00	0.1859	.	2	-34304	8980	23383
Ogla	11	19447559	19445368	0.0737	0.00	0.1857	.	2	-2191	9499	18055
Ogla	11	19447559	19445368	0.0737	0.00	0.1857	.	2	-2191	9499	18055
Ogla	2	6158495	6175308	0.0728	0.00	0.1855	.	2	16813	9499	19780
Ogla	2	6158495	6175308	0.0728	0.00	0.1855	.	2	16813	9499	19780
Ogla	10	4496170	4445435	0.0752	0.00	0.1844	.	4	-50735	9499	18466
Ogla	10	4496170	4445435	0.0752	0.00	0.1844	.	4	-50735	9499	18466
Ogla	8	7149455	7157963	0.0702	0.00	0.1838	.	2	8508	11389	19704
Ogla	8	7149455	7157963	0.0702	0.00	0.1838	.	2	8508	11389	19704
Ogla	6	20794390	20802496	0.0687	0.00	0.1831	.	2	8106	9499	19626
Ogla	6	20794390	20802496	0.0687	0.00	0.1831	.	2	8106	9499	19626
Ogla	10	4496170	4445435	0.0738	0.00	0.1823	.	4	-50735	9499	18466
Ogla	10	6969675	7056542	0.0638	0.00	0.1820	.	3	86867	9499	23383
Ogla	6	19129833	19113798	0.0710	0.00	0.1817	.	4	-16035	9005	19342
Ogla	6	19129833	19113798	0.0710	0.00	0.1817	.	4	-16035	9005	19342
Ogla	6	19129833	19113798	0.0710	0.00	0.1817	.	4	-16035	9005	19342
Ogla	1	9377185	9607101	0.0730	0.00	0.1813	.	3	229916	8974	17426
Ogla	7	21214755	21222492	0.0675	0.00	0.1803	.	2	7737	11553	19562
Ogla	7	21214755	21222492	0.0675	0.00	0.1803	.	2	7737	11553	19562
Ogla	7	6274715	6282228	0.0687	0.00	0.1800	.	4	7513	9499	19780
Ogla	12	24522701	24530756	0.0662	0.00	0.1800	.	2	8055	9499	19626
Ogla	12	24522701	24530756	0.0662	0.00	0.1800	.	2	8055	9499	19626
Ogla	12	4454548	4460737	0.0695	0.00	0.1799	.	2	6189	9028	16895
Ogla	12	4454548	4460737	0.0695	0.00	0.1799	.	2	6189	9028	16895
Ogla	11	6331375	6338954	0.0659	0.00	0.1789	.	3	7579	11323	19457
Ogla	11	6331375	6338954	0.0659	0.00	0.1789	.	3	7579	11323	19457
Ogla	5	13435891	13444806	0.0627	0.00	0.1786	.	3	8915	9499	19629
Ogla	5	13435891	13444806	0.0627	0.00	0.1786	.	3	8915	9499	19629
Ogla	9	7572926	7582192	0.0625	0.00	0.1782	.	2	9266	9496	19562
Ogla	9	7572926	7582192	0.0625	0.00	0.1782	.	2	9266	9496	19562
Ogla	5	13862956	13862530	0.0669	0.00	0.1781	.	2	-426	9499	19378
Ogla	8	13105366	13105357	0.0696	0.00	0.1780	.	2	-9	42745	51073
Ogla	8	13105366	13105357	0.0696	0.00	0.1780	.	2	-9	42745	51073
Ogla	5	12988854	12999168	0.0615	0.00	0.1774	.	2	10314	9797	19663
Ogla	5	12988854	12999168	0.0615	0.00	0.1774	.	2	10314	9797	19663
Ogla	5	14479399	14486844	0.0634	0.00	0.1772	.	2	7445	9755	19535
Ogla	5	14479399	14486844	0.0634	0.00	0.1772	.	2	7445	9755	19535
Ogla	5	13862956	13862530	0.0669	0.00	0.1770	.	3	-426	9499	19378
Ogla	1	9608618	9607101	0.0671	0.00	0.1766	.	2	-1517	9499	17426
Ogla	6	17080705	17097077	0.0634	0.00	0.1737	.	2	16372	9499	19292
Ogla	6	17080705	17097077	0.0634	0.00	0.1737	.	2	16372	9499	19292
Ogla	8	16216229	16223713	0.0671	0.00	0.1734	.	3	7484	8886	16540
Ogla	12	13218799	13204758	0.0639	0.00	0.1720	.	2	-14041	9499	17095
Ogla	9	8927964	8969934	0.0551	0.00	0.1710	.	2	41970	10792	23383
Ogla	12	12950959	13204758	0.0639	0.00	0.1709	.	4	253799	9499	17095
Ogla	11	6505967	6511057	0.0578	0.00	0.1706	.	2	5090	9499	19559
Ogla	11	6505967	6511057	0.0578	0.00	0.1706	.	2	5090	9499	19559
Ogla	7	6274715	6282228	0.0548	0.00	0.1703	.	3	7513	9499	19780
Ogla	8	16216229	16223713	0.0627	0.00	0.1695	.	3	7484	8886	16540
Ogla	3	14711767	14711773	0.0541	0.00	0.1651	.	2	6	42221	51187
Ogla	3	14711767	14711773	0.0541	0.00	0.1651	.	2	6	42221	51187
Ogla	1	9918380	9929990	0.0518	0.00	0.1623	.	2	11610	11598	19537
Ogla	1	9918380	9929990	0.0518	0.00	0.1623	.	2	11610	11598	19537
Ogla	3	29703602	29708170	0.0517	0.00	0.1608	.	3	4568	43872	51187
Ogla	3	29703602	29708170	0.0517	0.00	0.1608	.	3	4568	43872	51187
Ogla	12	22922922	22922927	0.0420	0.00	0.1558	.	2	5	9499	19782
Ogla	3	22240985	22237636	0.0392	0.00	0.1529	.	2	-3349	9503	17842
Ogla	3	22240985	22237636	0.0392	0.00	0.1529	.	2	-3349	9503	17842
Ogla	2	14707019	14839841	0.0498	0.00	0.1528	.	4	132822	8976	13370
Ogla	2	14918693	14839841	0.0495	0.00	0.1528	.	3	-78852	9002	13370
Ogla	12	21521050	21521033	0.0387	0.00	0.1525	.	2	-17	9499	19536
Ogla	12	21521050	21521033	0.0387	0.00	0.1525	.	2	-17	9499	19536
Ogla	11	22016529	22016534	0.0367	0.00	0.1512	.	2	5	8974	19453
Ogla	11	22016529	22016534	0.0367	0.00	0.1512	.	2	5	8974	19453
Ogla	2	12729273	12732615	0.0380	0.00	0.1500	.	2	3342	42221	51194
Ogla	2	12729273	12732615	0.0380	0.00	0.1500	.	2	3342	42221	51194
Ogla	1	14647027	14650757	0.0421	0.00	0.1482	.	2	3730	9499	13245
Ogla	1	14647027	14650757	0.0421	0.00	0.1482	.	2	3730	9499	13245
Ogla	4	10123477	10127302	0.0423	0.00	0.1478	.	2	3825	9499	13228
Ogla	4	10123477	10127302	0.0423	0.00	0.1478	.	2	3825	9499	13228
Ogla	2	14095308	14099044	0.0418	0.00	0.1477	.	2	3736	15935	19622
Ogla	2	14095308	14099044	0.0418	0.00	0.1477	.	2	3736	15935	19622
Ogla	7	12241987	12245674	0.0417	0.00	0.1476	.	2	3687	9499	13256
Ogla	7	12241987	12245674	0.0417	0.00	0.1476	.	2	3687	9499	13256
Ogla	11	14126904	14239363	0.0440	0.00	0.1474	.	3	112459	9499	13377
Ogla	1	10205270	10394210	0.0460	0.00	0.1469	.	2	188940	8974	13030
Ogla	10	9331032	9376701	0.0440	0.00	0.1462	.	2	45669	9499	13377
Ogla	4	14485096	14704121	0.0439	0.00	0.1461	.	2	219025	9499	13370
Ogla	10	10184839	10323813	0.0442	0.00	0.1453	.	2	138974	8974	12872
Ogla	10	13378543	13433355	0.0426	0.00	0.1447	.	2	54812	9499	13256
Ogla	10	13378543	13433355	0.0426	0.00	0.1447	.	2	54812	9499	13256
Ogla	3	25241293	25250455	0.0422	0.00	0.1433	.	2	9162	9499	13225
Ogla	3	25241293	25250455	0.0422	0.00	0.1433	.	2	9162	9499	13225
Ogla	10	6969675	6969671	0.0397	0.00	0.1433	.	2	-4	9499	13030
Ogla	11	14236054	14239363	0.0373	0.00	0.1428	.	2	3309	9928	13267
Ogla	12	12950959	13009396	0.0444	0.00	0.1424	.	2	58437	9499	13412
Ogla	10	5646133	5497415	0.0440	0.00	0.1419	.	2	-148718	9499	13377
Ogla	11	9035021	9118585	0.0427	0.00	0.1412	.	2	83564	9499	13267
Ogla	12	14734956	14679063	0.0426	0.00	0.1412	.	2	-55893	9499	13256
Ogla	12	14734956	14679063	0.0426	0.00	0.1412	.	2	-55893	9499	13256
Ogla	2	25127711	25130878	0.0356	0.00	0.1406	.	2	3167	9500	13030
Ogla	2	25127711	25130878	0.0356	0.00	0.1406	.	2	3167	9500	13030
Ogla	1	10468230	10394210	0.0400	0.00	0.1406	.	2	-74020	9499	13030
Ogla	8	7960863	7969539	0.0321	0.00	0.1340	.	2	8676	9694	12526
Ogla	9	6204967	6263055	0.0321	0.00	0.1337	.	2	58088	9499	12330
Ogla	9	6204967	6263055	0.0321	0.00	0.1337	.	2	58088	9499	12330
Ogla	1	13320640	13322169	0.0174	0.00	0.1182	.	2	1529	78893	80424
Ogla	8	11938870	11937733	0.0171	0.00	0.0985	.	2	-1137	72717	74944
Ogla	8	11938870	11937733	0.0171	0.00	0.0985	.	2	-1137	72717	74944
Oba	8	2311234	2395997	0.4688	0.00	0.6841	.	10	84763	5056	88249
Oba	12	13078719	13244246	0.1828	0.00	0.3376	.	7	165527	9499	51190
Oba	12	13182914	13244246	0.1770	0.00	0.3349	.	5	61332	10005	51190
Oba	7	17531937	17665155	0.1724	0.00	0.3324	.	4	133218	9499	51187
Oba	9	1077480	876808	0.1133	0.00	0.3289	.	4	-200672	9010	80511
Oba	12	13821386	13599898	0.1144	0.00	0.3249	.	6	-221488	9499	80891
Oba	5	8431765	8387651	0.1558	0.00	0.3202	.	4	-44114	9499	51187
Oba	5	8431765	8387651	0.1558	0.00	0.3202	.	4	-44114	9499	51187
Oba	3	13840544	13663052	0.1591	0.00	0.3159	.	4	-177492	8897	49553
Oba	6	26085176	26070501	0.1507	0.00	0.3155	.	3	-14675	8909	51174
Oba	6	26085176	26070501	0.1507	0.00	0.3155	.	3	-14675	8909	51174
Oba	12	13505110	13599898	0.0666	0.00	0.2853	.	2	94788	9499	80891
Oba	6	8056642	8024478	0.0887	0.00	0.2512	.	3	-32164	9499	51015
Oba	6	8056642	8024478	0.0887	0.00	0.2512	.	3	-32164	9499	51015
Oba	9	8927705	8756116	0.1273	0.00	0.2430	.	3	-171589	8983	23383
Oba	3	13840544	13851044	0.1153	0.00	0.2327	.	2	10500	8897	19562
Oba	6	15931003	15698277	0.0987	0.00	0.2304	.	4	-232726	9499	32388
Oba	8	13239130	13250214	0.1103	0.00	0.2283	.	2	11084	8887	19780
Oba	8	13239130	13250214	0.1103	0.00	0.2283	.	2	11084	8887	19780
Oba	5	6973016	6983444	0.1096	0.00	0.2269	.	2	10428	8979	19562
Oba	5	6973016	6983444	0.1096	0.00	0.2269	.	2	10428	8979	19562
Oba	8	5580493	5591437	0.1088	0.00	0.2265	.	2	10944	8886	19602
Oba	8	5580493	5591437	0.1088	0.00	0.2265	.	2	10944	8886	19602
Oba	8	12312432	12323018	0.1088	0.00	0.2261	.	2	10586	8979	19780
Oba	8	12312432	12323018	0.1088	0.00	0.2261	.	2	10586	8979	19780
Oba	2	16321591	16320202	0.1063	0.00	0.2243	.	2	-1389	9000	19562
Oba	2	16321591	16320202	0.1063	0.00	0.2243	.	2	-1389	9000	19562
Oba	11	3394813	3405668	0.1049	0.00	0.2231	.	2	10855	8887	19781
Oba	11	3394813	3405668	0.1049	0.00	0.2231	.	2	10855	8887	19781
Oba	4	11728168	11726733	0.1041	0.00	0.2224	.	2	-1435	8801	19627
Oba	4	11728168	11726733	0.1041	0.00	0.2224	.	2	-1435	8801	19627
Oba	12	5440979	5439538	0.1038	0.00	0.2218	.	2	-1441	8887	19663
Oba	12	5440979	5439538	0.1038	0.00	0.2218	.	2	-1441	8887	19663
Oba	6	21700646	21711468	0.1031	0.00	0.2211	.	2	10822	8887	19617
Oba	6	21700646	21711468	0.1031	0.00	0.2211	.	2	10822	8887	19617
Oba	12	19095352	19093428	0.1033	0.00	0.2202	.	2	-1924	8886	19626
Oba	12	19095352	19093428	0.1033	0.00	0.2202	.	2	-1924	8886	19626
Oba	9	8927705	8926148	0.1027	0.00	0.2200	.	2	-1557	8983	19663
Oba	9	20596633	20595824	0.1051	0.00	0.2187	.	2	-809	9499	19472
Oba	9	20596633	20595824	0.1051	0.00	0.2187	.	2	-809	9499	19472
Oba	2	5718406	5649514	0.1101	0.00	0.2184	.	5	-68892	8979	19497
Oba	12	4338426	4347677	0.1038	0.00	0.2179	.	2	9251	8887	19780
Oba	12	4338426	4347677	0.1038	0.00	0.2179	.	2	9251	8887	19780
Oba	11	26028328	26026650	0.0997	0.00	0.2174	.	2	-1678	8979	19563
Oba	11	26028328	26026650	0.0997	0.00	0.2174	.	2	-1678	8979	19563
Oba	7	15347214	15361139	0.1036	0.00	0.2174	.	3	13925	8974	19629
Oba	12	24577160	24588034	0.1021	0.00	0.2173	.	3	10874	8804	19622
Oba	12	24577160	24588034	0.1021	0.00	0.2173	.	3	10874	8804	19622
Oba	1	37875082	37873647	0.1005	0.00	0.2170	.	2	-1435	9499	19782
Oba	1	37875082	37873647	0.1005	0.00	0.2170	.	2	-1435	9499	19782
Oba	9	7687095	7697315	0.0995	0.00	0.2165	.	2	10220	8979	19399
Oba	9	7687095	7697315	0.0995	0.00	0.2165	.	2	10220	8979	19399
Oba	10	1247737	1258580	0.0984	0.00	0.2165	.	4	10843	8977	19781
Oba	10	1247737	1258580	0.0984	0.00	0.2165	.	4	10843	8977	19781
Oba	7	15347214	15361139	0.1081	0.00	0.2155	.	5	13925	8974	19629
Oba	11	14228077	14238914	0.0977	0.00	0.2154	.	2	10837	8977	19647
Oba	5	20482894	20493934	0.0980	0.00	0.2151	.	3	11040	8807	19504
Oba	5	20482894	20493934	0.0980	0.00	0.2151	.	3	11040	8807	19504
Oba	10	5579377	5600935	0.1051	0.00	0.2148	.	5	21558	8886	19782
Oba	10	5579377	5600935	0.1051	0.00	0.2148	.	5	21558	8886	19782
Oba	10	5579377	5600935	0.1051	0.00	0.2148	.	5	21558	8886	19782
Oba	10	562302	388947	0.1059	0.00	0.2138	.	4	-173355	8806	19663
Oba	5	14884720	15055713	0.1053	0.00	0.2137	.	6	170993	8979	19783
Oba	5	14884720	15055713	0.1053	0.00	0.2137	.	6	170993	8979	19783
Oba	9	1077480	1088065	0.0950	0.00	0.2127	.	3	10585	9010	19562
Oba	11	16285183	16294158	0.0971	0.00	0.2126	.	3	8975	9496	19781
Oba	11	16285183	16294158	0.0971	0.00	0.2126	.	3	8975	9496	19781
Oba	6	8316292	8369281	0.1012	0.00	0.2125	.	4	52989	8974	19522
Oba	2	18377280	18388130	0.0978	0.00	0.2124	.	3	10850	9499	19780
Oba	2	18377280	18388130	0.0978	0.00	0.2124	.	3	10850	9499	19780
Oba	2	27658732	27658735	0.0984	0.00	0.2122	.	2	3	42221	51187
Oba	2	27658732	27658735	0.0984	0.00	0.2122	.	2	3	42221	51187
Oba	7	15347214	15361139	0.1036	0.00	0.2122	.	4	13925	8974	19629
Oba	2	27313794	27325908	0.1016	0.00	0.2114	.	2	12114	42221	51187
Oba	2	27313794	27325908	0.1016	0.00	0.2114	.	2	12114	42221	51187
Oba	5	14884720	14881690	0.1023	0.00	0.2112	.	4	-3030	8979	19626
Oba	6	2704648	2700797	0.0969	0.00	0.2111	.	3	-3851	8887	19485
Oba	6	2704648	2700797	0.0969	0.00	0.2111	.	3	-3851	8887	19485
Oba	10	562302	572673	0.1033	0.00	0.2111	.	3	10371	8806	19436
Oba	2	13933534	13929046	0.0997	0.00	0.2106	.	4	-4488	8982	19647
Oba	2	13933534	13929046	0.0997	0.00	0.2106	.	4	-4488	8982	19647
Oba	6	8462249	8459950	0.0935	0.00	0.2105	.	2	-2299	9019	19387
Oba	1	11546977	11557586	0.0949	0.00	0.2100	.	3	10609	9499	19562
Oba	1	11546977	11557586	0.0949	0.00	0.2100	.	3	10609	9499	19562
Oba	4	27165976	27176125	0.0924	0.00	0.2097	.	2	10149	9499	19704
Oba	4	27165976	27176125	0.0924	0.00	0.2097	.	2	10149	9499	19704
Oba	12	8666006	8673834	0.1011	0.00	0.2095	.	5	7828	8807	19780
Oba	12	8666006	8673834	0.1011	0.00	0.2095	.	5	7828	8807	19780
Oba	11	13417499	13416165	0.0946	0.00	0.2095	.	2	-1334	9499	19495
Oba	11	13417499	13416165	0.0946	0.00	0.2095	.	2	-1334	9499	19495
Oba	6	8316292	8459950	0.1012	0.00	0.2095	.	6	143658	8974	19522
Oba	6	27155755	27147671	0.1037	0.00	0.2094	.	2	-8084	42039	51187
Oba	6	27155755	27147671	0.1037	0.00	0.2094	.	2	-8084	42039	51187
Oba	11	20195270	19998443	0.0979	0.00	0.2093	.	3	-196827	8979	19666
Oba	6	17369269	17366933	0.0933	0.00	0.2092	.	2	-2336	9499	19780
Oba	6	9222901	9221311	0.0944	0.00	0.2092	.	2	-1590	8807	18759
Oba	6	9222901	9221311	0.0944	0.00	0.2092	.	2	-1590	8807	18759
Oba	7	9838553	9838547	0.0995	0.00	0.2090	.	5	-6	8886	19780
Oba	7	9838553	9838547	0.0995	0.00	0.2090	.	5	-6	8886	19780
Oba	2	15047592	14900428	0.0964	0.00	0.2088	.	5	-147164	8976	19647
Oba	4	3787463	3797451	0.0920	0.00	0.2088	.	2	9988	9499	19562
Oba	4	3787463	3797451	0.0920	0.00	0.2088	.	2	9988	9499	19562
Oba	4	18267725	18277647	0.0919	0.00	0.2086	.	2	9922	9499	19663
Oba	4	18267725	18277647	0.0919	0.00	0.2086	.	2	9922	9499	19663
Oba	1	25087442	25098407	0.0928	0.00	0.2085	.	2	10965	9499	19741
Oba	11	20000640	19998443	0.0920	0.00	0.2084	.	2	-2197	9499	19666
Oba	9	13699539	13697461	0.0915	0.00	0.2082	.	2	-2078	9499	19622
Oba	9	13699539	13697461	0.0915	0.00	0.2082	.	2	-2078	9499	19622
Oba	12	23827619	23837960	0.0915	0.00	0.2081	.	2	10341	9499	19626
Oba	12	23827619	23837960	0.0915	0.00	0.2081	.	2	10341	9499	19626
Oba	6	7120071	7142739	0.0987	0.00	0.2081	.	4	22668	8979	19781
Oba	12	8259860	8273108	0.0957	0.00	0.2080	.	2	13248	9503	19617
Oba	6	23032479	23042902	0.0915	0.00	0.2079	.	2	10423	9499	19622
Oba	6	23032479	23042902	0.0915	0.00	0.2079	.	2	10423	9499	19622
Oba	8	4294345	4292100	0.0915	0.00	0.2079	.	2	-2245	9499	19627
Oba	8	4294345	4292100	0.0915	0.00	0.2079	.	2	-2245	9499	19627
Oba	11	24420415	24419066	0.0900	0.00	0.2079	.	2	-1349	8979	19780
Oba	11	24420415	24419066	0.0900	0.00	0.2079	.	2	-1349	8979	19780
Oba	12	11837189	11831524	0.0945	0.00	0.2077	.	2	-5665	8979	19462
Oba	12	11837189	11831524	0.0945	0.00	0.2077	.	2	-5665	8979	19462
Oba	6	15931003	15927615	0.0953	0.00	0.2072	.	3	-3388	9499	19399
Oba	6	7120071	7306325	0.0987	0.00	0.2071	.	6	186254	8979	19781
Oba	6	16871642	16869948	0.0908	0.00	0.2071	.	2	-1694	9499	19562
Oba	3	30183823	30182155	0.0907	0.00	0.2069	.	2	-1668	9499	19561
Oba	3	30183823	30182155	0.0907	0.00	0.2069	.	2	-1668	9499	19561
Oba	4	11021473	11017713	0.0980	0.00	0.2066	.	8	-3760	8979	19781
Oba	1	15550851	15548795	0.0896	0.00	0.2065	.	2	-2056	9499	19562
Oba	1	15550851	15548795	0.0896	0.00	0.2065	.	2	-2056	9499	19562
Oba	11	4462949	4456793	0.0940	0.00	0.2064	.	3	-6156	8887	19393
Oba	11	4462949	4456793	0.0940	0.00	0.2064	.	3	-6156	8887	19393
Oba	1	17294635	17292349	0.0899	0.00	0.2063	.	2	-2286	9499	19481
Oba	1	17294635	17292349	0.0899	0.00	0.2063	.	2	-2286	9499	19481
Oba	2	31338680	31338686	0.0927	0.00	0.2062	.	2	6	42221	51187
Oba	2	31338680	31338686	0.0927	0.00	0.2062	.	2	6	42221	51187
Oba	5	15784193	15781735	0.0903	0.00	0.2061	.	2	-2458	9499	19625
Oba	5	15784193	15781735	0.0903	0.00	0.2061	.	2	-2458	9499	19625
Oba	4	11021473	11291411	0.0980	0.00	0.2061	.	5	269938	8979	19781
Oba	11	14228077	14238914	0.0977	0.00	0.2060	.	3	10837	8977	19647
Oba	11	5712544	5710354	0.0889	0.00	0.2057	.	2	-2190	9499	19398
Oba	11	5712544	5710354	0.0889	0.00	0.2057	.	2	-2190	9499	19398
Oba	11	22740512	22780908	0.0978	0.00	0.2055	.	5	40396	9499	19781
Oba	11	22740512	22780908	0.0978	0.00	0.2055	.	5	40396	9499	19781
Oba	12	13078719	13077501	0.0905	0.00	0.2055	.	2	-1218	9499	19536
Oba	1	18165629	18163402	0.0889	0.00	0.2053	.	2	-2227	9499	19665
Oba	1	18165629	18163402	0.0889	0.00	0.2053	.	2	-2227	9499	19665
Oba	7	16334792	16344426	0.0889	0.00	0.2053	.	3	9634	9499	19457
Oba	7	16334792	16344426	0.0889	0.00	0.2053	.	3	9634	9499	19457
Oba	9	5384238	5379481	0.0925	0.00	0.2052	.	2	-4757	9499	19710
Oba	7	7531614	7541297	0.0889	0.00	0.2051	.	2	9683	9499	19393
Oba	7	7531614	7541297	0.0889	0.00	0.2051	.	2	9683	9499	19393
Oba	1	34286547	34272834	0.0946	0.00	0.2050	.	2	-13713	8982	19379
Oba	1	34286547	34272834	0.0946	0.00	0.2050	.	2	-13713	8982	19379
Oba	7	19197747	19191099	0.0924	0.00	0.2041	.	2	-6648	9499	19704
Oba	7	15160722	15170211	0.0890	0.00	0.2039	.	2	9489	10185	19450
Oba	10	13139764	13147360	0.0949	0.00	0.2039	.	4	7596	9499	19704
Oba	10	13139764	13147360	0.0949	0.00	0.2039	.	4	7596	9499	19704
Oba	1	17022189	17018952	0.0919	0.00	0.2039	.	3	-3237	9499	19497
Oba	1	17022189	17018952	0.0919	0.00	0.2039	.	3	-3237	9499	19497
Oba	10	4840303	4834878	0.0919	0.00	0.2037	.	3	-5425	9499	19663
Oba	8	8929516	8982639	0.0925	0.00	0.2035	.	3	53123	9499	19709
Oba	8	8929516	8982639	0.0925	0.00	0.2035	.	3	53123	9499	19709
Oba	3	17747722	17756882	0.0938	0.00	0.2035	.	4	9160	8804	19456
Oba	8	16432192	16428030	0.0895	0.00	0.2034	.	3	-4162	9499	19450
Oba	3	15170982	15169309	0.0877	0.00	0.2032	.	2	-1673	9499	19396
Oba	6	7311070	7306325	0.0892	0.00	0.2026	.	2	-4745	9499	19780
Oba	12	9408691	9420987	0.0876	0.00	0.2025	.	3	12296	9499	19562
Oba	12	9408691	9420987	0.0876	0.00	0.2025	.	3	12296	9499	19562
Oba	3	14328655	14323704	0.0869	0.00	0.2022	.	3	-4951	8894	19778
Oba	3	14328655	14323704	0.0869	0.00	0.2022	.	3	-4951	8894	19778
Oba	7	17531937	17530774	0.0865	0.00	0.2022	.	2	-1163	9499	19780
Oba	4	2689324	2700124	0.0942	0.00	0.2021	.	3	10800	9280	19647
Oba	4	2689324	2700124	0.0942	0.00	0.2021	.	3	10800	9280	19647
Oba	3	17747722	17756882	0.0873	0.00	0.2021	.	3	9160	8804	19456
Oba	5	5996017	5990218	0.0880	0.00	0.2020	.	2	-5799	8982	19625
Oba	6	17248578	17366933	0.0933	0.00	0.2015	.	4	118355	9499	19780
Oba	6	16630790	16654616	0.0933	0.00	0.2014	.	5	23826	9499	19780
Oba	8	16268500	16428030	0.0895	0.00	0.2007	.	4	159530	9499	19450
Oba	12	13821386	13882060	0.0918	0.00	0.2007	.	5	60674	9499	19647
Oba	1	20188323	20201658	0.0919	0.00	0.2007	.	4	13335	9499	19663
Oba	1	20188323	20201658	0.0919	0.00	0.2007	.	4	13335	9499	19663
Oba	8	13870195	14140406	0.0918	0.00	0.2007	.	5	270211	9499	19647
Oba	12	13821386	13882060	0.0918	0.00	0.2004	.	7	60674	9499	19647
Oba	8	14202389	14174552	0.0918	0.00	0.2002	.	7	-27837	9499	19647
Oba	8	14202389	14174552	0.0918	0.00	0.2002	.	7	-27837	9499	19647
Oba	4	11294449	11291411	0.0852	0.00	0.2001	.	2	-3038	9499	19551
Oba	10	4840303	4834878	0.0919	0.00	0.2001	.	5	-5425	9499	19663
Oba	7	17665155	17665155	0.0859	0.00	0.1999	.	2	0	42221	51187
Oba	7	9906553	9976345	0.0898	0.00	0.1997	.	3	69792	9499	19537
Oba	2	28237047	28230498	0.0892	0.00	0.1997	.	3	-6549	9499	19540
Oba	2	28237047	28230498	0.0892	0.00	0.1997	.	3	-6549	9499	19540
Oba	10	6722033	6719706	0.0911	0.00	0.1994	.	3	-2327	9499	19780
Oba	10	6722033	6719706	0.0911	0.00	0.1994	.	3	-2327	9499	19780
Oba	10	9770604	9909337	0.0893	0.00	0.1994	.	3	138733	8974	19341
Oba	12	5824824	5822067	0.0832	0.00	0.1988	.	2	-2757	9499	18945
Oba	12	5824824	5822067	0.0832	0.00	0.1988	.	2	-2757	9499	18945
Oba	12	15497772	15563945	0.0867	0.00	0.1987	.	3	66173	8980	19457
Oba	12	15497772	15563945	0.0867	0.00	0.1987	.	3	66173	8980	19457
Oba	2	15665940	15660930	0.0838	0.00	0.1978	.	3	-5010	8973	19663
Oba	2	15665940	15660930	0.0838	0.00	0.1978	.	3	-5010	8973	19663
Oba	5	5996017	5990218	0.0880	0.00	0.1972	.	3	-5799	8982	19625
Oba	12	11532672	11530498	0.0820	0.00	0.1963	.	2	-2174	9499	18787
Oba	12	11532672	11530498	0.0820	0.00	0.1963	.	2	-2174	9499	18787
Oba	6	16630790	16654616	0.0846	0.00	0.1963	.	3	23826	9499	19780
Oba	3	15170982	15169309	0.0877	0.00	0.1958	.	3	-1673	9499	19396
Oba	2	10480489	10487957	0.0844	0.00	0.1952	.	2	7468	42745	51010
Oba	2	10480489	10487957	0.0844	0.00	0.1952	.	2	7468	42745	51010
Oba	5	5678178	5673964	0.0823	0.00	0.1947	.	3	-4214	9499	19781
Oba	8	7188482	7197201	0.0817	0.00	0.1944	.	2	8719	11389	19704
Oba	8	7188482	7197201	0.0817	0.00	0.1944	.	2	8719	11389	19704
Oba	1	19221278	19220520	0.0815	0.00	0.1937	.	2	-758	8909	19494
Oba	1	19221278	19220520	0.0815	0.00	0.1937	.	2	-758	8909	19494
Oba	6	23927950	23990365	0.0821	0.00	0.1928	.	3	62415	9908	19615
Oba	6	23927950	23990365	0.0821	0.00	0.1928	.	3	62415	9908	19615
Oba	8	17123217	17131019	0.0784	0.00	0.1924	.	2	7802	8887	19487
Oba	8	17123217	17131019	0.0784	0.00	0.1924	.	2	7802	8887	19487
Oba	5	5678178	5673964	0.0823	0.00	0.1922	.	4	-4214	9499	19781
Oba	5	8805346	8817553	0.0809	0.00	0.1922	.	2	12207	10467	19660
Oba	5	8805346	8817553	0.0809	0.00	0.1922	.	2	12207	10467	19660
Oba	12	19384837	19377461	0.0803	0.00	0.1920	.	3	-7376	9499	19297
Oba	12	19384837	19377461	0.0803	0.00	0.1920	.	3	-7376	9499	19297
Oba	2	14908906	14900428	0.0776	0.00	0.1919	.	4	-8478	9499	19647
Oba	2	14908906	14900428	0.0776	0.00	0.1919	.	4	-8478	9499	19647
Oba	10	9917965	9909337	0.0783	0.00	0.1910	.	2	-8628	8977	19341
Oba	5	9598384	9580307	0.0783	0.00	0.1894	.	2	-18077	9499	19663
Oba	5	9598384	9580307	0.0783	0.00	0.1894	.	2	-18077	9499	19663
Oba	4	11021473	11017713	0.0785	0.00	0.1890	.	7	-3760	8979	19779
Oba	2	29780317	29787929	0.0748	0.00	0.1886	.	2	7612	9499	19779
Oba	2	29780317	29787929	0.0748	0.00	0.1886	.	2	7612	9499	19779
Oba	4	22991194	22998859	0.0756	0.00	0.1884	.	2	7665	9499	19370
Oba	9	2830012	2877886	0.0783	0.00	0.1875	.	4	47874	9499	18460
Oba	9	2830012	2877886	0.0783	0.00	0.1875	.	4	47874	9499	18460
Oba	12	15899414	15897276	0.0718	0.00	0.1875	.	2	-2138	9499	19555
Oba	12	15899414	15897276	0.0718	0.00	0.1875	.	2	-2138	9499	19555
Oba	2	6228901	6245710	0.0728	0.00	0.1855	.	2	16809	9499	19780
Oba	2	6228901	6245710	0.0728	0.00	0.1855	.	2	16809	9499	19780
Oba	10	4291238	4347944	0.0759	0.00	0.1852	.	4	56706	9499	18466
Oba	10	4291238	4347944	0.0759	0.00	0.1852	.	4	56706	9499	18466
Oba	10	4291238	4347944	0.0759	0.00	0.1840	.	5	56706	9499	18466
Oba	10	6378411	6465428	0.0638	0.00	0.1820	.	3	87017	9499	23383
Oba	10	6378411	6465428	0.0638	0.00	0.1820	.	3	87017	9499	23383
Oba	6	20434870	20442750	0.0667	0.00	0.1809	.	2	7880	9499	19449
Oba	6	20434870	20442750	0.0667	0.00	0.1809	.	2	7880	9499	19449
Oba	7	21867040	21874788	0.0663	0.00	0.1791	.	2	7748	11553	19562
Oba	7	21867040	21874788	0.0663	0.00	0.1791	.	2	7748	11553	19562
Oba	9	10896114	10903549	0.0667	0.00	0.1791	.	2	7435	10107	17872
Oba	9	10896114	10903549	0.0667	0.00	0.1791	.	2	7435	10107	17872
Oba	5	13282350	13291265	0.0627	0.00	0.1786	.	3	8915	9499	19629
Oba	5	13282350	13291265	0.0627	0.00	0.1786	.	3	8915	9499	19629
Oba	5	13709432	13709006	0.0669	0.00	0.1781	.	2	-426	9499	19378
Oba	5	14327439	14333908	0.0647	0.00	0.1778	.	2	6469	9499	19485
Oba	5	14327439	14333908	0.0647	0.00	0.1778	.	2	6469	9499	19485
Oba	5	12850231	12860558	0.0615	0.00	0.1774	.	2	10327	9797	19663
Oba	5	12850231	12860558	0.0615	0.00	0.1774	.	2	10327	9797	19663
Oba	6	17248578	17245640	0.0616	0.00	0.1773	.	2	-2938	9499	19640
Oba	5	13709432	13709006	0.0669	0.00	0.1770	.	3	-426	9499	19378
Oba	1	9779635	9778118	0.0671	0.00	0.1766	.	2	-1517	9499	17426
Oba	1	9779635	9778118	0.0671	0.00	0.1766	.	2	-1517	9499	17426
Oba	6	18724090	18708010	0.0643	0.00	0.1755	.	4	-16080	9005	19342
Oba	6	18724090	18708010	0.0643	0.00	0.1755	.	4	-16080	9005	19342
Oba	9	7390414	7346328	0.0625	0.00	0.1754	.	4	-44086	9496	19562
Oba	9	7390414	7346328	0.0625	0.00	0.1754	.	4	-44086	9496	19562
Oba	9	7390414	7346328	0.0625	0.00	0.1754	.	4	-44086	9496	19562
Oba	3	21976356	21973836	0.0631	0.00	0.1753	.	2	-2520	9499	17842
Oba	3	21976356	21973836	0.0631	0.00	0.1753	.	2	-2520	9499	17842
Oba	5	7753107	7750282	0.0595	0.00	0.1745	.	2	-2825	9750	19663
Oba	5	7753107	7750282	0.0595	0.00	0.1745	.	2	-2825	9750	19663
Oba	8	16144750	16152234	0.0671	0.00	0.1734	.	3	7484	8886	16540
Oba	12	12568058	12554007	0.0639	0.00	0.1720	.	2	-14051	9499	17095
Oba	12	12568058	12554007	0.0639	0.00	0.1720	.	2	-14051	9499	17095
Oba	8	15574641	15582632	0.0572	0.00	0.1707	.	2	7991	9499	17588
Oba	8	15574641	15582632	0.0572	0.00	0.1707	.	2	7991	9499	17588
Oba	8	12938191	12937508	0.0605	0.00	0.1702	.	2	-683	42745	51073
Oba	8	12938191	12937508	0.0605	0.00	0.1702	.	2	-683	42745	51073
Oba	8	16144750	16152234	0.0627	0.00	0.1695	.	3	7484	8886	16540
Oba	3	14651553	14651559	0.0541	0.00	0.1651	.	2	6	42221	51187
Oba	3	14651553	14651559	0.0541	0.00	0.1651	.	2	6	42221	51187
Oba	1	10080169	10092031	0.0537	0.00	0.1643	.	2	11862	11598	19702
Oba	1	10080169	10092031	0.0537	0.00	0.1643	.	2	11862	11598	19702
Oba	3	29458297	29462865	0.0517	0.00	0.1608	.	3	4568	43872	51187
Oba	3	29458297	29462865	0.0517	0.00	0.1608	.	3	4568	43872	51187
Oba	12	21096433	21096416	0.0390	0.00	0.1528	.	2	-17	9499	19562
Oba	12	21096433	21096416	0.0390	0.00	0.1528	.	2	-17	9499	19562
Oba	10	9770604	9532747	0.0499	0.00	0.1524	.	2	-237857	8974	13377
Oba	2	12788431	12791766	0.0380	0.00	0.1500	.	2	3335	42221	51194
Oba	2	12788431	12791766	0.0380	0.00	0.1500	.	2	3335	42221	51194
Oba	4	9892780	9896605	0.0423	0.00	0.1478	.	2	3825	9499	13228
Oba	4	9892780	9896605	0.0423	0.00	0.1478	.	2	3825	9499	13228
Oba	7	12572983	12576673	0.0417	0.00	0.1476	.	2	3690	9499	13256
Oba	7	12572983	12576673	0.0417	0.00	0.1476	.	2	3690	9499	13256
Oba	11	14788976	14897084	0.0440	0.00	0.1474	.	3	108108	9499	13377
Oba	12	22302274	22511330	0.0444	0.00	0.1466	.	3	209056	9499	13412
Oba	10	5091728	4955600	0.0440	0.00	0.1457	.	3	-136128	9499	13377
Oba	11	9306632	9391458	0.0427	0.00	0.1455	.	3	84826	9499	13267
Oba	11	9162792	9391458	0.0427	0.00	0.1451	.	4	228666	9496	13267
Oba	10	12774083	12828866	0.0422	0.00	0.1443	.	2	54783	9499	13225
Oba	3	24985841	24995052	0.0422	0.00	0.1433	.	2	9211	9499	13225
Oba	3	24985841	24995052	0.0422	0.00	0.1433	.	2	9211	9499	13225
Oba	11	14893775	14897084	0.0373	0.00	0.1428	.	2	3309	9928	13267
Oba	12	12301476	12358674	0.0444	0.00	0.1424	.	2	57198	9499	13412
Oba	12	12301476	12358674	0.0444	0.00	0.1424	.	2	57198	9499	13412
Oba	12	22302274	22350979	0.0400	0.00	0.1420	.	2	48705	9499	13030
Oba	1	12101056	12097912	0.0392	0.00	0.1416	.	2	-3144	9503	12957
Oba	1	12101056	12097912	0.0392	0.00	0.1416	.	2	-3144	9503	12957
Oba	12	14109570	14053695	0.0426	0.00	0.1412	.	2	-55875	9499	13256
Oba	1	10629061	10555070	0.0400	0.00	0.1406	.	2	-73991	9499	13030
Oba	1	10629061	10555070	0.0400	0.00	0.1406	.	2	-73991	9499	13030
Oba	9	6180499	6180502	0.0353	0.00	0.1371	.	3	3	9499	12610
Oba	9	6180499	6180502	0.0353	0.00	0.1371	.	3	3	9499	12610
Oba	8	8006952	8015628	0.0321	0.00	0.1340	.	2	8676	9694	12526
Oba	8	8006952	8015628	0.0321	0.00	0.1340	.	2	8676	9694	12526
Oba	11	24834538	24729350	0.0254	0.00	0.1266	.	2	-105188	21145	23383
Oba	1	14054627	14056158	0.0174	0.00	0.1182	.	2	1531	78893	80424
Oba	8	11443925	11446581	0.0171	0.00	0.0990	.	2	2656	72714	74944
Oba	7	3164273	3163703	0.0157	0.00	0.0837	.	3	-570	28594	30346
Oba	7	3164273	3163703	0.0157	0.00	0.0837	.	3	-570	28594	30346
Oglu	8	2479952	2540690	0.5934	0.00	0.7977	.	15	60738	1	88249
Oglu	12	15082732	15268187	0.1740	0.00	0.3273	.	6	185455	9499	50659
Oglu	12	15192583	15268187	0.1486	0.00	0.3052	.	4	75604	9499	50659
Oglu	8	23250145	23103998	0.1406	0.00	0.2974	.	2	-146147	9499	51174
Oglu	3	19305474	19120595	0.0669	0.00	0.2798	.	2	-184879	8974	79929
Oglu	8	15286265	15323248	0.0643	0.00	0.2757	.	3	36983	10658	80000
Oglu	8	15286265	15323248	0.0643	0.00	0.2757	.	3	36983	10658	80000
Oglu	6	8569201	8499678	0.0907	0.00	0.2533	.	3	-69523	9499	51187
Oglu	6	8569201	8499678	0.0907	0.00	0.2533	.	3	-69523	9499	51187
Oglu	2	18767457	18715760	0.0965	0.00	0.2266	.	3	-51697	9499	30340
Oglu	2	18767457	18715760	0.0965	0.00	0.2266	.	3	-51697	9499	30340
Oglu	7	16242512	16253561	0.1040	0.00	0.2210	.	3	11049	8973	19562
Oglu	7	16242512	16253561	0.1040	0.00	0.2210	.	3	11049	8973	19562
Oglu	4	2379153	2374522	0.1038	0.00	0.2175	.	3	-4631	8913	19663
Oglu	4	2379153	2374522	0.1038	0.00	0.2175	.	3	-4631	8913	19663
Oglu	2	18982493	18992771	0.0984	0.00	0.2158	.	2	10278	8973	19360
Oglu	2	18982493	18992771	0.0984	0.00	0.2158	.	2	10278	8973	19360
Oglu	6	2816399	2813952	0.0961	0.00	0.2137	.	2	-2447	8977	19506
Oglu	6	2816399	2813952	0.0961	0.00	0.2137	.	2	-2447	8977	19506
Oglu	2	35225455	35223106	0.0963	0.00	0.2136	.	2	-2349	8974	19562
Oglu	2	35225455	35223106	0.0963	0.00	0.2136	.	2	-2349	8974	19562
Oglu	6	27558100	27583348	0.1017	0.00	0.2136	.	3	25248	8977	19645
Oglu	6	27558100	27583348	0.1017	0.00	0.2136	.	3	25248	8977	19645
Oglu	8	8533673	8532709	0.0994	0.00	0.2132	.	2	-964	9499	19450
Oglu	11	26811381	26809540	0.0965	0.00	0.2131	.	2	-1841	9499	19780
Oglu	11	26811381	26809540	0.0965	0.00	0.2131	.	2	-1841	9499	19780
Oglu	11	9132251	8842593	0.1046	0.00	0.2129	.	7	-289658	9002	19663
Oglu	3	15794679	15792758	0.0963	0.00	0.2126	.	2	-1921	9016	19562
Oglu	3	15794679	15792758	0.0963	0.00	0.2126	.	2	-1921	9016	19562
Oglu	9	10831617	11004150	0.0975	0.00	0.2123	.	4	172533	8974	23383
Oglu	7	4968414	4978549	0.0945	0.00	0.2116	.	2	10135	9499	19647
Oglu	7	4968414	4978549	0.0945	0.00	0.2116	.	2	10135	9499	19647
Oglu	2	10407061	10417278	0.0951	0.00	0.2114	.	2	10217	9499	19499
Oglu	2	10407061	10417278	0.0951	0.00	0.2114	.	2	10217	9499	19499
Oglu	11	18811910	18822266	0.0948	0.00	0.2112	.	2	10356	9496	19564
Oglu	11	18811910	18822266	0.0948	0.00	0.2112	.	2	10356	9496	19564
Oglu	6	23776319	23786121	0.0947	0.00	0.2111	.	2	9802	9499	19503
Oglu	6	23776319	23786121	0.0947	0.00	0.2111	.	2	9802	9499	19503
Oglu	2	29527672	29525924	0.0948	0.00	0.2109	.	2	-1748	9499	19517
Oglu	7	7754937	7764508	0.0943	0.00	0.2103	.	3	9571	9499	19561
Oglu	7	7754937	7764508	0.0943	0.00	0.2103	.	3	9571	9499	19561
Oglu	10	2269811	2280247	0.0933	0.00	0.2102	.	2	10436	9499	19780
Oglu	10	2269811	2280247	0.0933	0.00	0.2102	.	2	10436	9499	19780
Oglu	12	15861511	15871684	0.0931	0.00	0.2102	.	2	10173	9499	19663
Oglu	12	15861511	15871684	0.0931	0.00	0.2102	.	2	10173	9499	19663
Oglu	9	12123184	12121225	0.0933	0.00	0.2102	.	2	-1959	9499	19782
Oglu	9	12123184	12121225	0.0933	0.00	0.2102	.	2	-1959	9499	19782
Oglu	1	20485059	20483360	0.0944	0.00	0.2102	.	2	-1699	9499	19439
Oglu	1	20485059	20483360	0.0944	0.00	0.2102	.	2	-1699	9499	19439
Oglu	4	19838795	19836791	0.0933	0.00	0.2100	.	2	-2004	9499	19780
Oglu	10	21313982	21323767	0.0936	0.00	0.2100	.	2	9785	9499	19457
Oglu	10	21313982	21323767	0.0936	0.00	0.2100	.	2	9785	9499	19457
Oglu	11	7346229	7344038	0.0933	0.00	0.2096	.	2	-2191	9499	19781
Oglu	11	7346229	7344038	0.0933	0.00	0.2096	.	2	-2191	9499	19781
Oglu	1	21572776	21571225	0.0923	0.00	0.2092	.	2	-1551	9499	19456
Oglu	1	21572776	21571225	0.0923	0.00	0.2092	.	2	-1551	9499	19456
Oglu	9	9292918	9302806	0.0920	0.00	0.2084	.	2	9888	9499	19666
Oglu	10	6321422	6317634	0.0948	0.00	0.2083	.	3	-3788	9499	19564
Oglu	10	6321422	6317634	0.0948	0.00	0.2083	.	3	-3788	9499	19564
Oglu	11	24467734	24478254	0.0918	0.00	0.2083	.	3	10520	9499	19647
Oglu	11	24467734	24478254	0.0918	0.00	0.2083	.	3	10520	9499	19647
Oglu	9	3634743	3632547	0.0918	0.00	0.2082	.	2	-2196	9499	19647
Oglu	10	11137629	10866135	0.0997	0.00	0.2082	.	4	-271494	8931	19780
Oglu	5	15258691	15268930	0.0908	0.00	0.2075	.	2	10239	9499	19564
Oglu	5	15258691	15268930	0.0908	0.00	0.2075	.	2	10239	9499	19564
Oglu	4	32731847	32729722	0.0908	0.00	0.2074	.	2	-2125	9499	19562
Oglu	4	32731847	32729722	0.0908	0.00	0.2074	.	2	-2125	9499	19562
Oglu	8	17246098	17255978	0.0908	0.00	0.2074	.	2	9880	9499	19562
Oglu	3	27626351	27624208	0.0906	0.00	0.2073	.	2	-2143	9499	19399
Oglu	3	27626351	27624208	0.0906	0.00	0.2073	.	2	-2143	9499	19399
Oglu	11	8807043	8842593	0.0990	0.00	0.2073	.	5	35550	9499	19663
Oglu	11	8807043	8842593	0.0990	0.00	0.2073	.	5	35550	9499	19663
Oglu	11	5620450	5618287	0.0908	0.00	0.2073	.	2	-2163	9499	19562
Oglu	11	5620450	5618287	0.0908	0.00	0.2073	.	2	-2163	9499	19562
Oglu	6	7124348	7121916	0.0908	0.00	0.2068	.	2	-2432	9499	19561
Oglu	8	8533673	8532709	0.0994	0.00	0.2067	.	4	-964	9499	19450
Oglu	4	2752073	2749605	0.0908	0.00	0.2066	.	2	-2468	9499	19559
Oglu	4	2752073	2749605	0.0908	0.00	0.2066	.	2	-2468	9499	19559
Oglu	6	19228674	19227120	0.0908	0.00	0.2066	.	2	-1554	9499	19561
Oglu	6	19228674	19227120	0.0908	0.00	0.2066	.	2	-1554	9499	19561
Oglu	12	17839821	17850490	0.0902	0.00	0.2064	.	2	10669	9499	19704
Oglu	12	17839821	17850490	0.0902	0.00	0.2064	.	2	10669	9499	19704
Oglu	11	8228669	8226110	0.0905	0.00	0.2063	.	2	-2559	9499	19536
Oglu	11	8228669	8226110	0.0905	0.00	0.2063	.	2	-2559	9499	19536
Oglu	4	12174370	12168028	0.0893	0.00	0.2061	.	4	-6342	9011	19457
Oglu	4	12174370	12168028	0.0893	0.00	0.2061	.	4	-6342	9011	19457
Oglu	1	9017346	9015100	0.0896	0.00	0.2059	.	2	-2246	9499	19663
Oglu	1	9017346	9015100	0.0896	0.00	0.2059	.	2	-2246	9499	19663
Oglu	6	9004295	9002471	0.0890	0.00	0.2059	.	2	-1824	9499	19565
Oglu	3	33984608	33979512	0.0932	0.00	0.2058	.	2	-5096	9499	19780
Oglu	3	33984608	33979512	0.0932	0.00	0.2058	.	2	-5096	9499	19780
Oglu	7	18456027	18454085	0.0894	0.00	0.2058	.	2	-1942	9499	19435
Oglu	2	5566827	5580618	0.0932	0.00	0.2055	.	3	13791	9499	19774
Oglu	2	5566827	5580618	0.0932	0.00	0.2055	.	3	13791	9499	19774
Oglu	12	18386120	18396491	0.0896	0.00	0.2055	.	2	10371	9499	19494
Oglu	9	8692512	8690750	0.0886	0.00	0.2048	.	2	-1762	9499	19435
Oglu	12	19923049	19920739	0.0882	0.00	0.2047	.	2	-2310	9499	19780
Oglu	7	14485213	14495361	0.0944	0.00	0.2042	.	4	10148	9499	19536
Oglu	7	14485213	14495361	0.0944	0.00	0.2042	.	4	10148	9499	19536
Oglu	11	5945623	5943458	0.0876	0.00	0.2038	.	2	-2165	9499	19425
Oglu	11	5945623	5943458	0.0876	0.00	0.2038	.	2	-2165	9499	19425
Oglu	7	8975593	8994527	0.0928	0.00	0.2034	.	2	18934	9499	19781
Oglu	7	8975593	8994527	0.0928	0.00	0.2034	.	2	18934	9499	19781
Oglu	2	2784585	2794212	0.0874	0.00	0.2034	.	2	9627	9499	19509
Oglu	9	11302525	11298056	0.0904	0.00	0.2031	.	3	-4469	9499	19562
Oglu	9	11302525	11298056	0.0904	0.00	0.2031	.	3	-4469	9499	19562
Oglu	9	9143639	9302806	0.0920	0.00	0.2029	.	3	159167	9499	19666
Oglu	2	6476376	6572313	0.0924	0.00	0.2028	.	4	95937	9499	19562
Oglu	9	3558579	3632547	0.0918	0.00	0.2027	.	3	73968	9499	19647
Oglu	10	10903891	10866135	0.0933	0.00	0.2021	.	2	-37756	9499	19780
Oglu	2	15313679	15493715	0.0928	0.00	0.2021	.	3	180036	9002	19462
Oglu	7	10248029	10256473	0.0933	0.00	0.2020	.	9	8444	9499	19782
Oglu	7	17375076	17385814	0.0863	0.00	0.2020	.	4	10738	9499	19435
Oglu	7	17375076	17385814	0.0863	0.00	0.2020	.	4	10738	9499	19435
Oglu	5	15749401	15748152	0.0881	0.00	0.2020	.	2	-1249	9499	19553
Oglu	5	15749401	15748152	0.0881	0.00	0.2020	.	2	-1249	9499	19553
Oglu	4	1435654	1496328	0.0908	0.00	0.2018	.	3	60674	9499	19562
Oglu	6	21514031	21527216	0.0925	0.00	0.2015	.	5	13185	9499	19536
Oglu	6	21514031	21527216	0.0925	0.00	0.2015	.	5	13185	9499	19536
Oglu	12	19923049	19920739	0.0933	0.00	0.2014	.	3	-2310	9499	19780
Oglu	7	10248029	10256473	0.0927	0.00	0.2014	.	5	8444	9499	19782
Oglu	4	4518851	4540768	0.0900	0.00	0.2013	.	3	21917	9499	19393
Oglu	12	14632054	14625347	0.0897	0.00	0.2008	.	3	-6707	9499	19780
Oglu	12	14632054	14625347	0.0897	0.00	0.2008	.	3	-6707	9499	19780
Oglu	6	25240192	25248694	0.0871	0.00	0.2008	.	2	8502	9499	19780
Oglu	6	25240192	25248694	0.0871	0.00	0.2008	.	2	8502	9499	19780
Oglu	10	5025168	5186970	0.0905	0.00	0.2003	.	4	161802	9499	19436
Oglu	5	10344460	10368695	0.0889	0.00	0.2001	.	3	24235	9499	19503
Oglu	5	10344460	10368695	0.0889	0.00	0.2001	.	3	24235	9499	19503
Oglu	6	21966726	21966420	0.0873	0.00	0.2000	.	2	-306	9499	19477
Oglu	6	21966726	21966420	0.0873	0.00	0.2000	.	2	-306	9499	19477
Oglu	9	7248165	7256429	0.0909	0.00	0.1999	.	3	8264	9499	19626
Oglu	12	7845306	7791941	0.0889	0.00	0.1998	.	3	-53365	8982	19126
Oglu	4	4518851	4540768	0.0900	0.00	0.1996	.	4	21917	9499	19393
Oglu	12	13767295	13763896	0.0839	0.00	0.1995	.	2	-3399	9499	19399
Oglu	12	13767295	13763896	0.0839	0.00	0.1995	.	2	-3399	9499	19399
Oglu	10	5197428	5186970	0.0884	0.00	0.1994	.	3	-10458	9689	19436
Oglu	9	8692512	8835658	0.0913	0.00	0.1993	.	6	143146	9499	19562
Oglu	12	11137580	11152867	0.0874	0.00	0.1991	.	2	15287	9499	19551
Oglu	12	11137580	11152867	0.0874	0.00	0.1991	.	2	15287	9499	19551
Oglu	9	7248165	7256429	0.0909	0.00	0.1990	.	4	8264	9499	19626
Oglu	2	23392420	23402824	0.0827	0.00	0.1989	.	2	10404	9499	19561
Oglu	2	23392420	23402824	0.0827	0.00	0.1989	.	2	10404	9499	19561
Oglu	9	8795627	9002233	0.0908	0.00	0.1988	.	6	206606	9499	19562
Oglu	12	7845306	7791941	0.0889	0.00	0.1988	.	4	-53365	8982	19126
Oglu	2	15700506	15493715	0.0887	0.00	0.1987	.	3	-206791	8806	19462
Oglu	8	16024505	16022573	0.0906	0.00	0.1986	.	3	-1932	9499	19647
Oglu	8	16024505	16022573	0.0906	0.00	0.1986	.	3	-1932	9499	19647
Oglu	11	4870158	4892843	0.0879	0.00	0.1982	.	2	22685	9499	19660
Oglu	3	16599608	16583505	0.0885	0.00	0.1982	.	2	-16103	9499	19467
Oglu	3	16599608	16583505	0.0885	0.00	0.1982	.	2	-16103	9499	19467
Oglu	6	9004295	9002471	0.0901	0.00	0.1981	.	3	-1824	9499	19565
Oglu	1	15775709	15748930	0.0901	0.00	0.1981	.	5	-26779	9499	19559
Oglu	1	15775709	15748930	0.0901	0.00	0.1981	.	5	-26779	9499	19559
Oglu	12	18386120	18396491	0.0896	0.00	0.1976	.	3	10371	9499	19494
Oglu	6	20623265	20589310	0.0875	0.00	0.1970	.	3	-33955	9499	19503
Oglu	6	20623265	20589310	0.0875	0.00	0.1970	.	3	-33955	9499	19503
Oglu	2	10800635	10808086	0.0844	0.00	0.1951	.	2	7451	42745	51010
Oglu	2	10800635	10808086	0.0844	0.00	0.1951	.	2	7451	42745	51010
Oglu	9	8251187	8233094	0.0839	0.00	0.1946	.	2	-18093	9499	19780
Oglu	9	9005191	9002233	0.0855	0.00	0.1940	.	3	-2958	9499	19562
Oglu	12	18813942	18811453	0.0795	0.00	0.1936	.	2	-2489	9499	18602
Oglu	12	18813942	18811453	0.0795	0.00	0.1936	.	2	-2489	9499	18602
Oglu	12	13373208	13370678	0.0811	0.00	0.1936	.	2	-2530	10442	19647
Oglu	12	13373208	13370678	0.0811	0.00	0.1936	.	2	-2530	10442	19647
Oglu	4	14584114	14607935	0.0837	0.00	0.1929	.	2	23821	9499	18977
Oglu	4	14584114	14607935	0.0837	0.00	0.1929	.	2	23821	9499	18977
Oglu	11	16307070	16336998	0.0839	0.00	0.1928	.	2	29928	9499	19017
Oglu	11	16307070	16336998	0.0839	0.00	0.1928	.	2	29928	9499	19017
Oglu	7	10499697	10509256	0.0756	0.00	0.1920	.	4	9559	9499	19529
Oglu	1	568195	562776	0.0810	0.00	0.1910	.	3	-5419	42745	51010
Oglu	1	1357440	1393297	0.0789	0.00	0.1909	.	3	35857	9499	19562
Oglu	1	1357440	1393297	0.0789	0.00	0.1909	.	3	35857	9499	19562
Oglu	8	20164333	20171906	0.0776	0.00	0.1907	.	2	7573	8974	19461
Oglu	4	24801995	24809641	0.0756	0.00	0.1883	.	2	7646	9499	19370
Oglu	4	24801995	24809641	0.0756	0.00	0.1883	.	2	7646	9499	19370
Oglu	8	20164333	20171906	0.0781	0.00	0.1881	.	3	7573	8974	19461
Oglu	9	10831617	11004150	0.0703	0.00	0.1878	.	3	172533	8974	23383
Oglu	11	22793264	22792641	0.0737	0.00	0.1876	.	2	-623	9499	19398
Oglu	11	22793264	22792641	0.0737	0.00	0.1876	.	2	-623	9499	19398
Oglu	11	28123829	28104048	0.0709	0.00	0.1868	.	2	-19781	8973	23383
Oglu	11	28123829	28104048	0.0709	0.00	0.1868	.	2	-19781	8973	23383
Oglu	5	10827940	10825264	0.0731	0.00	0.1861	.	2	-2676	9499	18891
Oglu	5	10827940	10825264	0.0731	0.00	0.1861	.	2	-2676	9499	18891
Oglu	9	12898137	12906171	0.0718	0.00	0.1851	.	2	8034	9902	17842
Oglu	9	12898137	12906171	0.0718	0.00	0.1851	.	2	8034	9902	17842
Oglu	6	12415864	12406831	0.0729	0.00	0.1846	.	2	-9033	9499	19425
Oglu	6	23431038	23439214	0.0687	0.00	0.1832	.	2	8176	9499	19626
Oglu	6	23431038	23439214	0.0687	0.00	0.1832	.	2	8176	9499	19626
Oglu	11	9132251	9116370	0.0691	0.00	0.1815	.	2	-15881	9002	19541
Oglu	12	15082732	15080197	0.0678	0.00	0.1806	.	2	-2535	9499	18871
Oglu	8	9286495	9283283	0.0647	0.00	0.1797	.	2	-3212	9499	19093
Oglu	8	9286495	9283283	0.0647	0.00	0.1797	.	2	-3212	9499	19093
Oglu	2	6548971	6572313	0.0661	0.00	0.1790	.	3	23342	9914	19562
Oglu	1	11371612	11369301	0.0664	0.00	0.1789	.	2	-2311	10732	19647
Oglu	1	11371612	11369301	0.0664	0.00	0.1789	.	2	-2311	10732	19647
Oglu	4	10440374	10443852	0.0664	0.00	0.1777	.	5	3478	9028	19433
Oglu	4	10440374	10443852	0.0664	0.00	0.1777	.	5	3478	9028	19433
Oglu	2	31096937	31104100	0.0623	0.00	0.1761	.	2	7163	9499	19399
Oglu	2	31096937	31104100	0.0623	0.00	0.1761	.	2	7163	9499	19399
Oglu	9	15171288	15166660	0.0662	0.00	0.1756	.	3	-4628	11887	19781
Oglu	9	15171288	15166660	0.0662	0.00	0.1756	.	3	-4628	11887	19781
Oglu	7	6647825	6686765	0.0614	0.00	0.1741	.	3	38940	9499	19537
Oglu	8	14470756	14470519	0.0648	0.00	0.1732	.	2	-237	42745	50794
Oglu	7	20684767	20690324	0.0625	0.00	0.1728	.	2	5557	42221	50849
Oglu	7	20684767	20690324	0.0625	0.00	0.1728	.	2	5557	42221	50849
Oglu	4	10562817	10591826	0.0611	0.00	0.1725	.	3	29009	9499	19433
Oglu	7	6647825	6686765	0.0614	0.00	0.1724	.	4	38940	9499	19537
Oglu	7	6647825	6686765	0.0614	0.00	0.1724	.	4	38940	9499	19537
Oglu	11	16947729	17165787	0.0628	0.00	0.1723	.	2	218058	9928	19228
Oglu	2	15508682	15493715	0.0598	0.00	0.1719	.	2	-14967	9499	19462
Oglu	2	21080624	21086044	0.0640	0.00	0.1717	.	3	5420	11306	19647
Oglu	1	15775709	15836441	0.0639	0.00	0.1706	.	4	60732	9499	17248
Oglu	7	7345250	7350414	0.0584	0.00	0.1706	.	2	5164	9499	19562
Oglu	7	7345250	7350414	0.0584	0.00	0.1706	.	2	5164	9499	19562
Oglu	7	23821393	23832973	0.0593	0.00	0.1691	.	2	11580	11558	19561
Oglu	7	23821393	23832973	0.0593	0.00	0.1691	.	2	11580	11558	19561
Oglu	2	21080624	21086044	0.0586	0.00	0.1685	.	2	5420	11306	19647
Oglu	8	17522069	17530609	0.0542	0.00	0.1680	.	2	8540	11137	19491
Oglu	8	17522069	17530609	0.0542	0.00	0.1680	.	2	8540	11137	19491
Oglu	4	16389565	16370430	0.0576	0.00	0.1679	.	3	-19135	11417	19663
Oglu	4	16389565	16370430	0.0576	0.00	0.1679	.	3	-19135	11417	19663
Oglu	12	9957330	9955712	0.0585	0.00	0.1678	.	2	-1618	9499	17142
Oglu	12	9957330	9955712	0.0585	0.00	0.1678	.	2	-1618	9499	17142
Oglu	1	13915778	13913238	0.0568	0.00	0.1655	.	2	-2540	9499	16563
Oglu	1	13915778	13913238	0.0568	0.00	0.1655	.	2	-2540	9499	16563
Oglu	5	9216284	9215898	0.0592	0.00	0.1652	.	2	-386	45378	50988
Oglu	5	9216284	9215898	0.0592	0.00	0.1652	.	2	-386	45378	50988
Oglu	11	18038412	18024358	0.0578	0.00	0.1646	.	3	-14054	9508	16914
Oglu	5	20035431	20030243	0.0498	0.00	0.1616	.	3	-5188	9499	17374
Oglu	5	20035431	20030243	0.0498	0.00	0.1616	.	3	-5188	9499	17374
Oglu	11	9927717	9924246	0.0451	0.00	0.1591	.	2	-3471	9499	19391
Oglu	11	9927717	9924246	0.0451	0.00	0.1591	.	2	-3471	9499	19391
Oglu	8	7352528	7382467	0.0394	0.00	0.1590	.	2	29939	9499	23383
Oglu	8	7352528	7382467	0.0394	0.00	0.1590	.	2	29939	9499	23383
Oglu	10	11137629	11142165	0.0504	0.00	0.1573	.	2	4536	8931	13377
Oglu	1	4459304	4463692	0.0435	0.00	0.1569	.	2	4388	9499	19462
Oglu	1	4459304	4463692	0.0435	0.00	0.1569	.	2	4388	9499	19462
Oglu	7	13400988	13405186	0.0476	0.00	0.1544	.	2	4198	8979	13256
Oglu	7	13400988	13405186	0.0476	0.00	0.1544	.	2	4198	8979	13256
Oglu	10	1279453	1209390	0.0515	0.00	0.1544	.	3	-70063	8929	13473
Oglu	4	11373422	11466436	0.0515	0.00	0.1541	.	3	93014	8980	13523
Oglu	4	11373422	11466436	0.0515	0.00	0.1541	.	3	93014	8980	13523
Oglu	3	28403652	28401250	0.0505	0.00	0.1526	.	3	-2402	8974	13426
Oglu	12	23472150	23472131	0.0375	0.00	0.1512	.	2	-19	9499	19433
Oglu	12	23472150	23472131	0.0375	0.00	0.1512	.	2	-19	9499	19433
Oglu	6	27260628	27260597	0.0447	0.00	0.1512	.	2	-31	9499	13503
Oglu	6	27260628	27260597	0.0447	0.00	0.1512	.	2	-31	9499	13503
Oglu	3	28403652	28401250	0.0482	0.00	0.1506	.	2	-2402	8974	13225
Oglu	1	17693908	17697647	0.0421	0.00	0.1482	.	2	3739	9499	13245
Oglu	10	1202253	1209390	0.0450	0.00	0.1479	.	2	7137	9499	13473
Oglu	4	3401115	3540227	0.0481	0.00	0.1472	.	2	139112	8979	13224
Oglu	2	9250161	9265837	0.0451	0.00	0.1465	.	3	15676	9499	13476
Oglu	12	16800516	16804120	0.0405	0.00	0.1461	.	2	3604	9499	13256
Oglu	12	16800516	16804120	0.0405	0.00	0.1461	.	2	3604	9499	13256
Oglu	2	14735871	14742810	0.0426	0.00	0.1454	.	2	6939	9499	13256
Oglu	2	14735871	14742810	0.0426	0.00	0.1454	.	2	6939	9499	13256
Oglu	6	904526	904590	0.0408	0.00	0.1448	.	2	64	15947	19550
Oglu	6	904526	904590	0.0408	0.00	0.1448	.	2	64	15947	19550
Oglu	1	17693908	17697647	0.0423	0.00	0.1444	.	3	3739	9499	13257
Oglu	9	4896182	4896183	0.0397	0.00	0.1435	.	2	1	9499	13030
Oglu	9	4896182	4896183	0.0397	0.00	0.1435	.	2	1	9499	13030
Oglu	11	18038412	18024358	0.0324	0.00	0.1425	.	2	-14054	9508	16914
Oglu	2	9250161	9265837	0.0400	0.00	0.1423	.	2	15676	9499	13030
Oglu	1	12301009	12226887	0.0401	0.00	0.1421	.	2	-74122	9499	13033
Oglu	1	12301009	12226887	0.0401	0.00	0.1421	.	2	-74122	9499	13033
Oglu	2	17028283	17082428	0.0400	0.00	0.1416	.	2	54145	9499	13030
Oglu	2	17028283	17082428	0.0400	0.00	0.1416	.	2	54145	9499	13030
Oglu	4	11853181	11880571	0.0423	0.00	0.1413	.	2	27390	9499	13228
Oglu	4	11853181	11880571	0.0423	0.00	0.1413	.	2	27390	9499	13228
Oglu	10	8987764	8875118	0.0386	0.00	0.1405	.	2	-112646	8978	12381
Oglu	10	5025168	4923185	0.0400	0.00	0.1397	.	2	-101983	9499	13030
Oglu	8	8721226	8730540	0.0321	0.00	0.1340	.	2	9314	9694	12526
Opu	8	2519712	2545127	0.1779	0.00	0.3510	.	18	25415	35619	88249
Opu	6	10164753	9978561	0.0415	0.00	0.1919	.	2	-186192	48683	80786
Opu	9	18535282	18516673	0.0282	0.00	0.1297	.	2	-18609	47960	50452
Opu	9	18535282	18516673	0.0282	0.00	0.1297	.	2	-18609	47960	50452
Opu	2	32289372	32169183	0.0271	0.00	0.1284	.	2	-120189	48063	50452
Oni	8	2581056	2673429	0.7035	0.00	0.9075	.	24	92373	1	88249
Oni	8	2581056	2673429	0.7035	0.00	0.9075	.	24	92373	1	88249
Oni	11	29628884	29567968	0.2469	0.00	0.4008	.	6	-60916	8887	51187
Oni	11	29628884	29567968	0.2469	0.00	0.4008	.	6	-60916	8887	51187
Oni	11	29628884	29567968	0.2469	0.00	0.3985	.	7	-60916	8887	51187
Oni	11	4845504	4826247	0.2251	0.00	0.3804	.	4	-19257	8887	51187
Oni	11	4845504	4826247	0.2251	0.00	0.3804	.	4	-19257	8887	51187
Oni	12	2777626	2949583	0.2212	0.00	0.3740	.	8	171957	8887	51187
Oni	3	14945261	15130922	0.2180	0.00	0.3713	.	3	185661	8887	51187
Oni	8	26753020	26784341	0.2097	0.00	0.3640	.	7	31321	9074	51187
Oni	1	14166810	14422864	0.2085	0.00	0.3619	.	6	256054	8974	51187
Oni	12	4354796	4317429	0.2028	0.00	0.3566	.	3	-37367	8887	51010
Oni	12	4354796	4317429	0.2028	0.00	0.3566	.	3	-37367	8887	51010
Oni	12	18376262	18425392	0.1994	0.00	0.3558	.	8	49130	8887	51010
Oni	1	10237691	10325179	0.2048	0.00	0.3556	.	5	87488	8887	51010
Oni	1	10237691	10325179	0.2048	0.00	0.3556	.	5	87488	8887	51010
Oni	12	18376262	18425392	0.1928	0.00	0.3534	.	7	49130	8887	51010
Oni	12	18376262	18425392	0.1928	0.00	0.3534	.	7	49130	8887	51010
Oni	12	2777626	2814634	0.1956	0.00	0.3507	.	7	37008	8887	51010
Oni	12	2777626	2814634	0.1956	0.00	0.3499	.	6	37008	8887	51010
Oni	8	26753020	26784341	0.1851	0.00	0.3483	.	5	31321	9074	51010
Oni	3	22922755	22807644	0.1900	0.00	0.3480	.	8	-115111	8887	51010
Oni	4	679972	565714	0.1388	0.00	0.3477	.	6	-114258	8886	80253
Oni	4	679972	565714	0.1388	0.00	0.3477	.	6	-114258	8886	80253
Oni	10	13101985	13039601	0.1876	0.00	0.3474	.	5	-62384	8887	51010
Oni	10	13101985	13039601	0.1876	0.00	0.3474	.	5	-62384	8887	51010
Oni	10	13101985	13039601	0.1876	0.00	0.3474	.	5	-62384	8887	51010
Oni	4	16224490	16084288	0.1876	0.00	0.3470	.	7	-140202	8886	51010
Oni	4	16224490	16084288	0.1876	0.00	0.3470	.	7	-140202	8886	51010
Oni	12	8322024	8489152	0.1906	0.00	0.3467	.	7	167128	8887	51010
Oni	12	15349239	15330345	0.1930	0.00	0.3456	.	8	-18894	8887	50876
Oni	12	15349239	15330345	0.1930	0.00	0.3456	.	8	-18894	8887	50876
Oni	12	15349239	15330345	0.1930	0.00	0.3455	.	11	-18894	8887	50876
Oni	5	30425252	30569071	0.1812	0.00	0.3452	.	5	143819	8979	51006
Oni	12	481145	275819	0.1840	0.00	0.3425	.	7	-205326	9040	51010
Oni	4	25527202	25428883	0.1863	0.00	0.3422	.	7	-98319	8887	51010
Oni	12	481145	600969	0.1840	0.00	0.3408	.	6	119824	9040	51010
Oni	11	24117473	24277644	0.1302	0.00	0.3408	.	7	160171	9499	80174
Oni	8	18857122	18823193	0.1804	0.00	0.3408	.	5	-33929	8974	51193
Oni	8	18857122	18823193	0.1804	0.00	0.3408	.	5	-33929	8974	51193
Oni	8	18857122	18823193	0.1804	0.00	0.3408	.	5	-33929	8974	51193
Oni	11	31587761	31717701	0.1761	0.00	0.3399	.	6	129940	8887	51014
Oni	8	26753020	26981702	0.1851	0.00	0.3393	.	8	228682	9074	51010
Oni	8	24379565	24545521	0.1782	0.00	0.3372	.	4	165956	8980	51187
Oni	8	24379565	24545521	0.1782	0.00	0.3372	.	4	165956	8980	51187
Oni	1	42010982	42118351	0.1746	0.00	0.3371	.	5	107369	9499	51010
Oni	1	42010982	42118351	0.1746	0.00	0.3371	.	5	107369	9499	51010
Oni	8	7641667	7678498	0.1727	0.00	0.3366	.	6	36831	8909	51010
Oni	8	7641667	7678498	0.1727	0.00	0.3366	.	6	36831	8909	51010
Oni	11	15456461	15499176	0.1770	0.00	0.3350	.	4	42715	9499	51189
Oni	11	15456461	15499176	0.1770	0.00	0.3350	.	4	42715	9499	51189
Oni	11	15456461	15499176	0.1770	0.00	0.3350	.	4	42715	9499	51189
Oni	4	2789365	3007714	0.1780	0.00	0.3337	.	8	218349	8886	51010
Oni	8	16679071	16593493	0.1754	0.00	0.3330	.	8	-85578	8973	51010
Oni	8	16679071	16593493	0.1754	0.00	0.3330	.	8	-85578	8973	51010
Oni	8	5882019	6085972	0.1735	0.00	0.3323	.	4	203953	8887	51010
Oni	4	16705895	16572569	0.1716	0.00	0.3300	.	5	-133326	8974	51190
Oni	8	24379565	24210605	0.1679	0.00	0.3294	.	4	-168960	8980	51010
Oni	4	2985342	3007714	0.1604	0.00	0.3260	.	4	22372	8929	51010
Oni	9	9766191	9740032	0.1668	0.00	0.3255	.	8	-26159	9499	51010
Oni	9	9766191	9740032	0.1668	0.00	0.3255	.	8	-26159	9499	51010
Oni	5	3565841	3514281	0.1646	0.00	0.3220	.	3	-51560	8887	46605
Oni	5	3565841	3514281	0.1646	0.00	0.3220	.	3	-51560	8887	46605
Oni	4	25299603	25428883	0.1668	0.00	0.3217	.	11	129280	9499	51010
Oni	4	25299603	25237982	0.1668	0.00	0.3217	.	11	-61621	9499	51010
Oni	2	4250885	4468255	0.1592	0.00	0.3193	.	4	217370	8979	51187
Oni	11	5484023	5328553	0.1550	0.00	0.3121	.	6	-155470	9499	51187
Oni	5	16143808	15988563	0.1447	0.00	0.3065	.	7	-155245	9499	51010
Oni	5	10949963	11133448	0.1460	0.00	0.3034	.	6	183485	8888	51010
Oni	11	5484023	5411896	0.1393	0.00	0.2999	.	4	-72127	9499	51187
Oni	12	13944377	13880729	0.1363	0.00	0.2980	.	4	-63648	8892	51010
Oni	12	13944377	13880729	0.1363	0.00	0.2980	.	4	-63648	8892	51010
Oni	5	9569186	9510944	0.1306	0.00	0.2942	.	4	-58242	9499	51187
Oni	5	9569186	9510944	0.1306	0.00	0.2942	.	4	-58242	9499	51187
Oni	2	20636112	20555630	0.0835	0.00	0.2936	.	3	-80482	10801	80178
Oni	6	27967427	28099279	0.1310	0.00	0.2932	.	6	131852	9499	51190
Oni	6	6799467	6947076	0.1431	0.00	0.2902	.	3	147609	15426	51187
Oni	12	8558063	8489152	0.1267	0.00	0.2895	.	4	-68911	8887	51010
Oni	6	22435829	22536026	0.1269	0.00	0.2885	.	4	100197	9856	51187
Oni	6	22435829	22536026	0.1269	0.00	0.2885	.	4	100197	9856	51187
Oni	2	31836076	31909791	0.1265	0.00	0.2859	.	4	73715	9499	50331
Oni	11	24117473	24091792	0.1157	0.00	0.2797	.	5	-25681	9499	51010
Oni	12	19833793	19642909	0.1157	0.00	0.2793	.	4	-190884	9498	51010
Oni	9	2172332	2244617	0.1175	0.00	0.2792	.	4	72285	9499	51010
Oni	9	2172332	2244617	0.1175	0.00	0.2792	.	4	72285	9499	51010
Oni	9	1053284	1068214	0.1220	0.00	0.2734	.	2	14930	42035	80511
Oni	9	1053284	1068214	0.1220	0.00	0.2734	.	2	14930	42035	80511
Oni	3	19311386	19457567	0.1123	0.00	0.2733	.	3	146181	8974	51010
Oni	8	4481319	4571036	0.0958	0.00	0.2606	.	3	89717	8974	51010
Oni	12	10365102	10495294	0.0970	0.00	0.2601	.	3	130192	9499	51187
Oni	2	16160885	16291421	0.0912	0.00	0.2553	.	3	130536	10386	51014
Oni	11	23802684	23697428	0.1444	0.00	0.2548	.	11	-105256	8887	23383
Oni	11	23802684	23697428	0.1444	0.00	0.2546	.	12	-105256	8887	23383
Oni	1	18834331	18865901	0.0909	0.00	0.2538	.	5	31570	9499	51010
Oni	1	18834331	18865901	0.0909	0.00	0.2538	.	5	31570	9499	51010
Oni	5	13411983	13368248	0.0876	0.00	0.2532	.	4	-43735	9513	50035
Oni	5	13411983	13368248	0.0876	0.00	0.2532	.	4	-43735	9513	50035
Oni	2	31836076	31909791	0.0889	0.00	0.2512	.	3	73715	9499	50331
Oni	4	16351416	16572569	0.0834	0.00	0.2503	.	3	221153	8887	51190
Oni	4	34646970	34755081	0.0975	0.00	0.2482	.	3	108111	17924	51187
Oni	12	13944377	13880729	0.0836	0.00	0.2477	.	3	-63648	8892	51010
Oni	3	25401442	25342298	0.0842	0.00	0.2474	.	3	-59144	9499	51075
Oni	3	25401442	25342298	0.0842	0.00	0.2474	.	3	-59144	9499	51075
Oni	1	13968056	14209751	0.1339	0.00	0.2464	.	5	241695	8887	23383
Oni	1	14166810	14209751	0.1329	0.00	0.2459	.	4	42941	8974	23383
Oni	1	39334492	39424983	0.0898	0.00	0.2449	.	4	90491	44011	80609
Oni	1	39334492	39424983	0.0898	0.00	0.2449	.	4	90491	44011	80609
Oni	11	26014289	26006343	0.0799	0.00	0.2433	.	3	-7946	9499	51187
Oni	11	26014289	26006343	0.0799	0.00	0.2433	.	3	-7946	9499	51187
Oni	10	9009649	9020532	0.1219	0.00	0.2397	.	2	10883	8887	19647
Oni	10	9009649	9020532	0.1219	0.00	0.2397	.	2	10883	8887	19647
Oni	5	14637378	14637122	0.1215	0.00	0.2393	.	2	-256	8887	19647
Oni	7	7196280	7206860	0.1200	0.00	0.2380	.	2	10580	8975	19562
Oni	5	6661987	6672772	0.1200	0.00	0.2372	.	2	10785	8975	19562
Oni	7	6172650	6184116	0.1206	0.00	0.2372	.	2	11466	8887	19781
Oni	7	6172650	6184116	0.1206	0.00	0.2372	.	2	11466	8887	19781
Oni	11	2253219	2253300	0.1221	0.00	0.2372	.	2	81	8887	19663
Oni	11	2253219	2253300	0.1221	0.00	0.2372	.	2	81	8887	19663
Oni	11	20515172	20526316	0.1197	0.00	0.2370	.	2	11144	8974	19782
Oni	11	20515172	20526316	0.1197	0.00	0.2370	.	2	11144	8974	19782
Oni	3	8231426	8231510	0.1225	0.00	0.2369	.	2	84	8974	19784
Oni	3	8231426	8231510	0.1225	0.00	0.2369	.	2	84	8974	19784
Oni	8	7945951	7956880	0.1190	0.00	0.2367	.	2	10929	8887	19663
Oni	8	7945951	7956880	0.1190	0.00	0.2367	.	2	10929	8887	19663
Oni	6	27054400	27065368	0.1188	0.00	0.2365	.	2	10968	8887	19647
Oni	6	27054400	27065368	0.1188	0.00	0.2365	.	2	10968	8887	19647
Oni	5	1734576	1745503	0.1188	0.00	0.2365	.	2	10927	8887	19647
Oni	5	1734576	1745503	0.1188	0.00	0.2365	.	2	10927	8887	19647
Oni	12	18229535	18229419	0.1209	0.00	0.2362	.	2	-116	8974	19647
Oni	10	1500508	1511376	0.1200	0.00	0.2362	.	3	10868	8974	19562
Oni	12	5058508	5069403	0.1182	0.00	0.2359	.	2	10895	8887	19647
Oni	12	5058508	5069403	0.1182	0.00	0.2359	.	2	10895	8887	19647
Oni	8	2307826	2307392	0.1189	0.00	0.2346	.	2	-434	8974	19780
Oni	8	2307826	2307392	0.1189	0.00	0.2346	.	2	-434	8974	19780
Oni	6	11687374	11686899	0.1184	0.00	0.2346	.	2	-475	8886	19647
Oni	10	7200160	7192372	0.1235	0.00	0.2341	.	6	-7788	8886	19780
Oni	12	8322024	8335973	0.1210	0.00	0.2339	.	3	13949	8887	19562
Oni	12	5496409	5507321	0.1158	0.00	0.2329	.	2	10912	8886	19519
Oni	12	5496409	5507321	0.1158	0.00	0.2329	.	2	10912	8886	19519
Oni	6	24543688	24554399	0.1149	0.00	0.2329	.	2	10711	8893	19647
Oni	6	24543688	24554399	0.1149	0.00	0.2329	.	2	10711	8893	19647
Oni	10	3775509	3786324	0.1147	0.00	0.2327	.	2	10815	8910	19647
Oni	10	3775509	3786324	0.1147	0.00	0.2327	.	2	10815	8910	19647
Oni	10	26840636	26851483	0.1147	0.00	0.2327	.	2	10847	8910	19647
Oni	10	26840636	26851483	0.1147	0.00	0.2327	.	2	10847	8910	19647
Oni	10	21650931	21661794	0.1147	0.00	0.2327	.	2	10863	8910	19647
Oni	12	16465427	16476271	0.1144	0.00	0.2326	.	2	10844	8974	19780
Oni	12	16465427	16476271	0.1144	0.00	0.2326	.	2	10844	8974	19780
Oni	1	21080680	21079733	0.1157	0.00	0.2323	.	2	-947	8886	19663
Oni	1	21080680	21079733	0.1157	0.00	0.2323	.	2	-947	8886	19663
Oni	10	1623890	1638412	0.1210	0.00	0.2317	.	6	14522	8887	19562
Oni	1	13340168	13241795	0.0880	0.00	0.2316	.	3	-98373	21357	51014
Oni	7	30430109	30429238	0.1130	0.00	0.2310	.	2	-871	8974	19780
Oni	7	30430109	30429238	0.1130	0.00	0.2310	.	2	-871	8974	19780
Oni	6	19664596	19651461	0.1187	0.00	0.2309	.	5	-13135	8887	19647
Oni	11	16690855	16729323	0.1207	0.00	0.2308	.	5	38468	8887	19540
Oni	11	16690855	16729323	0.1207	0.00	0.2308	.	5	38468	8887	19540
Oni	10	6507598	6518443	0.1125	0.00	0.2304	.	2	10845	8887	19647
Oni	10	7200160	7192372	0.1235	0.00	0.2299	.	10	-7788	8886	19780
Oni	9	12955900	12955271	0.1122	0.00	0.2298	.	2	-629	8982	19499
Oni	7	15379560	15402091	0.1211	0.00	0.2295	.	2	22531	8974	19781
Oni	7	15379560	15402091	0.1211	0.00	0.2295	.	2	22531	8974	19781
Oni	2	11429001	11426175	0.1199	0.00	0.2295	.	4	-2826	8887	19785
Oni	2	11429001	11426175	0.1199	0.00	0.2295	.	4	-2826	8887	19785
Oni	2	21811187	21822372	0.1115	0.00	0.2293	.	2	11185	8871	19784
Oni	2	21811187	21822372	0.1115	0.00	0.2293	.	2	11185	8871	19784
Oni	2	31841722	31909791	0.0814	0.00	0.2293	.	3	68069	17876	50331
Oni	7	22103420	22114759	0.1149	0.00	0.2290	.	3	11339	8886	19562
Oni	7	22103420	22114759	0.1149	0.00	0.2290	.	3	11339	8886	19562
Oni	4	4897731	4951095	0.1219	0.00	0.2284	.	6	53364	8887	19647
Oni	4	4897731	4951095	0.1219	0.00	0.2284	.	6	53364	8887	19647
Oni	4	4897731	4951095	0.1219	0.00	0.2284	.	6	53364	8887	19647
Oni	4	27486109	27484476	0.1109	0.00	0.2284	.	2	-1633	8887	19741
Oni	4	27486109	27484476	0.1109	0.00	0.2284	.	2	-1633	8887	19741
Oni	6	19441664	19651461	0.1219	0.00	0.2283	.	9	209797	8887	19647
Oni	4	14087887	14075157	0.1195	0.00	0.2282	.	6	-12730	8887	19704
Oni	4	14087887	14075157	0.1195	0.00	0.2282	.	6	-12730	8887	19704
Oni	12	8322024	8335973	0.1210	0.00	0.2281	.	4	13949	8887	19562
Oni	10	14367163	14377591	0.1108	0.00	0.2281	.	2	10428	8909	19562
Oni	10	14367163	14377591	0.1108	0.00	0.2281	.	2	10428	8909	19562
Oni	7	7072468	7206860	0.1219	0.00	0.2279	.	4	134392	8887	19647
Oni	4	2789365	2767721	0.1205	0.00	0.2278	.	6	-21644	8886	19647
Oni	4	2789365	2767721	0.1205	0.00	0.2278	.	6	-21644	8886	19647
Oni	10	5705117	5703756	0.1098	0.00	0.2278	.	2	-1361	8887	19647
Oni	3	22162682	22173779	0.1103	0.00	0.2278	.	2	11097	8979	19780
Oni	3	22162682	22173779	0.1103	0.00	0.2278	.	2	11097	8979	19780
Oni	11	16503522	16514437	0.1094	0.00	0.2278	.	2	10915	8887	19780
Oni	5	14461035	14486224	0.1215	0.00	0.2277	.	6	25189	8887	19647
Oni	2	8595136	8593788	0.1098	0.00	0.2276	.	2	-1348	8887	19647
Oni	2	8595136	8593788	0.1098	0.00	0.2276	.	2	-1348	8887	19647
Oni	7	7072468	7072073	0.1134	0.00	0.2276	.	2	-395	8887	19647
Oni	9	12763418	12726773	0.1200	0.00	0.2274	.	6	-36645	8887	19562
Oni	6	20775371	20727356	0.1210	0.00	0.2273	.	9	-48015	8887	19562
Oni	6	20775371	20727356	0.1210	0.00	0.2273	.	9	-48015	8887	19562
Oni	4	26461426	26459709	0.1098	0.00	0.2272	.	2	-1717	8887	19647
Oni	4	26461426	26459709	0.1098	0.00	0.2272	.	2	-1717	8887	19647
Oni	3	14945261	14945265	0.1143	0.00	0.2272	.	2	4	8887	19780
Oni	11	9128020	9138520	0.1112	0.00	0.2269	.	4	10500	8891	19780
Oni	11	23802684	23839518	0.1199	0.00	0.2268	.	8	36834	8887	19780
Oni	11	8733758	8744854	0.1094	0.00	0.2268	.	2	11096	8974	19783
Oni	4	14087887	14075157	0.1195	0.00	0.2268	.	8	-12730	8887	19704
Oni	12	12888425	12884726	0.1149	0.00	0.2268	.	2	-3699	9031	19781
Oni	12	12888425	12884726	0.1149	0.00	0.2268	.	2	-3699	9031	19781
Oni	8	9837966	9849175	0.1098	0.00	0.2267	.	2	11209	8887	19647
Oni	4	16858887	16870113	0.1105	0.00	0.2266	.	2	11226	9037	19647
Oni	11	9346721	9138520	0.1200	0.00	0.2266	.	9	-208201	8887	19780
Oni	7	7511311	7663768	0.1199	0.00	0.2265	.	8	152457	8982	19562
Oni	10	3368268	3366988	0.1086	0.00	0.2264	.	2	-1280	8974	19626
Oni	1	4814770	4813429	0.1088	0.00	0.2264	.	2	-1341	8886	19562
Oni	1	4814770	4813429	0.1088	0.00	0.2264	.	2	-1341	8886	19562
Oni	11	25679746	25690655	0.1089	0.00	0.2262	.	2	10909	8887	19562
Oni	11	25679746	25690655	0.1089	0.00	0.2262	.	2	10909	8887	19562
Oni	1	31516447	31527174	0.1079	0.00	0.2261	.	2	10727	8887	19647
Oni	1	31516447	31527174	0.1079	0.00	0.2261	.	2	10727	8887	19647
Oni	10	12766150	12764853	0.1089	0.00	0.2261	.	2	-1297	8887	19562
Oni	10	12766150	12764853	0.1089	0.00	0.2261	.	2	-1297	8887	19562
Oni	12	6808958	6807467	0.1082	0.00	0.2259	.	2	-1491	8888	19508
Oni	1	42367807	42378648	0.1079	0.00	0.2259	.	2	10841	8887	19647
Oni	1	42367807	42378648	0.1079	0.00	0.2259	.	2	10841	8887	19647
Oni	7	7511311	7522236	0.1199	0.00	0.2259	.	5	10925	8982	19562
Oni	5	6661987	6672772	0.1200	0.00	0.2259	.	3	10785	8975	19562
Oni	3	13457424	13456020	0.1079	0.00	0.2257	.	2	-1404	8974	19562
Oni	11	17343053	17518557	0.1190	0.00	0.2257	.	8	175504	8887	19704
Oni	12	19209968	19223647	0.1118	0.00	0.2257	.	3	13679	8887	19625
Oni	5	10949963	11017131	0.1198	0.00	0.2256	.	4	67168	8888	19462
Oni	4	1182775	1194006	0.1090	0.00	0.2256	.	2	11231	8974	19663
Oni	4	1182775	1194006	0.1090	0.00	0.2256	.	2	11231	8974	19663
Oni	12	25379096	25390329	0.1089	0.00	0.2252	.	2	11233	8887	19562
Oni	12	25379096	25390329	0.1089	0.00	0.2252	.	2	11233	8887	19562
Oni	11	17343053	17341654	0.1184	0.00	0.2252	.	4	-1399	8887	19647
Oni	7	8762173	8773170	0.1084	0.00	0.2252	.	3	10997	8887	19562
Oni	7	8762173	8773170	0.1084	0.00	0.2252	.	3	10997	8887	19562
Oni	5	28367699	28378813	0.1083	0.00	0.2251	.	2	11114	8887	19562
Oni	5	28367699	28378813	0.1083	0.00	0.2251	.	2	11114	8887	19562
Oni	6	11687374	11686899	0.1184	0.00	0.2248	.	3	-475	8886	19647
Oni	7	9172349	9220279	0.1182	0.00	0.2246	.	5	47930	8877	19663
Oni	7	9172349	9220279	0.1182	0.00	0.2246	.	5	47930	8877	19663
Oni	10	13370705	13381745	0.1079	0.00	0.2245	.	2	11040	8974	19562
Oni	10	13370705	13381745	0.1079	0.00	0.2245	.	2	11040	8974	19562
Oni	12	10946167	10938569	0.1096	0.00	0.2243	.	3	-7598	8887	19711
Oni	12	10946167	10938569	0.1096	0.00	0.2243	.	3	-7598	8887	19711
Oni	4	16705895	16704449	0.1174	0.00	0.2238	.	5	-1446	8974	19647
Oni	4	15022705	15045819	0.1109	0.00	0.2238	.	4	23114	8887	19785
Oni	4	15022705	15045819	0.1109	0.00	0.2238	.	4	23114	8887	19785
Oni	6	7246521	7284055	0.1126	0.00	0.2235	.	4	37534	8887	19647
Oni	6	7246521	7284055	0.1126	0.00	0.2235	.	4	37534	8887	19647
Oni	11	4182988	4176536	0.1131	0.00	0.2231	.	3	-6452	9040	19562
Oni	11	4182988	4176536	0.1131	0.00	0.2231	.	3	-6452	9040	19562
Oni	9	11491497	11332282	0.1150	0.00	0.2230	.	7	-159215	8803	19663
Oni	8	16679071	16730297	0.1149	0.00	0.2230	.	5	51226	8973	19562
Oni	3	22922755	22936981	0.1125	0.00	0.2229	.	5	14226	8887	19647
Oni	10	21650931	21480310	0.1147	0.00	0.2226	.	5	-170621	8910	19647
Oni	11	9346721	9346713	0.1147	0.00	0.2225	.	5	-8	8887	19663
Oni	10	6643052	6629826	0.1134	0.00	0.2224	.	4	-13226	8807	19647
Oni	1	44218795	44217511	0.1061	0.00	0.2221	.	2	-1284	8887	19495
Oni	1	44218795	44217511	0.1061	0.00	0.2221	.	2	-1284	8887	19495
Oni	1	21777938	21763192	0.1142	0.00	0.2220	.	4	-14746	8887	19647
Oni	1	21777938	21763192	0.1142	0.00	0.2220	.	4	-14746	8887	19647
Oni	9	12763418	12726773	0.1148	0.00	0.2217	.	4	-36645	8887	19562
Oni	9	12763418	12726773	0.1148	0.00	0.2217	.	4	-36645	8887	19562
Oni	11	27075513	27085777	0.1113	0.00	0.2216	.	5	10264	8887	19780
Oni	11	27075513	27085777	0.1113	0.00	0.2216	.	5	10264	8887	19780
Oni	7	6569669	6601771	0.1105	0.00	0.2214	.	3	32102	8974	19647
Oni	7	6569669	6601771	0.1105	0.00	0.2214	.	3	32102	8974	19647
Oni	8	10256523	10255365	0.1050	0.00	0.2213	.	2	-1158	8887	19647
Oni	4	4610465	4621558	0.1161	0.00	0.2213	.	3	11093	8887	19663
Oni	4	4610465	4621558	0.1161	0.00	0.2213	.	3	11093	8887	19663
Oni	8	23895401	23857934	0.1125	0.00	0.2211	.	5	-37467	8887	19647
Oni	8	23895401	23857934	0.1125	0.00	0.2211	.	5	-37467	8887	19647
Oni	8	5882019	5877612	0.1079	0.00	0.2211	.	3	-4407	8887	19562
Oni	12	19209968	19223647	0.1118	0.00	0.2210	.	4	13679	8887	19625
Oni	7	23927406	23921695	0.1108	0.00	0.2210	.	4	-5711	8887	19780
Oni	7	23927406	23921695	0.1108	0.00	0.2210	.	4	-5711	8887	19780
Oni	9	7388740	7400090	0.1038	0.00	0.2207	.	3	11350	8887	19562
Oni	5	30425252	30435912	0.1025	0.00	0.2206	.	3	10660	8979	19704
Oni	8	23895401	23857934	0.1125	0.00	0.2206	.	6	-37467	8887	19647
Oni	11	8583404	8579539	0.1098	0.00	0.2206	.	5	-3865	8887	19647
Oni	12	20981559	21057339	0.1113	0.00	0.2205	.	4	75780	8887	19781
Oni	8	17693128	17691342	0.1037	0.00	0.2205	.	2	-1786	8979	19647
Oni	3	29625343	29635939	0.1029	0.00	0.2204	.	3	10596	8887	19663
Oni	3	29625343	29635939	0.1029	0.00	0.2204	.	3	10596	8887	19663
Oni	8	8234291	8231689	0.1107	0.00	0.2204	.	3	-2602	8887	19647
Oni	8	8234291	8231689	0.1107	0.00	0.2204	.	3	-2602	8887	19647
Oni	8	1615237	1625866	0.1024	0.00	0.2203	.	2	10629	8887	19562
Oni	8	10730988	10741839	0.1021	0.00	0.2199	.	2	10851	8888	19628
Oni	8	10730988	10741839	0.1021	0.00	0.2199	.	2	10851	8888	19628
Oni	2	24116987	24141967	0.1084	0.00	0.2197	.	3	24980	9028	19663
Oni	11	8583404	8579539	0.1114	0.00	0.2195	.	7	-3865	8887	19783
Oni	6	24072398	24067720	0.1067	0.00	0.2194	.	2	-4678	8887	19562
Oni	6	24072398	24067720	0.1067	0.00	0.2194	.	2	-4678	8887	19562
Oni	12	6676158	6676163	0.1098	0.00	0.2193	.	4	5	8886	19647
Oni	11	7758451	7771139	0.1048	0.00	0.2192	.	3	12688	8801	19562
Oni	11	7758451	7771139	0.1048	0.00	0.2192	.	3	12688	8801	19562
Oni	8	10256523	10361651	0.1150	0.00	0.2192	.	4	105128	8887	19647
Oni	11	10906504	10921079	0.1043	0.00	0.2191	.	3	14575	8974	19782
Oni	11	10906504	10921079	0.1043	0.00	0.2191	.	3	14575	8974	19782
Oni	5	9880059	9876483	0.1113	0.00	0.2191	.	6	-3576	8887	19781
Oni	5	9880059	9876483	0.1113	0.00	0.2191	.	6	-3576	8887	19781
Oni	1	41798803	41809287	0.1016	0.00	0.2191	.	2	10484	8908	19508
Oni	1	41798803	41809287	0.1016	0.00	0.2191	.	2	10484	8908	19508
Oni	4	16224490	16185044	0.1102	0.00	0.2190	.	5	-39446	8886	19781
Oni	11	16322939	16283655	0.1113	0.00	0.2190	.	8	-39284	8887	19780
Oni	9	11409514	11332282	0.1100	0.00	0.2190	.	5	-77232	8887	19663
Oni	6	19441664	19395624	0.1089	0.00	0.2188	.	4	-46040	8887	19562
Oni	6	25701070	25715719	0.1037	0.00	0.2185	.	3	14649	8887	19647
Oni	6	25701070	25715719	0.1037	0.00	0.2185	.	3	14649	8887	19647
Oni	4	55202	53965	0.1016	0.00	0.2184	.	2	-1237	8887	19663
Oni	10	1623890	1638412	0.1113	0.00	0.2183	.	5	14522	8887	19780
Oni	12	5898896	5909323	0.1115	0.00	0.2183	.	3	10427	8974	19496
Oni	12	5898896	5909323	0.1115	0.00	0.2183	.	3	10427	8974	19496
Oni	5	19880869	19833684	0.1116	0.00	0.2183	.	4	-47185	8887	19562
Oni	5	19880869	19833684	0.1116	0.00	0.2183	.	4	-47185	8887	19562
Oni	6	17356366	17397300	0.1108	0.00	0.2183	.	5	40934	8887	19780
Oni	3	14502651	14501126	0.1007	0.00	0.2182	.	2	-1525	8920	19430
Oni	3	14502651	14501126	0.1007	0.00	0.2182	.	2	-1525	8920	19430
Oni	11	8583404	8579539	0.1098	0.00	0.2181	.	7	-3865	8887	19647
Oni	2	6390552	6408058	0.1115	0.00	0.2180	.	4	17506	8887	19562
Oni	2	6390552	6408058	0.1115	0.00	0.2180	.	4	17506	8887	19562
Oni	12	20981559	20805723	0.1098	0.00	0.2179	.	6	-175836	8887	19647
Oni	4	15893281	15904263	0.1006	0.00	0.2179	.	2	10982	8887	19562
Oni	4	15893281	15904263	0.1006	0.00	0.2179	.	2	10982	8887	19562
Oni	8	5477472	5500010	0.1105	0.00	0.2178	.	3	22538	8887	19704
Oni	8	5477472	5500010	0.1105	0.00	0.2178	.	3	22538	8887	19704
Oni	5	18802987	18813405	0.1108	0.00	0.2178	.	5	10418	8888	19781
Oni	5	18802987	18813405	0.1108	0.00	0.2178	.	5	10418	8888	19781
Oni	4	13148389	13230813	0.1106	0.00	0.2176	.	6	82424	8982	19617
Oni	3	5259440	5257840	0.1091	0.00	0.2176	.	3	-1600	8886	19503
Oni	3	5259440	5257840	0.1091	0.00	0.2176	.	3	-1600	8886	19503
Oni	11	17797781	17865716	0.1089	0.00	0.2176	.	5	67935	8887	19562
Oni	4	13148389	13075597	0.1106	0.00	0.2175	.	4	-72792	8982	19617
Oni	6	6221542	6235612	0.1039	0.00	0.2175	.	3	14070	8979	19782
Oni	6	6221542	6235612	0.1039	0.00	0.2175	.	3	14070	8979	19782
Oni	11	16322939	16283655	0.1093	0.00	0.2175	.	6	-39284	8887	19647
Oni	6	4914083	4893025	0.1084	0.00	0.2173	.	4	-21058	8887	19562
Oni	6	4914083	4893025	0.1084	0.00	0.2173	.	4	-21058	8887	19562
Oni	8	9837966	9849175	0.1098	0.00	0.2172	.	3	11209	8887	19647
Oni	10	5531988	5703756	0.1098	0.00	0.2171	.	4	171768	8887	19647
Oni	11	17788520	17865716	0.1098	0.00	0.2170	.	7	77196	8887	19647
Oni	6	22211199	22191026	0.1088	0.00	0.2170	.	5	-20173	8974	19647
Oni	8	13034363	13017714	0.1067	0.00	0.2170	.	3	-16649	8974	19629
Oni	8	13034363	13017714	0.1067	0.00	0.2170	.	3	-16649	8974	19629
Oni	11	17788520	17865716	0.1098	0.00	0.2170	.	11	77196	8887	19647
Oni	6	22211199	22443493	0.1088	0.00	0.2168	.	7	232294	8974	19647
Oni	5	16889562	17044884	0.1105	0.00	0.2167	.	5	155322	8887	19704
Oni	5	16889562	17044884	0.1105	0.00	0.2167	.	5	155322	8887	19704
Oni	11	17587532	17518557	0.1094	0.00	0.2167	.	6	-68975	8979	19704
Oni	5	81915	108249	0.1038	0.00	0.2166	.	3	26334	8887	19781
Oni	8	20005375	20003760	0.1094	0.00	0.2165	.	3	-1615	8974	19780
Oni	8	20005375	20003760	0.1094	0.00	0.2165	.	3	-1615	8974	19780
Oni	6	17356366	17397300	0.1049	0.00	0.2165	.	3	40934	8887	19780
Oni	10	1754215	1752708	0.1021	0.00	0.2164	.	2	-1507	9700	19780
Oni	8	11745531	11754456	0.1014	0.00	0.2164	.	2	8925	8887	17831
Oni	8	11745531	11754456	0.1014	0.00	0.2164	.	2	8925	8887	17831
Oni	12	14456764	14453788	0.1089	0.00	0.2162	.	6	-2976	8887	19462
Oni	12	14456764	14453788	0.1089	0.00	0.2162	.	6	-2976	8887	19462
Oni	2	24116987	24141967	0.1084	0.00	0.2159	.	4	24980	9028	19663
Oni	10	2325682	2335940	0.0986	0.00	0.2159	.	2	10258	8979	19192
Oni	10	2325682	2335940	0.0986	0.00	0.2159	.	2	10258	8979	19192
Oni	1	20616897	20625827	0.1014	0.00	0.2159	.	2	8930	42039	51187
Oni	1	20616897	20625827	0.1014	0.00	0.2159	.	2	8930	42039	51187
Oni	4	25527202	25541991	0.1089	0.00	0.2158	.	4	14789	8887	19562
Oni	9	1579731	1589905	0.0991	0.00	0.2158	.	2	10174	8979	19535
Oni	9	13800381	13798690	0.1063	0.00	0.2157	.	3	-1691	8908	19647
Oni	9	13800381	13798690	0.1063	0.00	0.2157	.	3	-1691	8908	19647
Oni	12	15711485	15622772	0.1082	0.00	0.2157	.	9	-88713	8887	19704
Oni	10	3368268	3366988	0.1086	0.00	0.2157	.	3	-1280	8974	19626
Oni	4	7327815	7319849	0.1021	0.00	0.2157	.	3	-7966	8974	19503
Oni	4	7327815	7319849	0.1021	0.00	0.2157	.	3	-7966	8974	19503
Oni	10	11059815	11070701	0.1084	0.00	0.2157	.	3	10886	8887	19562
Oni	10	11059815	11070701	0.1084	0.00	0.2157	.	3	10886	8887	19562
Oni	12	15711485	15622772	0.1080	0.00	0.2156	.	7	-88713	8887	19704
Oni	12	7497182	7508498	0.0990	0.00	0.2155	.	2	11316	8888	19562
Oni	12	7497182	7508498	0.0990	0.00	0.2155	.	2	11316	8888	19562
Oni	9	6601722	6597910	0.1048	0.00	0.2154	.	5	-3812	8887	19647
Oni	9	6601722	6597910	0.1048	0.00	0.2154	.	5	-3812	8887	19647
Oni	11	8042375	8056840	0.1028	0.00	0.2152	.	2	14465	8887	19562
Oni	5	14461035	14486224	0.1038	0.00	0.2152	.	4	25189	8887	19562
Oni	10	364850	375775	0.0978	0.00	0.2152	.	2	10925	8983	19661
Oni	12	8056771	8070224	0.1013	0.00	0.2146	.	2	13453	8975	19676
Oni	10	11368081	11378207	0.0988	0.00	0.2144	.	2	10126	8887	18674
Oni	10	11368081	11378207	0.0988	0.00	0.2144	.	2	10126	8887	18674
Oni	12	9537195	9547265	0.0976	0.00	0.2143	.	2	10070	9499	19782
Oni	12	9537195	9547265	0.0976	0.00	0.2143	.	2	10070	9499	19782
Oni	4	13863287	13861874	0.0998	0.00	0.2142	.	2	-1413	9742	19613
Oni	2	4250885	4249730	0.0980	0.00	0.2136	.	2	-1155	8979	19418
Oni	2	14901007	14935317	0.1061	0.00	0.2130	.	4	34310	8887	19562
Oni	2	14901007	14935317	0.1061	0.00	0.2130	.	4	34310	8887	19562
Oni	4	33975374	33997365	0.1030	0.00	0.2129	.	3	21991	8871	19647
Oni	4	33975374	33997365	0.1030	0.00	0.2129	.	3	21991	8871	19647
Oni	8	15385097	15398557	0.0995	0.00	0.2124	.	2	13460	9000	19496
Oni	8	15385097	15398557	0.0995	0.00	0.2124	.	2	13460	9000	19496
Oni	11	31587761	31604953	0.0979	0.00	0.2120	.	3	17192	8887	19647
Oni	5	9880059	9876483	0.0987	0.00	0.2119	.	3	-3576	8887	19781
Oni	9	7388740	7400090	0.1041	0.00	0.2118	.	6	11350	8887	19585
Oni	3	30631450	30640602	0.0975	0.00	0.2118	.	2	9152	8887	19781
Oni	3	30631450	30640602	0.0975	0.00	0.2118	.	2	9152	8887	19781
Oni	10	7353032	7328543	0.1034	0.00	0.2117	.	5	-24489	8930	19780
Oni	10	7353032	7328543	0.1034	0.00	0.2117	.	5	-24489	8930	19780
Oni	1	16392757	16390697	0.0949	0.00	0.2117	.	2	-2060	9499	19477
Oni	1	16392757	16390697	0.0949	0.00	0.2117	.	2	-2060	9499	19477
Oni	12	15724589	15790649	0.1036	0.00	0.2115	.	5	66060	8910	19704
Oni	8	17693128	17691342	0.1037	0.00	0.2115	.	3	-1786	8979	19647
Oni	6	8917736	8915006	0.0938	0.00	0.2114	.	2	-2730	8886	19562
Oni	2	30287789	30286137	0.0952	0.00	0.2113	.	2	-1652	9499	19552
Oni	2	30287789	30286137	0.0952	0.00	0.2113	.	2	-1652	9499	19552
Oni	5	26936663	26946461	0.0940	0.00	0.2103	.	3	9798	9499	19506
Oni	5	26936663	26946461	0.0940	0.00	0.2103	.	3	9798	9499	19506
Oni	7	9716705	9726755	0.0933	0.00	0.2101	.	2	10050	9499	19780
Oni	7	9716705	9726755	0.0933	0.00	0.2101	.	2	10050	9499	19780
Oni	6	8917736	8915006	0.1019	0.00	0.2098	.	3	-2730	8886	19781
Oni	4	12346337	12420496	0.1018	0.00	0.2098	.	8	74159	9499	19647
Oni	3	7613541	7596026	0.1016	0.00	0.2098	.	5	-17515	42044	51010
Oni	3	7613541	7596026	0.1016	0.00	0.2098	.	5	-17515	42044	51010
Oni	9	1579731	1423889	0.1051	0.00	0.2097	.	5	-155842	8979	19535
Oni	12	8056771	8070224	0.1013	0.00	0.2092	.	3	13453	8975	19676
Oni	7	7653277	7663768	0.0934	0.00	0.2092	.	3	10491	9499	19387
Oni	6	4366752	4366746	0.1017	0.00	0.2090	.	4	-6	42157	51191
Oni	6	4366752	4366746	0.1017	0.00	0.2090	.	4	-6	42157	51191
Oni	2	23442115	23477189	0.1024	0.00	0.2086	.	7	35074	42042	51187
Oni	2	23442115	23477189	0.1024	0.00	0.2086	.	7	35074	42042	51187
Oni	11	21907772	21855572	0.0999	0.00	0.2084	.	6	-52200	8974	19780
Oni	11	21907772	21855572	0.0999	0.00	0.2084	.	6	-52200	8974	19780
Oni	6	18766600	18764287	0.0924	0.00	0.2084	.	2	-2313	9499	19704
Oni	6	18766600	18764287	0.0924	0.00	0.2084	.	2	-2313	9499	19704
Oni	6	17154304	17149580	0.0964	0.00	0.2083	.	2	-4724	9499	19425
Oni	3	16417197	16427242	0.0915	0.00	0.2082	.	2	10045	9499	19780
Oni	11	24901818	24865078	0.1017	0.00	0.2080	.	3	-36740	42039	51010
Oni	11	24901818	24865078	0.1017	0.00	0.2080	.	3	-36740	42039	51010
Oni	10	4287491	4407766	0.0966	0.00	0.2075	.	5	120275	8979	19663
Oni	7	20103731	20101596	0.0908	0.00	0.2074	.	2	-2135	9499	19559
Oni	7	20103731	20101596	0.0908	0.00	0.2074	.	2	-2135	9499	19559
Oni	6	18280931	18096277	0.0944	0.00	0.2072	.	4	-184654	8982	19429
Oni	1	1108773	1136342	0.1016	0.00	0.2071	.	5	27569	42221	51187
Oni	1	1108773	1136342	0.1016	0.00	0.2071	.	5	27569	42221	51187
Oni	5	15011973	15049537	0.0986	0.00	0.2070	.	6	37564	8974	19647
Oni	5	15011973	15049537	0.0986	0.00	0.2070	.	6	37564	8974	19647
Oni	5	15011973	15049537	0.0986	0.00	0.2070	.	6	37564	8974	19647
Oni	4	5674326	5669296	0.0968	0.00	0.2063	.	5	-5030	8887	19647
Oni	4	5674326	5669296	0.0968	0.00	0.2063	.	5	-5030	8887	19647
Oni	1	15449626	15514039	0.0967	0.00	0.2061	.	4	64413	8974	19562
Oni	1	15449626	15514039	0.0967	0.00	0.2061	.	4	64413	8974	19562
Oni	7	25083091	25091267	0.0945	0.00	0.2061	.	3	8176	42044	51010
Oni	7	25083091	25091267	0.0945	0.00	0.2061	.	3	8176	42044	51010
Oni	2	21991204	21990474	0.0968	0.00	0.2058	.	3	-730	8887	19647
Oni	2	21991204	21990474	0.0968	0.00	0.2058	.	3	-730	8887	19647
Oni	5	16143808	16157051	0.0928	0.00	0.2058	.	4	13243	9499	19508
Oni	5	15692813	15700936	0.0921	0.00	0.2056	.	2	8123	42038	51187
Oni	5	15692813	15700936	0.0921	0.00	0.2056	.	2	8123	42038	51187
Oni	12	20815446	20805723	0.0931	0.00	0.2055	.	4	-9723	8979	19562
Oni	1	20242898	20240540	0.0894	0.00	0.2055	.	2	-2358	9499	19707
Oni	4	12346337	12342316	0.1008	0.00	0.2052	.	7	-4021	9499	19562
Oni	5	26507698	26515894	0.0930	0.00	0.2052	.	2	8196	42038	51010
Oni	5	26507698	26515894	0.0930	0.00	0.2052	.	2	8196	42038	51010
Oni	12	9043281	9072273	0.0941	0.00	0.2052	.	3	28992	9175	19531
Oni	12	9043281	9072273	0.0941	0.00	0.2052	.	3	28992	9175	19531
Oni	6	18086728	18096277	0.0886	0.00	0.2048	.	3	9549	9499	19429
Oni	6	28058398	28099279	0.0735	0.00	0.2046	.	4	40881	29988	51190
Oni	3	4170332	4178387	0.0914	0.00	0.2044	.	2	8055	42038	50424
Oni	3	4170332	4178387	0.0914	0.00	0.2044	.	2	8055	42038	50424
Oni	9	3893859	3890683	0.0930	0.00	0.2043	.	3	-3176	9499	19784
Oni	9	3893859	3890683	0.0930	0.00	0.2043	.	3	-3176	9499	19784
Oni	11	1844635	1844637	0.0943	0.00	0.2043	.	2	2	42163	51010
Oni	11	1844635	1844637	0.0943	0.00	0.2043	.	2	2	42163	51010
Oni	1	5335022	5345087	0.0873	0.00	0.2042	.	2	10065	9499	19520
Oni	1	5335022	5345087	0.0873	0.00	0.2042	.	2	10065	9499	19520
Oni	3	19311386	19311387	0.0926	0.00	0.2041	.	2	1	8974	19551
Oni	7	18603473	18613162	0.0876	0.00	0.2040	.	4	9689	9499	19386
Oni	7	18603473	18613162	0.0876	0.00	0.2040	.	4	9689	9499	19386
Oni	6	6947071	6947076	0.0950	0.00	0.2032	.	2	5	42039	51187
Oni	8	25968503	26036320	0.0699	0.00	0.2031	.	4	67817	28593	51010
Oni	8	25968503	26036320	0.0699	0.00	0.2031	.	4	67817	28593	51010
Oni	9	15357432	15353200	0.0933	0.00	0.2030	.	5	-4232	9499	19780
Oni	9	15357432	15353200	0.0933	0.00	0.2030	.	5	-4232	9499	19780
Oni	9	15357432	15353200	0.0933	0.00	0.2030	.	5	-4232	9499	19780
Oni	10	6643052	6629826	0.0918	0.00	0.2029	.	2	-13226	8807	19479
Oni	2	33504195	33501154	0.0925	0.00	0.2029	.	3	-3041	42221	51185
Oni	2	33504195	33501154	0.0925	0.00	0.2029	.	3	-3041	42221	51185
Oni	3	16417197	16528036	0.0933	0.00	0.2028	.	6	110839	9499	19780
Oni	5	10790423	10808150	0.0918	0.00	0.2024	.	2	17727	9499	19647
Oni	5	10790423	10808150	0.0918	0.00	0.2024	.	2	17727	9499	19647
Oni	11	18324492	18315004	0.0894	0.00	0.2024	.	3	-9488	9499	19561
Oni	10	4425943	4407766	0.0904	0.00	0.2019	.	4	-18177	9499	19663
Oni	1	20242898	20240540	0.0921	0.00	0.2018	.	4	-2358	9499	19707
Oni	5	11623610	11599536	0.0927	0.00	0.2016	.	2	-24074	9499	19562
Oni	5	17035418	17044884	0.0947	0.00	0.2015	.	3	9466	9499	19704
Oni	3	16536440	16528036	0.0906	0.00	0.2015	.	5	-8404	9499	19647
Oni	7	27049475	27043892	0.0925	0.00	0.2012	.	3	-5583	42221	51010
Oni	7	27049475	27043892	0.0925	0.00	0.2012	.	3	-5583	42221	51010
Oni	4	13233758	13230813	0.0853	0.00	0.2004	.	2	-2945	9499	19562
Oni	7	20278731	20286575	0.0889	0.00	0.2004	.	3	7844	42221	50894
Oni	7	20278731	20286575	0.0889	0.00	0.2004	.	3	7844	42221	50894
Oni	2	19860718	19869494	0.0856	0.00	0.2000	.	2	8776	10348	19495
Oni	2	19860718	19869494	0.0856	0.00	0.2000	.	2	8776	10348	19495
Oni	6	5161362	5180911	0.0882	0.00	0.1995	.	4	19549	9499	19562
Oni	6	5161362	5180911	0.0882	0.00	0.1995	.	4	19549	9499	19562
Oni	11	18324492	18315004	0.0903	0.00	0.1995	.	5	-9488	9499	19561
Oni	5	20916024	20907709	0.0879	0.00	0.1995	.	3	-8315	8908	19399
Oni	5	20916024	20907709	0.0879	0.00	0.1995	.	3	-8315	8908	19399
Oni	12	2003815	2003817	0.0925	0.00	0.1994	.	2	2	42221	51010
Oni	12	2003815	2003817	0.0925	0.00	0.1994	.	2	2	42221	51010
Oni	1	557985	741502	0.0930	0.00	0.1992	.	8	183517	42745	51010
Oni	8	16091221	16091213	0.0927	0.00	0.1991	.	4	-8	42745	51187
Oni	1	16053410	16051060	0.0823	0.00	0.1988	.	2	-2350	8887	19562
Oni	1	16053410	16051060	0.0823	0.00	0.1988	.	2	-2350	8887	19562
Oni	5	5025333	5035123	0.0822	0.00	0.1987	.	2	9790	9499	19517
Oni	10	21471235	21480310	0.0830	0.00	0.1984	.	3	9075	9949	19322
Oni	12	24687070	24656560	0.0922	0.00	0.1979	.	4	-30510	42243	51010
Oni	12	24687070	24656560	0.0922	0.00	0.1979	.	4	-30510	42243	51010
Oni	2	10646218	10775874	0.0924	0.00	0.1979	.	5	129656	42745	51010
Oni	6	2679354	2686968	0.0864	0.00	0.1977	.	2	7614	42039	50896
Oni	6	2679354	2686968	0.0864	0.00	0.1977	.	2	7614	42039	50896
Oni	6	21095854	21093848	0.0853	0.00	0.1974	.	3	-2006	9499	19399
Oni	6	21095854	21093848	0.0853	0.00	0.1974	.	3	-2006	9499	19399
Oni	9	7476611	7514860	0.0890	0.00	0.1973	.	4	38249	9499	19585
Oni	4	30164869	30173811	0.0819	0.00	0.1968	.	2	8942	9499	18775
Oni	4	30164869	30173811	0.0819	0.00	0.1968	.	2	8942	9499	18775
Oni	9	11491497	11500569	0.0813	0.00	0.1959	.	2	9072	8803	19497
Oni	1	19215863	19192497	0.0847	0.00	0.1955	.	4	-23366	9499	19435
Oni	1	19215863	19192497	0.0847	0.00	0.1955	.	4	-23366	9499	19435
Oni	4	27272575	27280577	0.0844	0.00	0.1954	.	2	8002	42036	51010
Oni	4	27272575	27280577	0.0844	0.00	0.1954	.	2	8002	42036	51010
Oni	4	2220225	2190486	0.0835	0.00	0.1954	.	4	-29739	9499	19780
Oni	4	2220225	2190486	0.0835	0.00	0.1954	.	4	-29739	9499	19780
Oni	12	10487872	10495294	0.0841	0.00	0.1953	.	2	7422	42039	51187
Oni	1	11577836	11575786	0.0813	0.00	0.1951	.	2	-2050	9499	18723
Oni	8	26528375	26535788	0.0840	0.00	0.1942	.	2	7413	42056	51187
Oni	5	17504647	17503754	0.0825	0.00	0.1937	.	2	-893	9499	18831
Oni	5	17504647	17503754	0.0825	0.00	0.1937	.	2	-893	9499	18831
Oni	3	7971933	7980471	0.0803	0.00	0.1932	.	2	8538	8974	17127
Oni	3	7971933	7980471	0.0803	0.00	0.1932	.	2	8538	8974	17127
Oni	7	11084287	11093969	0.0768	0.00	0.1930	.	2	9682	9499	19561
Oni	7	11084287	11093969	0.0768	0.00	0.1930	.	2	9682	9499	19561
Oni	8	19126665	19136756	0.0767	0.00	0.1927	.	2	10091	9499	19313
Oni	8	19126665	19136756	0.0767	0.00	0.1927	.	2	10091	9499	19313
Oni	5	24782156	24770504	0.0825	0.00	0.1924	.	4	-11652	42038	50897
Oni	5	24782156	24770504	0.0825	0.00	0.1924	.	4	-11652	42038	50897
Oni	7	18174018	18186572	0.0786	0.00	0.1921	.	3	12554	9499	19399
Oni	7	18174018	18186572	0.0786	0.00	0.1921	.	3	12554	9499	19399
Oni	10	26660981	26670077	0.0761	0.00	0.1916	.	3	9096	9949	19322
Oni	10	26660981	26670077	0.0761	0.00	0.1916	.	3	9096	9949	19322
Oni	6	4366752	4366746	0.0848	0.00	0.1915	.	3	-6	42157	51191
Oni	5	5025333	5035123	0.0822	0.00	0.1911	.	4	9790	9499	19517
Oni	1	11503430	11575786	0.0813	0.00	0.1911	.	3	72356	9499	18723
Oni	4	34748018	34755081	0.0801	0.00	0.1908	.	2	7063	44011	51187
Oni	1	35548848	35555823	0.0795	0.00	0.1908	.	3	6975	44011	51190
Oni	1	35548848	35555823	0.0795	0.00	0.1908	.	3	6975	44011	51190
Oni	8	4481319	4488159	0.0772	0.00	0.1906	.	2	6840	8974	19644
Oni	9	3426131	3475481	0.0821	0.00	0.1905	.	3	49350	9499	18793
Oni	9	3426131	3475481	0.0821	0.00	0.1905	.	3	49350	9499	18793
Oni	1	43674178	43674177	0.0787	0.00	0.1905	.	2	-1	44011	51010
Oni	1	43674178	43674177	0.0787	0.00	0.1905	.	2	-1	44011	51010
Oni	11	21105617	21105616	0.0787	0.00	0.1904	.	2	-1	44011	51010
Oni	11	21105617	21105616	0.0787	0.00	0.1904	.	2	-1	44011	51010
Oni	5	30569072	30569071	0.0786	0.00	0.1904	.	2	-1	44011	51006
Oni	9	22762079	22762078	0.0786	0.00	0.1904	.	2	-1	44023	51010
Oni	9	22762079	22762078	0.0786	0.00	0.1904	.	2	-1	44023	51010
Oni	9	19730061	19737000	0.0787	0.00	0.1903	.	2	6939	44011	51010
Oni	9	19730061	19737000	0.0787	0.00	0.1903	.	2	6939	44011	51010
Oni	3	34105176	34100005	0.0781	0.00	0.1901	.	2	-5171	9888	19522
Oni	3	34105176	34100005	0.0781	0.00	0.1901	.	2	-5171	9888	19522
Oni	8	10363263	10361651	0.0790	0.00	0.1899	.	2	-1612	9499	18077
Oni	11	2982131	2981501	0.0803	0.00	0.1894	.	2	-630	42221	51010
Oni	11	2982131	2981501	0.0803	0.00	0.1894	.	2	-630	42221	51010
Oni	11	8387037	8383748	0.0742	0.00	0.1891	.	2	-3289	9499	19625
Oni	11	31710755	31717701	0.0781	0.00	0.1891	.	3	6946	44011	51014
Oni	1	10815674	10855936	0.0791	0.00	0.1890	.	3	40262	10756	19784
Oni	1	10815674	10855936	0.0791	0.00	0.1890	.	3	40262	10756	19784
Oni	3	24692291	24690972	0.0789	0.00	0.1886	.	2	-1319	9499	17842
Oni	3	24692291	24690972	0.0789	0.00	0.1886	.	2	-1319	9499	17842
Oni	5	25481796	25488675	0.0781	0.00	0.1886	.	2	6879	44011	51010
Oni	5	25481796	25488675	0.0781	0.00	0.1886	.	2	6879	44011	51010
Oni	11	25490705	25497551	0.0775	0.00	0.1885	.	3	6846	44011	51010
Oni	11	25490705	25497551	0.0775	0.00	0.1885	.	3	6846	44011	51010
Oni	3	615557	622379	0.0775	0.00	0.1884	.	3	6822	44011	51010
Oni	6	1699332	1706157	0.0775	0.00	0.1884	.	3	6825	44011	51010
Oni	6	1699332	1706157	0.0775	0.00	0.1884	.	3	6825	44011	51010
Oni	11	22315246	22322073	0.0775	0.00	0.1884	.	3	6827	44011	51010
Oni	11	22315246	22322073	0.0775	0.00	0.1884	.	3	6827	44011	51010
Oni	10	15127411	15134234	0.0775	0.00	0.1884	.	3	6823	44011	51010
Oni	9	17072431	17079253	0.0775	0.00	0.1884	.	3	6822	44011	51010
Oni	9	17072431	17079253	0.0775	0.00	0.1884	.	3	6822	44011	51010
Oni	7	4017489	4024310	0.0775	0.00	0.1884	.	3	6821	44011	51010
Oni	7	4017489	4024310	0.0775	0.00	0.1884	.	3	6821	44011	51010
Oni	7	28710322	28717141	0.0775	0.00	0.1884	.	3	6819	44011	51010
Oni	7	28710322	28717141	0.0775	0.00	0.1884	.	3	6819	44011	51010
Oni	3	1070121	1076946	0.0775	0.00	0.1884	.	3	6825	44011	51010
Oni	1	26646276	26653099	0.0775	0.00	0.1884	.	3	6823	44011	51010
Oni	1	26646276	26653099	0.0775	0.00	0.1884	.	3	6823	44011	51010
Oni	12	19636083	19642909	0.0775	0.00	0.1884	.	3	6826	44011	51010
Oni	4	24999963	25006789	0.0775	0.00	0.1884	.	3	6826	44011	51010
Oni	4	32549224	32556042	0.0775	0.00	0.1884	.	3	6818	44011	51010
Oni	4	32549224	32556042	0.0775	0.00	0.1884	.	3	6818	44011	51010
Oni	6	7746874	7753695	0.0775	0.00	0.1884	.	3	6821	44011	51010
Oni	6	7746874	7753695	0.0775	0.00	0.1884	.	3	6821	44011	51010
Oni	2	26425296	26432116	0.0775	0.00	0.1884	.	3	6820	44011	51010
Oni	2	26425296	26432116	0.0775	0.00	0.1884	.	3	6820	44011	51010
Oni	2	33797137	33803961	0.0775	0.00	0.1884	.	3	6824	44011	51010
Oni	2	33797137	33803961	0.0775	0.00	0.1884	.	3	6824	44011	51010
Oni	9	14696361	14703186	0.0775	0.00	0.1884	.	3	6825	44011	51010
Oni	9	14696361	14703186	0.0775	0.00	0.1884	.	3	6825	44011	51010
Oni	8	28474244	28481057	0.0775	0.00	0.1884	.	3	6813	44011	51010
Oni	8	28474244	28481057	0.0775	0.00	0.1884	.	3	6813	44011	51010
Oni	2	10646218	10646221	0.0762	0.00	0.1884	.	2	3	42745	51010
Oni	2	18087533	18094338	0.0775	0.00	0.1884	.	3	6805	44011	51010
Oni	2	18087533	18094338	0.0775	0.00	0.1884	.	3	6805	44011	51010
Oni	1	34820782	34827593	0.0759	0.00	0.1871	.	2	6811	42043	51187
Oni	1	34820782	34827593	0.0759	0.00	0.1871	.	2	6811	42043	51187
Oni	3	19086234	19094927	0.0736	0.00	0.1860	.	2	8693	9347	17374
Oni	3	19086234	19094927	0.0736	0.00	0.1860	.	2	8693	9347	17374
Oni	7	24695983	24698743	0.0761	0.00	0.1852	.	4	2760	42036	51187
Oni	1	14422935	14422864	0.0756	0.00	0.1851	.	2	-71	42180	51187
Oni	2	6067058	6064825	0.0775	0.00	0.1849	.	3	-2233	44011	51010
Oni	2	6067058	6064825	0.0775	0.00	0.1849	.	3	-2233	44011	51010
Oni	7	7996371	7994136	0.0775	0.00	0.1849	.	3	-2235	44011	51010
Oni	7	7996371	7994136	0.0775	0.00	0.1849	.	3	-2235	44011	51010
Oni	3	1197923	1195685	0.0775	0.00	0.1849	.	3	-2238	44011	51010
Oni	4	28338225	28335985	0.0775	0.00	0.1849	.	3	-2240	44011	51010
Oni	4	28338225	28335985	0.0775	0.00	0.1849	.	3	-2240	44011	51010
Oni	3	22809883	22807644	0.0775	0.00	0.1849	.	3	-2239	44011	51010
Oni	1	34243881	34241642	0.0775	0.00	0.1849	.	3	-2239	44011	51010
Oni	1	34243881	34241642	0.0775	0.00	0.1849	.	3	-2239	44011	51010
Oni	2	10778113	10775874	0.0775	0.00	0.1849	.	3	-2239	44011	51010
Oni	8	26983941	26981702	0.0775	0.00	0.1849	.	3	-2239	44011	51010
Oni	11	5684920	5682682	0.0775	0.00	0.1849	.	3	-2238	44011	51010
Oni	11	5684920	5682682	0.0775	0.00	0.1849	.	3	-2238	44011	51010
Oni	2	5707406	5705167	0.0775	0.00	0.1849	.	3	-2239	44011	51010
Oni	2	5707406	5705167	0.0775	0.00	0.1849	.	3	-2239	44011	51010
Oni	1	32554673	32552434	0.0775	0.00	0.1849	.	3	-2239	44011	51010
Oni	1	32554673	32552434	0.0775	0.00	0.1849	.	3	-2239	44011	51010
Oni	9	15839758	15837520	0.0775	0.00	0.1849	.	3	-2238	44011	51010
Oni	9	15839758	15837520	0.0775	0.00	0.1849	.	3	-2238	44011	51010
Oni	12	16757895	16755651	0.0775	0.00	0.1849	.	3	-2244	44011	51010
Oni	12	16757895	16755651	0.0775	0.00	0.1849	.	3	-2244	44011	51010
Oni	12	603208	600969	0.0775	0.00	0.1849	.	3	-2239	44011	51010
Oni	7	27760371	27758132	0.0773	0.00	0.1848	.	3	-2239	44022	51010
Oni	7	27760371	27758132	0.0773	0.00	0.1848	.	3	-2239	44022	51010
Oni	9	315799	313530	0.0766	0.00	0.1842	.	3	-2269	44011	51010
Oni	9	21844582	21839235	0.0775	0.00	0.1841	.	4	-5347	44011	51010
Oni	9	21844582	21839235	0.0775	0.00	0.1841	.	4	-5347	44011	51010
Oni	8	16240536	16247057	0.0742	0.00	0.1839	.	2	6521	44042	51187
Oni	11	30759732	30757424	0.0708	0.00	0.1839	.	2	-2308	8888	19647
Oni	11	30759732	30757424	0.0708	0.00	0.1839	.	2	-2308	8888	19647
Oni	2	20636112	20645178	0.0689	0.00	0.1835	.	2	9066	10801	19665
Oni	4	32034386	32225859	0.0787	0.00	0.1832	.	7	191473	44011	51010
Oni	9	5880614	5880624	0.0781	0.00	0.1831	.	2	10	44011	51010
Oni	9	5880614	5880624	0.0781	0.00	0.1831	.	2	10	44011	51010
Oni	11	24279139	24277644	0.0334	0.00	0.1829	.	2	-1495	49202	80174
Oni	7	16091022	16111687	0.0717	0.00	0.1828	.	4	20665	8974	19704
Oni	12	24288315	24288320	0.0719	0.00	0.1826	.	4	5	9499	19482
Oni	12	24288315	24288320	0.0719	0.00	0.1826	.	4	5	9499	19482
Oni	4	32213992	32225859	0.0775	0.00	0.1823	.	5	11867	44011	51010
Oni	4	32213992	32225859	0.0775	0.00	0.1823	.	5	11867	44011	51010
Oni	5	28665673	28665683	0.0781	0.00	0.1823	.	3	10	44011	51010
Oni	5	28665673	28665683	0.0781	0.00	0.1823	.	3	10	44011	51010
Oni	1	10511943	10501157	0.0694	0.00	0.1820	.	3	-10786	9499	19399
Oni	1	10511943	10501157	0.0694	0.00	0.1820	.	3	-10786	9499	19399
Oni	2	9552120	9552117	0.0708	0.00	0.1819	.	3	-3	9002	19741
Oni	1	20395014	20394195	0.0670	0.00	0.1819	.	2	-819	9499	19350
Oni	7	16091022	16111687	0.0699	0.00	0.1817	.	3	20665	8974	19549
Oni	9	14295741	14281219	0.0761	0.00	0.1816	.	3	-14522	44258	51028
Oni	9	14295741	14281219	0.0761	0.00	0.1816	.	3	-14522	44258	51028
Oni	3	1070121	1195685	0.0775	0.00	0.1816	.	6	125564	44011	51010
Oni	10	15127411	15134234	0.0775	0.00	0.1816	.	7	6823	44011	51010
Oni	1	718180	741502	0.0775	0.00	0.1816	.	10	23322	44011	51010
Oni	4	24999963	25237982	0.0775	0.00	0.1816	.	12	238019	44011	51010
Oni	7	29868292	29874654	0.0721	0.00	0.1816	.	2	6362	42745	51078
Oni	7	29868292	29874654	0.0721	0.00	0.1816	.	2	6362	42745	51078
Oni	4	12346337	12420496	0.0708	0.00	0.1810	.	5	74159	9499	19647
Oni	2	13605569	13611692	0.0697	0.00	0.1808	.	2	6123	42034	51187
Oni	2	13605569	13611692	0.0697	0.00	0.1808	.	2	6123	42034	51187
Oni	8	2136840	2143041	0.0706	0.00	0.1807	.	2	6201	42039	48435
Oni	8	2136840	2143041	0.0706	0.00	0.1807	.	2	6201	42039	48435
Oni	11	28553092	28582565	0.0623	0.00	0.1805	.	3	29473	8973	23383
Oni	11	28553092	28582565	0.0623	0.00	0.1805	.	3	29473	8973	23383
Oni	6	20684087	20727356	0.0697	0.00	0.1798	.	4	43269	9499	19477
Oni	5	31028455	31034467	0.0682	0.00	0.1792	.	3	6012	42039	51187
Oni	5	31028455	31034467	0.0682	0.00	0.1792	.	3	6012	42039	51187
Oni	11	20768910	20776812	0.0658	0.00	0.1790	.	2	7902	11849	19709
Oni	11	20768910	20776812	0.0658	0.00	0.1790	.	2	7902	11849	19709
Oni	8	16091221	16091213	0.0696	0.00	0.1780	.	2	-8	42745	51073
Oni	1	895491	892176	0.0697	0.00	0.1780	.	4	-3315	44011	51010
Oni	1	39334492	39356153	0.0704	0.00	0.1777	.	3	21661	44011	51010
Oni	4	14820837	14712263	0.0596	0.00	0.1772	.	2	-108574	9499	23383
Oni	4	32034386	32034393	0.0685	0.00	0.1771	.	2	7	44011	51010
Oni	7	16307341	16305602	0.0659	0.00	0.1759	.	3	-1739	44011	51010
Oni	7	16307341	16305602	0.0659	0.00	0.1759	.	3	-1739	44011	51010
Oni	1	13236057	13241795	0.0650	0.00	0.1746	.	2	5738	45222	51014
Oni	2	16285685	16291421	0.0650	0.00	0.1746	.	2	5736	45222	51014
Oni	5	5783448	5789180	0.0650	0.00	0.1745	.	2	5732	45222	51010
Oni	5	5783448	5789180	0.0650	0.00	0.1745	.	2	5732	45222	51010
Oni	9	8871039	8827044	0.0630	0.00	0.1739	.	4	-43995	9499	19610
Oni	9	8871039	8827044	0.0630	0.00	0.1739	.	4	-43995	9499	19610
Oni	3	35156477	35154962	0.0661	0.00	0.1738	.	3	-1515	44011	51010
Oni	3	35156477	35154962	0.0661	0.00	0.1738	.	3	-1515	44011	51010
Oni	6	26591441	26657722	0.0619	0.00	0.1729	.	2	66281	9499	19622
Oni	6	26591441	26657722	0.0619	0.00	0.1729	.	2	66281	9499	19622
Oni	1	14629508	14627512	0.0638	0.00	0.1729	.	2	-1996	8974	16519
Oni	1	14629508	14627512	0.0638	0.00	0.1729	.	2	-1996	8974	16519
Oni	10	18096393	18102030	0.0637	0.00	0.1726	.	3	5637	44011	51010
Oni	10	18096393	18102030	0.0637	0.00	0.1726	.	3	5637	44011	51010
Oni	2	4462868	4468255	0.0612	0.00	0.1721	.	2	5387	42058	51187
Oni	1	35797701	35797700	0.0650	0.00	0.1715	.	2	-1	45222	51010
Oni	1	35797701	35797700	0.0650	0.00	0.1715	.	2	-1	45222	51010
Oni	11	11594974	11592921	0.0615	0.00	0.1715	.	2	-2053	9499	19663
Oni	11	11594974	11592921	0.0615	0.00	0.1715	.	2	-2053	9499	19663
Oni	7	1320060	1325429	0.0609	0.00	0.1701	.	3	5369	44011	51010
Oni	6	27967427	27975210	0.0575	0.00	0.1689	.	2	7783	9499	16727
Oni	9	1318688	1423889	0.0593	0.00	0.1689	.	4	105201	9499	17373
Oni	12	6354951	6352825	0.0599	0.00	0.1688	.	3	-2126	9016	16946
Oni	12	6354951	6352825	0.0599	0.00	0.1688	.	3	-2126	9016	16946
Oni	12	2920550	2949583	0.0571	0.00	0.1679	.	2	29033	42039	51187
Oni	12	6676158	6676163	0.0533	0.00	0.1675	.	2	5	8886	19647
Oni	11	18491668	18432003	0.0602	0.00	0.1671	.	2	-59665	9508	16914
Oni	11	16969422	16992090	0.0599	0.00	0.1665	.	2	22668	10073	17473
Oni	11	16969422	16992090	0.0599	0.00	0.1665	.	2	22668	10073	17473
Oni	8	24211155	24210605	0.0549	0.00	0.1647	.	2	-550	44011	51010
Oni	3	12978947	12975921	0.0553	0.00	0.1638	.	3	-3026	44011	51010
Oni	3	12978947	12975921	0.0553	0.00	0.1638	.	3	-3026	44011	51010
Oni	7	24604593	24604442	0.0545	0.00	0.1628	.	2	-151	45222	51026
Oni	5	21730803	21725660	0.0504	0.00	0.1622	.	3	-5143	9499	17426
Oni	5	21730803	21725660	0.0504	0.00	0.1622	.	3	-5143	9499	17426
Oni	5	16000010	15988563	0.0520	0.00	0.1608	.	3	-11447	44011	51010
Oni	3	33376990	33381558	0.0517	0.00	0.1608	.	3	4568	43871	51187
Oni	3	33376990	33381558	0.0517	0.00	0.1608	.	3	4568	43871	51187
Oni	2	34585116	34584111	0.0508	0.00	0.1608	.	3	-1005	44011	51010
Oni	2	34585116	34584111	0.0508	0.00	0.1608	.	3	-1005	44011	51010
Oni	2	15930045	15904170	0.0530	0.00	0.1604	.	3	-25875	11935	19056
Oni	2	15930045	15904170	0.0530	0.00	0.1604	.	3	-25875	11935	19056
Oni	10	10487579	10487587	0.0448	0.00	0.1596	.	2	8	8909	19647
Oni	10	10487579	10487587	0.0448	0.00	0.1596	.	2	8	8909	19647
Oni	11	21464162	21469211	0.0494	0.00	0.1579	.	2	5049	44011	51010
Oni	11	21464162	21469211	0.0494	0.00	0.1579	.	2	5049	44011	51010
Oni	11	5328825	5328553	0.0476	0.00	0.1574	.	2	-272	44302	51187
Oni	6	31024857	31028870	0.0457	0.00	0.1571	.	2	4013	42039	51187
Oni	6	31024857	31028870	0.0457	0.00	0.1571	.	2	4013	42039	51187
Oni	10	5531988	5557269	0.0571	0.00	0.1568	.	2	25281	8887	13921
Oni	7	21333040	21333051	0.0415	0.00	0.1560	.	2	11	8990	19788
Oni	7	21333040	21333051	0.0415	0.00	0.1560	.	2	11	8990	19788
Oni	2	9552120	9552117	0.0413	0.00	0.1560	.	2	-3	9002	19741
Oni	9	18463576	18462788	0.0449	0.00	0.1559	.	2	-788	44011	51010
Oni	9	18463576	18462788	0.0449	0.00	0.1559	.	2	-788	44011	51010
Oni	7	15026265	15029861	0.0412	0.00	0.1546	.	2	3596	9357	19370
Oni	7	15026265	15029861	0.0412	0.00	0.1546	.	2	3596	9357	19370
Oni	3	38636942	38636945	0.0438	0.00	0.1536	.	2	3	43900	51010
Oni	3	38636942	38636945	0.0438	0.00	0.1536	.	2	3	43900	51010
Oni	1	23485121	23492512	0.0495	0.00	0.1533	.	2	7391	15294	19663
Oni	1	23485121	23492512	0.0495	0.00	0.1533	.	2	7391	15294	19663
Oni	12	22755272	22755255	0.0390	0.00	0.1528	.	2	-17	9499	19562
Oni	12	22755272	22755255	0.0390	0.00	0.1528	.	2	-17	9499	19562
Oni	2	37187176	37187171	0.0427	0.00	0.1523	.	2	-5	44011	51190
Oni	2	37187176	37187171	0.0427	0.00	0.1523	.	2	-5	44011	51190
Oni	12	26049776	26053996	0.0381	0.00	0.1519	.	2	4220	9499	19456
Oni	12	26049776	26053996	0.0381	0.00	0.1519	.	2	4220	9499	19456
Oni	2	31571590	31571005	0.0418	0.00	0.1518	.	2	-585	44011	51010
Oni	2	31571590	31571005	0.0418	0.00	0.1518	.	2	-585	44011	51010
Oni	1	11175071	11387645	0.0460	0.00	0.1483	.	2	212574	8974	13030
Oni	10	14757946	14822673	0.0451	0.00	0.1473	.	2	64727	9499	13476
Oni	3	28477403	28616620	0.0422	0.00	0.1443	.	2	139217	9499	13225
Oni	7	24695983	24698743	0.0315	0.00	0.1443	.	2	2760	42036	51187
Oni	12	21057539	21057339	0.0420	0.00	0.1438	.	2	-200	16078	19781
Oni	12	24026912	24023876	0.0400	0.00	0.1433	.	2	-3036	9499	13030
Oni	12	24026912	24023876	0.0400	0.00	0.1433	.	2	-3036	9499	13030
Oni	6	3742359	3745696	0.0379	0.00	0.1431	.	2	3337	44011	47468
Oni	6	3742359	3745696	0.0379	0.00	0.1431	.	2	3337	44011	47468
Oni	11	22772444	22771769	0.0325	0.00	0.1421	.	2	-675	44011	51010
Oni	11	22772444	22771769	0.0325	0.00	0.1421	.	2	-675	44011	51010
Oni	1	11503430	11387645	0.0400	0.00	0.1420	.	2	-115785	9499	13030
Oni	3	31439288	31439026	0.0300	0.00	0.1395	.	2	-262	44011	51010
Oni	3	31439288	31439026	0.0300	0.00	0.1395	.	2	-262	44011	51010
Oni	4	3961938	3961937	0.0290	0.00	0.1384	.	2	-1	44011	51010
Oni	4	3961938	3961937	0.0290	0.00	0.1384	.	2	-1	44011	51010
Oni	5	30213297	30212803	0.0287	0.00	0.1383	.	2	-494	44011	51010
Oni	5	30213297	30212803	0.0287	0.00	0.1383	.	2	-494	44011	51010
Oni	5	5262461	5166488	0.0352	0.00	0.1370	.	3	-95973	8933	12038
Oni	5	11133659	11133448	0.0262	0.00	0.1358	.	2	-211	44011	51010
Oni	10	15220911	15228979	0.0280	0.00	0.1297	.	4	8068	44011	46592
Oni	4	12683767	12789231	0.0216	0.00	0.1227	.	2	105464	9499	11408
Oni	6	15927217	16070120	0.0123	0.00	0.1129	.	2	142903	15723	16806
Oni	7	3080623	3079212	0.0059	0.00	0.0508	.	2	-1411	29824	30346
Oni	7	3080623	3079212	0.0059	0.00	0.0508	.	2	-1411	29824	30346
Ome	8	2937553	2973416	0.2364	0.00	0.4146	.	12	35863	32783	88249
Ome	8	2937553	2973416	0.2364	0.00	0.4146	.	12	35863	32783	88249
Ome	2	23943614	24106619	0.1697	0.00	0.3764	.	4	163005	8974	80921
Ome	12	19164608	19045544	0.2042	0.00	0.3565	.	5	-119064	8887	51187
Ome	1	42764108	42614098	0.1927	0.00	0.3538	.	4	-150010	9499	51187
Ome	9	14656532	14836751	0.1518	0.00	0.3119	.	3	180219	8979	51187
Ome	3	38739846	38906285	0.1537	0.00	0.3119	.	2	166439	8974	51187
Ome	2	24715458	24791657	0.1540	0.00	0.3103	.	2	76199	8979	51187
Ome	3	18123147	17888750	0.1509	0.00	0.3085	.	2	-234397	9089	51187
Ome	8	18741033	18717476	0.1532	0.00	0.3080	.	4	-23557	8887	51187
Ome	8	18741033	18717476	0.1527	0.00	0.3075	.	4	-23557	8887	51187
Ome	5	24684107	24582432	0.1479	0.00	0.3065	.	2	-101675	9499	51194
Ome	5	24684107	24582432	0.1479	0.00	0.3065	.	2	-101675	9499	51194
Ome	10	16253939	16240680	0.1456	0.00	0.3056	.	4	-13259	8893	51187
Ome	5	1937833	1809678	0.1476	0.00	0.3046	.	2	-128155	9001	51187
Ome	5	1937833	2170793	0.1476	0.00	0.3046	.	2	232960	9001	51187
Ome	4	3540497	3640495	0.1487	0.00	0.3028	.	2	99998	8979	50919
Ome	11	5347016	5462623	0.1478	0.00	0.3019	.	2	115607	9499	51187
Ome	11	5347016	5462623	0.1478	0.00	0.3019	.	2	115607	9499	51187
Ome	5	13840360	13755101	0.1352	0.00	0.2994	.	3	-85259	8887	51187
Ome	7	3026027	2926129	0.1424	0.00	0.2967	.	2	-99898	9837	51187
Ome	5	9422718	9526817	0.1383	0.00	0.2953	.	2	104099	9499	51187
Ome	3	28647819	28585347	0.1415	0.00	0.2952	.	2	-62472	8887	50401
Ome	1	32253030	32390845	0.1369	0.00	0.2951	.	2	137815	8887	51187
Ome	1	11007142	10915262	0.1331	0.00	0.2942	.	5	-91880	8887	51187
Ome	6	5667966	5481866	0.1321	0.00	0.2939	.	3	-186100	8887	51187
Ome	1	14541764	14719009	0.1325	0.00	0.2900	.	2	177245	8888	51187
Ome	12	2745249	2555898	0.1309	0.00	0.2895	.	2	-189351	9017	51174
Ome	7	487430	585806	0.0685	0.00	0.2879	.	2	98376	8971	80921
Ome	4	28053877	27961213	0.0707	0.00	0.2861	.	2	-92664	8887	80921
Ome	12	14291425	14329662	0.0659	0.00	0.2813	.	4	38237	8887	80741
Ome	12	14291425	14329662	0.0658	0.00	0.2812	.	3	38237	8887	80741
Ome	1	14225896	14270510	0.1281	0.00	0.2799	.	2	44614	10886	51187
Ome	2	24121689	24106619	0.1217	0.00	0.2791	.	2	-15070	42038	80921
Ome	10	16253939	16240680	0.1152	0.00	0.2777	.	4	-13259	8893	51187
Ome	8	13444331	13387382	0.0713	0.00	0.2753	.	4	-56949	9503	74944
Ome	8	13444331	13387382	0.0713	0.00	0.2753	.	4	-56949	9503	74944
Ome	6	27957287	28032518	0.0591	0.00	0.2737	.	3	75231	8975	79883
Ome	5	23711938	23698950	0.1234	0.00	0.2718	.	3	-12988	15723	51187
Ome	5	23711938	23698950	0.1234	0.00	0.2718	.	3	-12988	15723	51187
Ome	11	15290864	15479692	0.0548	0.00	0.2718	.	2	188828	9499	80869
Ome	7	28070525	28090161	0.1065	0.00	0.2710	.	5	19636	9499	51010
Ome	5	13840360	14042870	0.0565	0.00	0.2707	.	2	202510	8887	79894
Ome	7	28070525	28277704	0.1065	0.00	0.2669	.	8	207179	9499	51010
Ome	6	27957287	28032518	0.0533	0.00	0.2668	.	2	75231	8975	79883
Ome	9	20725063	20917647	0.0997	0.00	0.2636	.	3	192584	8807	51187
Ome	5	14211684	14042870	0.0461	0.00	0.2623	.	2	-168814	9499	79894
Ome	9	12124899	12202265	0.0507	0.00	0.2580	.	3	77366	8974	75586
Ome	7	16188653	16499680	0.0893	0.00	0.2518	.	5	311027	8974	51010
Ome	9	12253255	12202265	0.0447	0.00	0.2513	.	2	-50990	9499	75586
Ome	9	12957863	12995837	0.0939	0.00	0.2488	.	2	37974	8974	46800
Ome	11	26183825	26070420	0.1321	0.00	0.2446	.	4	-113405	8979	23383
Ome	9	9105887	9195001	0.0746	0.00	0.2386	.	4	89114	8974	51192
Ome	9	9105887	9195001	0.0746	0.00	0.2386	.	4	89114	8974	51192
Ome	3	14193513	14204244	0.1204	0.00	0.2375	.	3	10731	8974	19647
Ome	3	14193513	14204244	0.1204	0.00	0.2375	.	3	10731	8974	19647
Ome	7	16554598	16499680	0.0714	0.00	0.2356	.	2	-54918	9042	51010
Ome	12	17338415	17235622	0.1235	0.00	0.2322	.	3	-102793	8887	19782
Ome	9	11267547	11278283	0.1136	0.00	0.2314	.	3	10736	8974	19647
Ome	12	17338415	17431411	0.1169	0.00	0.2287	.	4	92996	8887	19518
Ome	12	432267	430710	0.1202	0.00	0.2284	.	3	-1557	9040	19647
Ome	12	17987020	17788261	0.1203	0.00	0.2279	.	4	-198759	8887	19780
Ome	12	17680976	17788261	0.1193	0.00	0.2269	.	4	107285	8974	19780
Ome	9	11718415	11716918	0.1088	0.00	0.2266	.	2	-1497	8974	19647
Ome	9	11718415	11716918	0.1088	0.00	0.2266	.	2	-1497	8974	19647
Ome	12	17420567	17431411	0.1169	0.00	0.2253	.	4	10844	8887	19518
Ome	12	17235536	17235622	0.1131	0.00	0.2247	.	2	86	9799	19782
Ome	8	13743320	13735660	0.1085	0.00	0.2238	.	3	-7660	9620	19663
Ome	8	13743320	13735660	0.1085	0.00	0.2238	.	3	-7660	9620	19663
Ome	11	26183825	26182390	0.1168	0.00	0.2236	.	4	-1435	8979	19562
Ome	7	18549114	18547387	0.1146	0.00	0.2230	.	3	-1727	9012	19663
Ome	4	11047466	11073983	0.1146	0.00	0.2226	.	5	26517	8887	19647
Ome	4	11047466	11073983	0.1146	0.00	0.2226	.	5	26517	8887	19647
Ome	9	11267547	11278283	0.1136	0.00	0.2225	.	4	10736	8974	19647
Ome	7	18549114	18547387	0.1146	0.00	0.2218	.	4	-1727	9012	19663
Ome	4	29234786	29060450	0.0768	0.00	0.2216	.	3	-174336	21358	51190
Ome	6	23683486	23694292	0.1029	0.00	0.2209	.	2	10806	8806	19518
Ome	3	15408237	15565795	0.0567	0.00	0.2200	.	2	157558	9499	50429
Ome	11	6900309	6898841	0.1113	0.00	0.2197	.	4	-1468	8887	19780
Ome	11	6900309	6898841	0.1113	0.00	0.2197	.	4	-1468	8887	19780
Ome	1	42604963	42614098	0.1033	0.00	0.2189	.	2	9135	42038	51187
Ome	11	16414118	16190179	0.0484	0.00	0.2158	.	3	-223939	8887	51192
Ome	11	16062286	16190179	0.0482	0.00	0.2155	.	3	127893	8979	51192
Ome	9	14836748	14836751	0.1033	0.00	0.2150	.	2	3	42039	51187
Ome	5	20117120	20125931	0.1000	0.00	0.2144	.	2	8811	42038	51187
Ome	5	20117120	20125931	0.1000	0.00	0.2144	.	2	8811	42038	51187
Ome	3	21299074	21307902	0.1000	0.00	0.2143	.	2	8828	42039	51187
Ome	3	21299074	21307902	0.1000	0.00	0.2143	.	2	8828	42039	51187
Ome	1	11007142	11003242	0.1018	0.00	0.2139	.	3	-3900	8887	19562
Ome	11	18686481	18616542	0.1002	0.00	0.2135	.	4	-69939	8887	19780
Ome	11	18686481	18616542	0.1002	0.00	0.2135	.	4	-69939	8887	19780
Ome	9	16776962	16776966	0.1034	0.00	0.2130	.	2	4	42039	51187
Ome	9	16776962	16776966	0.1034	0.00	0.2130	.	2	4	42039	51187
Ome	11	17527080	17734431	0.1016	0.00	0.2125	.	3	207351	8803	19403
Ome	10	8220006	8235137	0.1009	0.00	0.2123	.	4	15131	8887	19479
Ome	7	19275966	19285738	0.0956	0.00	0.2117	.	2	9772	9499	19780
Ome	7	19275966	19285738	0.0956	0.00	0.2117	.	2	9772	9499	19780
Ome	6	23683486	23694292	0.1029	0.00	0.2114	.	4	10806	8806	19518
Ome	10	8220006	8235137	0.1009	0.00	0.2102	.	5	15131	8887	19479
Ome	11	17813328	17734431	0.0987	0.00	0.2098	.	3	-78897	8887	19403
Ome	10	14903120	14924309	0.1037	0.00	0.2093	.	2	21189	42039	51187
Ome	10	14903120	14924309	0.1037	0.00	0.2093	.	2	21189	42039	51187
Ome	12	19164608	19183368	0.1005	0.00	0.2088	.	4	18760	8887	19562
Ome	11	22607255	22736210	0.0975	0.00	0.2086	.	3	128955	9002	19562
Ome	12	8491151	8559369	0.0969	0.00	0.2083	.	3	68218	8887	19780
Ome	12	21550962	21550966	0.1004	0.00	0.2083	.	5	4	42274	51187
Ome	12	21550962	21550966	0.1004	0.00	0.2083	.	5	4	42274	51187
Ome	12	8982346	8952395	0.0959	0.00	0.2076	.	3	-29951	8887	19508
Ome	12	8982346	8952395	0.0959	0.00	0.2076	.	3	-29951	8887	19508
Ome	3	27710887	27766918	0.0959	0.00	0.2074	.	3	56031	9020	19486
Ome	3	27710887	27766918	0.0959	0.00	0.2074	.	3	56031	9020	19486
Ome	3	24578102	24521687	0.0964	0.00	0.2071	.	3	-56415	8887	19554
Ome	3	24578102	24521687	0.0964	0.00	0.2071	.	3	-56415	8887	19554
Ome	2	6559216	6624033	0.0955	0.00	0.2064	.	3	64817	8887	19467
Ome	2	6559216	6624033	0.0955	0.00	0.2064	.	3	64817	8887	19467
Ome	8	19036250	19034698	0.0903	0.00	0.2064	.	2	-1552	9499	19623
Ome	12	8491151	8559369	0.0977	0.00	0.2064	.	4	68218	8887	19780
Ome	12	8491151	8559369	0.0977	0.00	0.2064	.	3	68218	8887	19780
Ome	9	4323979	4515583	0.0943	0.00	0.2063	.	4	191604	8808	19436
Ome	10	1493041	1493045	0.0999	0.00	0.2062	.	2	4	42024	51187
Ome	10	1493041	1493045	0.0999	0.00	0.2062	.	2	4	42024	51187
Ome	1	42764108	42762200	0.0894	0.00	0.2061	.	2	-1908	9499	19498
Ome	11	5759403	5757144	0.0890	0.00	0.2055	.	2	-2259	9499	19402
Ome	11	22726675	22736210	0.0896	0.00	0.2053	.	2	9535	9499	19562
Ome	10	5007483	5200836	0.0954	0.00	0.2051	.	5	193353	8974	19399
Ome	1	26698251	26718702	0.0953	0.00	0.2050	.	4	20451	42745	51182
Ome	1	26698251	26718702	0.0953	0.00	0.2050	.	4	20451	42745	51182
Ome	9	7419019	7361459	0.0882	0.00	0.2042	.	7	-57560	8887	23384
Ome	9	7419019	7361459	0.0882	0.00	0.2041	.	5	-57560	8887	23384
Ome	7	17462635	17473161	0.0859	0.00	0.2017	.	2	10526	9499	19494
Ome	7	17462635	17473161	0.0859	0.00	0.2017	.	2	10526	9499	19494
Ome	1	24226032	24225690	0.0938	0.00	0.2016	.	5	-342	42745	51185
Ome	10	11263164	11361497	0.0897	0.00	0.2016	.	3	98333	8975	19503
Ome	11	5759403	5925853	0.0905	0.00	0.2015	.	3	166450	9499	19537
Ome	5	13755106	13755101	0.0901	0.00	0.2014	.	2	-5	42745	51187
Ome	11	10401448	10304046	0.0922	0.00	0.2012	.	5	-97402	8974	19530
Ome	8	18864015	19034698	0.0903	0.00	0.2012	.	3	170683	9499	19623
Ome	10	11263164	11361497	0.0897	0.00	0.2004	.	4	98333	8975	19503
Ome	10	5144205	5200836	0.0894	0.00	0.1994	.	4	56631	9499	19399
Ome	10	5144205	5200836	0.0894	0.00	0.1994	.	4	56631	9499	19399
Ome	11	23411784	23488597	0.0869	0.00	0.1970	.	3	76813	8930	19663
Ome	11	23411784	23488597	0.0869	0.00	0.1970	.	3	76813	8930	19663
Ome	11	9824524	9705755	0.0868	0.00	0.1966	.	6	-118769	8887	19617
Ome	11	9824524	9705755	0.0868	0.00	0.1966	.	6	-118769	8887	19617
Ome	6	5481883	5481866	0.0826	0.00	0.1951	.	2	-17	42034	51187
Ome	10	12196330	12206125	0.0777	0.00	0.1944	.	3	9795	9499	19450
Ome	10	12196330	12206125	0.0777	0.00	0.1944	.	3	9795	9499	19450
Ome	3	13736511	13736515	0.0810	0.00	0.1936	.	2	4	42038	51187
Ome	3	13736511	13736515	0.0810	0.00	0.1936	.	2	4	42038	51187
Ome	10	10225696	10187123	0.0849	0.00	0.1936	.	5	-38573	8887	18543
Ome	10	10225696	10187123	0.0852	0.00	0.1935	.	7	-38573	8887	18543
Ome	10	10225696	10187123	0.0852	0.00	0.1935	.	7	-38573	8887	18543
Ome	3	7533934	7624644	0.0796	0.00	0.1924	.	4	90710	44011	75588
Ome	11	10266921	10304046	0.0818	0.00	0.1920	.	3	37125	9499	19530
Ome	12	23685869	23826995	0.0746	0.00	0.1917	.	4	141126	8974	23383
Ome	7	15420437	15459289	0.0744	0.00	0.1914	.	7	38852	8975	23383
Ome	7	15420437	15459289	0.0744	0.00	0.1909	.	6	38852	8975	23383
Ome	7	15420437	15459289	0.0744	0.00	0.1908	.	5	38852	8975	23383
Ome	4	29597112	29604114	0.0795	0.00	0.1908	.	3	7002	44011	51190
Ome	4	29597112	29604114	0.0795	0.00	0.1908	.	3	7002	44011	51190
Ome	3	36183239	36190259	0.0794	0.00	0.1907	.	3	7020	44011	51191
Ome	3	36183239	36190259	0.0794	0.00	0.1907	.	3	7020	44011	51191
Ome	3	32473546	32480545	0.0794	0.00	0.1906	.	3	6999	44022	51190
Ome	3	32473546	32480545	0.0794	0.00	0.1906	.	3	6999	44022	51190
Ome	9	20917646	20917647	0.0766	0.00	0.1895	.	2	1	42042	51187
Ome	1	24323597	24330420	0.0775	0.00	0.1884	.	3	6823	44011	51010
Ome	3	26067661	26074484	0.0775	0.00	0.1884	.	3	6823	44011	51010
Ome	3	26067661	26074484	0.0775	0.00	0.1884	.	3	6823	44011	51010
Ome	6	3458293	3465117	0.0775	0.00	0.1884	.	3	6824	44011	51010
Ome	6	3458293	3465117	0.0775	0.00	0.1884	.	3	6824	44011	51010
Ome	1	30995269	31002089	0.0775	0.00	0.1884	.	3	6820	44011	51010
Ome	1	30995269	31002089	0.0775	0.00	0.1884	.	3	6820	44011	51010
Ome	7	6488411	6495233	0.0775	0.00	0.1884	.	3	6822	44011	51010
Ome	7	6488411	6495233	0.0775	0.00	0.1884	.	3	6822	44011	51010
Ome	5	1525978	1532799	0.0775	0.00	0.1884	.	3	6821	44011	51010
Ome	4	14828137	14726724	0.0707	0.00	0.1881	.	2	-101413	8979	23383
Ome	4	29325429	29236817	0.0709	0.00	0.1878	.	2	-88612	8979	23383
Ome	1	13173325	13171086	0.0795	0.00	0.1870	.	3	-2239	44011	51191
Ome	1	13173325	13171086	0.0795	0.00	0.1870	.	3	-2239	44011	51191
Ome	3	33347812	33345574	0.0795	0.00	0.1870	.	3	-2238	44011	51190
Ome	3	33347812	33345574	0.0795	0.00	0.1870	.	3	-2238	44011	51190
Ome	2	34264162	34270883	0.0752	0.00	0.1863	.	2	6721	42039	51187
Ome	2	34264162	34270883	0.0752	0.00	0.1863	.	2	6721	42039	51187
Ome	8	8421820	8231970	0.0681	0.00	0.1861	.	2	-189850	8929	23383
Ome	9	4524732	4515583	0.0715	0.00	0.1859	.	3	-9149	9499	19436
Ome	9	4524732	4515583	0.0715	0.00	0.1859	.	3	-9149	9499	19436
Ome	6	16695908	16855980	0.0751	0.00	0.1857	.	2	160072	9012	19562
Ome	12	23785717	23826995	0.0669	0.00	0.1850	.	2	41278	9499	23383
Ome	7	28698032	28695794	0.0775	0.00	0.1849	.	3	-2238	44011	51010
Ome	7	28698032	28695794	0.0775	0.00	0.1849	.	3	-2238	44011	51010
Ome	2	1750598	1748360	0.0775	0.00	0.1849	.	3	-2238	44011	51010
Ome	2	1750598	1748360	0.0775	0.00	0.1849	.	3	-2238	44011	51010
Ome	3	7533934	7531695	0.0775	0.00	0.1849	.	3	-2239	44011	51010
Ome	7	28279943	28277704	0.0775	0.00	0.1849	.	3	-2239	44011	51010
Ome	3	33505936	33503692	0.0775	0.00	0.1849	.	3	-2244	44011	51010
Ome	3	33505936	33503692	0.0775	0.00	0.1849	.	3	-2244	44011	51010
Ome	11	27012804	27019120	0.0716	0.00	0.1821	.	2	6316	44639	51010
Ome	11	27012804	27019120	0.0716	0.00	0.1821	.	2	6316	44639	51010
Ome	7	29431856	29438440	0.0721	0.00	0.1820	.	3	6584	42745	51078
Ome	7	29431856	29438440	0.0721	0.00	0.1820	.	3	6584	42745	51078
Ome	12	10628801	10640306	0.0678	0.00	0.1810	.	2	11505	10229	19562
Ome	12	10628801	10640306	0.0678	0.00	0.1810	.	2	11505	10229	19562
Ome	7	7147574	7040376	0.0698	0.00	0.1806	.	2	-107198	9028	19498
Ome	11	9621473	9705755	0.0698	0.00	0.1804	.	4	84282	9499	19617
Ome	2	33216118	33221961	0.0666	0.00	0.1774	.	2	5843	42039	51187
Ome	5	7084930	7084927	0.0673	0.00	0.1763	.	2	-3	42745	51079
Ome	5	7084930	7084927	0.0673	0.00	0.1763	.	2	-3	42745	51079
Ome	7	10566350	10505084	0.0666	0.00	0.1753	.	3	-61266	8982	17007
Ome	7	10566350	10505084	0.0666	0.00	0.1753	.	3	-61266	8982	17007
Ome	9	8550969	8699133	0.0655	0.00	0.1752	.	2	148164	9859	19390
Ome	8	14305036	14302048	0.0617	0.00	0.1737	.	2	-2988	8807	17473
Ome	8	14305036	14302048	0.0617	0.00	0.1737	.	2	-2988	8807	17473
Ome	8	26832756	26840672	0.0625	0.00	0.1718	.	4	7916	42037	51187
Ome	8	26832756	26840672	0.0625	0.00	0.1718	.	4	7916	42037	51187
Ome	6	5068394	5074528	0.0582	0.00	0.1715	.	2	6134	9499	19377
Ome	6	5068394	5074528	0.0582	0.00	0.1715	.	2	6134	9499	19377
Ome	3	9635873	9640890	0.0568	0.00	0.1683	.	2	5017	42038	51187
Ome	3	9635873	9640890	0.0568	0.00	0.1683	.	2	5017	42038	51187
Ome	5	9921975	9921589	0.0614	0.00	0.1675	.	2	-386	45378	51187
Ome	5	9921975	9921589	0.0614	0.00	0.1675	.	2	-386	45378	51187
Ome	1	29089859	29089852	0.0565	0.00	0.1668	.	2	-7	42221	51010
Ome	1	29089859	29089852	0.0565	0.00	0.1668	.	2	-7	42221	51010
Ome	UN-Ctg41	170204	170201	0.0554	0.00	0.1661	.	2	-3	42163	51187
Ome	6	11936608	11941435	0.0555	0.00	0.1660	.	2	4827	10571	19613
Ome	6	11936608	11941435	0.0555	0.00	0.1660	.	2	4827	10571	19613
Ome	4	29061417	29060450	0.0538	0.00	0.1640	.	2	-967	44011	51190
Ome	9	18732752	18731733	0.0533	0.00	0.1637	.	3	-1019	44011	51193
Ome	9	18732752	18731733	0.0533	0.00	0.1637	.	3	-1019	44011	51193
Ome	7	22089883	22158691	0.0514	0.00	0.1614	.	3	68808	8974	17474
Ome	7	22089883	22158691	0.0514	0.00	0.1614	.	3	68808	8974	17474
Ome	6	16852982	17069335	0.0377	0.00	0.1609	.	2	216353	16529	32388
Ome	2	20509480	20433467	0.0468	0.00	0.1583	.	3	-76013	9709	18650
Ome	3	8180329	8185215	0.0494	0.00	0.1577	.	2	4886	44011	51010
Ome	12	16027332	16016714	0.0548	0.00	0.1576	.	3	-10618	8975	13813
Ome	12	16027332	16016714	0.0548	0.00	0.1576	.	3	-10618	8975	13813
Ome	3	8180329	8335460	0.0494	0.00	0.1569	.	3	155131	44011	51010
Ome	8	24767512	24767513	0.0568	0.00	0.1564	.	2	1	42032	47046
Ome	8	24767512	24767513	0.0568	0.00	0.1564	.	2	1	42032	47046
Ome	6	28884609	28884598	0.0508	0.00	0.1559	.	2	-11	8888	13422
Ome	6	28884609	28884598	0.0508	0.00	0.1559	.	2	-11	8888	13422
Ome	8	4843483	4837055	0.0479	0.00	0.1558	.	3	-6428	9499	16845
Ome	8	4843483	4837055	0.0479	0.00	0.1558	.	3	-6428	9499	16845
Ome	4	12398317	12243712	0.0531	0.00	0.1558	.	3	-154605	8887	13574
Ome	12	21223612	21149124	0.0528	0.00	0.1554	.	2	-74488	8913	13570
Ome	12	16027332	16213087	0.0521	0.00	0.1551	.	4	185755	8975	13570
Ome	9	15961028	16088520	0.0524	0.00	0.1550	.	7	127492	8888	13512
Ome	11	25034564	24874040	0.0524	0.00	0.1550	.	4	-160524	8887	13509
Ome	9	15961028	16088520	0.0524	0.00	0.1548	.	6	127492	8888	13512
Ome	UN-Ctg40	572460	519900	0.0521	0.00	0.1547	.	3	-52560	8979	13576
Ome	2	18623623	18665728	0.0521	0.00	0.1547	.	2	42105	8974	13570
Ome	6	9673367	9881376	0.0520	0.00	0.1546	.	3	208009	8887	13476
Ome	9	13503387	13283696	0.0519	0.00	0.1546	.	3	-219691	8807	13389
Ome	6	8915614	8920395	0.0490	0.00	0.1545	.	2	4781	8930	13256
Ome	6	8915614	8920395	0.0490	0.00	0.1545	.	2	4781	8930	13256
Ome	10	1326826	1242542	0.0519	0.00	0.1545	.	2	-84284	8893	13476
Ome	10	1326826	1242542	0.0519	0.00	0.1545	.	2	-84284	8893	13476
Ome	9	8187198	8272620	0.0519	0.00	0.1545	.	3	85422	8807	13389
Ome	11	7420360	7485229	0.0519	0.00	0.1543	.	3	64869	8934	13512
Ome	1	24226032	24225690	0.0432	0.00	0.1541	.	2	-342	42745	51185
Ome	12	23685869	23664836	0.0517	0.00	0.1541	.	2	-21033	8974	13535
Ome	6	18077468	18097090	0.0517	0.00	0.1541	.	4	19622	8806	13367
Ome	9	16043880	16088520	0.0514	0.00	0.1541	.	5	44640	8974	13512
Ome	6	31124554	31129035	0.0456	0.00	0.1540	.	2	4481	44011	51010
Ome	6	31124554	31129035	0.0456	0.00	0.1540	.	2	4481	44011	51010
Ome	7	2294108	2403440	0.0514	0.00	0.1540	.	2	109332	8974	13509
Ome	11	25034564	25027628	0.0514	0.00	0.1540	.	3	-6936	8887	13422
Ome	11	27964784	27961716	0.0514	0.00	0.1539	.	2	-3068	8887	13422
Ome	6	20485575	20786036	0.0514	0.00	0.1536	.	5	300461	8886	13422
Ome	11	25227970	25242907	0.0514	0.00	0.1536	.	5	14937	8886	13422
Ome	6	20765402	20786036	0.0514	0.00	0.1536	.	3	20634	8887	13422
Ome	6	20765402	20786036	0.0514	0.00	0.1536	.	3	20634	8887	13422
Ome	11	27824719	27813049	0.0514	0.00	0.1536	.	4	-11670	8887	13422
Ome	11	1253884	1199314	0.0514	0.00	0.1536	.	2	-54570	8886	13422
Ome	8	403940	471242	0.0510	0.00	0.1536	.	3	67302	8887	13389
Ome	2	10210491	10229472	0.0510	0.00	0.1535	.	2	18981	8974	13476
Ome	2	10210491	10229472	0.0510	0.00	0.1535	.	2	18981	8974	13476
Ome	4	12732174	12684948	0.0509	0.00	0.1534	.	2	-47226	8887	13377
Ome	4	12732174	12684948	0.0509	0.00	0.1534	.	2	-47226	8887	13377
Ome	12	6238335	6162111	0.0514	0.00	0.1534	.	3	-76224	8887	13422
Ome	11	3914740	3969299	0.0508	0.00	0.1534	.	2	54559	8887	13370
Ome	11	3914740	3969299	0.0508	0.00	0.1533	.	3	54559	8887	13370
Ome	6	18077468	18097090	0.0504	0.00	0.1533	.	2	19622	8806	13256
Ome	4	15990393	16100344	0.0523	0.00	0.1532	.	5	109951	8806	13422
Ome	4	15990393	16100344	0.0523	0.00	0.1532	.	5	109951	8806	13422
Ome	3	3577093	3566424	0.0504	0.00	0.1531	.	2	-10669	8807	13256
Ome	7	16127469	16315652	0.0505	0.00	0.1530	.	4	188183	8913	13370
Ome	9	13503387	13516433	0.0504	0.00	0.1530	.	2	13046	8807	13256
Ome	12	6503835	6334923	0.0504	0.00	0.1529	.	2	-168912	8974	13422
Ome	11	7420360	7485229	0.0504	0.00	0.1529	.	2	64869	8934	13377
Ome	11	7420360	7485229	0.0504	0.00	0.1529	.	4	64869	8934	13377
Ome	10	23435902	23312330	0.0504	0.00	0.1528	.	2	-123572	8806	13256
Ome	10	23435902	23312330	0.0504	0.00	0.1528	.	2	-123572	8806	13256
Ome	5	15030524	15181341	0.0504	0.00	0.1528	.	2	150817	8807	13256
Ome	4	18554549	18404011	0.0504	0.00	0.1527	.	3	-150538	8808	13256
Ome	9	8187198	8140042	0.0504	0.00	0.1526	.	2	-47156	8807	13256
Ome	12	15425564	15515059	0.0504	0.00	0.1526	.	2	89495	8975	13422
Ome	12	15425564	15515059	0.0504	0.00	0.1526	.	2	89495	8975	13422
Ome	9	5603859	5830074	0.0504	0.00	0.1526	.	2	226215	8979	13422
Ome	2	12573089	12552005	0.0500	0.00	0.1525	.	2	-21084	8974	13389
Ome	12	9585505	9819143	0.0500	0.00	0.1525	.	3	233638	8974	13389
Ome	7	6770271	6745460	0.0499	0.00	0.1524	.	2	-24811	8974	13377
Ome	7	6770271	6745460	0.0499	0.00	0.1524	.	2	-24811	8974	13377
Ome	9	7033772	7235578	0.0488	0.00	0.1523	.	3	201806	8887	13191
Ome	2	13541452	13675193	0.0498	0.00	0.1523	.	2	133741	8974	13370
Ome	12	14813609	14969842	0.0504	0.00	0.1523	.	3	156233	8807	13256
Ome	11	21512468	21414976	0.0506	0.00	0.1522	.	2	-97492	8909	13370
Ome	6	7568964	7603425	0.0533	0.00	0.1522	.	4	34461	8807	13512
Ome	6	7568964	7603425	0.0533	0.00	0.1522	.	3	34461	8807	13512
Ome	6	17924143	17883481	0.0497	0.00	0.1522	.	3	-40662	8979	13367
Ome	9	20725063	20557028	0.0497	0.00	0.1522	.	2	-168035	8807	13191
Ome	3	16226367	16376820	0.0504	0.00	0.1521	.	2	150453	8807	13256
Ome	5	15650313	15711940	0.0498	0.00	0.1521	.	3	61627	8982	13377
Ome	5	15650313	15711940	0.0498	0.00	0.1521	.	3	61627	8982	13377
Ome	3	16837923	16899508	0.0498	0.00	0.1521	.	3	61585	8982	13377
Ome	12	9757302	9819143	0.0496	0.00	0.1520	.	2	61841	9014	13389
Ome	6	24632215	24652386	0.0495	0.00	0.1520	.	2	20171	8886	13256
Ome	6	24632215	24652386	0.0495	0.00	0.1520	.	2	20171	8886	13256
Ome	2	34590980	34527045	0.0495	0.00	0.1520	.	2	-63935	8886	13256
Ome	5	10992090	11049316	0.0504	0.00	0.1520	.	2	57226	8974	13422
Ome	5	10992090	11049316	0.0504	0.00	0.1520	.	2	57226	8974	13422
Ome	7	3205650	3029427	0.0495	0.00	0.1520	.	3	-176223	8887	13256
Ome	11	6215772	6235033	0.0495	0.00	0.1520	.	2	19261	8887	13256
Ome	11	6215772	6235033	0.0495	0.00	0.1520	.	2	19261	8887	13256
Ome	9	6175173	6147773	0.0495	0.00	0.1520	.	2	-27400	8887	13256
Ome	7	21400622	21516709	0.0495	0.00	0.1520	.	2	116087	8887	13256
Ome	7	3205650	3192752	0.0495	0.00	0.1520	.	2	-12898	8887	13256
Ome	1	32253030	32150558	0.0495	0.00	0.1520	.	2	-102472	8887	13256
Ome	5	7228368	7436469	0.0495	0.00	0.1520	.	2	208101	8887	13255
Ome	6	23925988	23933723	0.0485	0.00	0.1520	.	2	7735	8974	13256
Ome	9	6175173	6254898	0.0495	0.00	0.1519	.	3	79725	8887	13256
Ome	7	18394265	18231230	0.0494	0.00	0.1519	.	2	-163035	9017	13377
Ome	2	10530794	10538248	0.0485	0.00	0.1518	.	2	7454	8979	13256
Ome	2	10530794	10538248	0.0485	0.00	0.1518	.	2	7454	8979	13256
Ome	4	16052266	16100344	0.0504	0.00	0.1517	.	3	48078	8974	13422
Ome	1	28563259	28778105	0.0493	0.00	0.1517	.	2	214846	8910	13256
Ome	7	25744379	25729367	0.0490	0.00	0.1517	.	2	-15012	8887	13206
Ome	11	25227970	25242907	0.0495	0.00	0.1516	.	2	14937	8886	13256
Ome	11	566941	565633	0.0393	0.00	0.1516	.	2	-1308	42163	51187
Ome	11	27824719	27813049	0.0490	0.00	0.1514	.	2	-11670	8887	13206
Ome	7	25744379	25729367	0.0490	0.00	0.1514	.	3	-15012	8887	13206
Ome	6	20485575	20523720	0.0488	0.00	0.1512	.	2	38145	8886	13191
Ome	10	15981038	16073664	0.0487	0.00	0.1512	.	2	92626	8886	13187
Ome	2	8174365	8130157	0.0487	0.00	0.1512	.	2	-44208	8887	13187
Ome	2	8174365	8130157	0.0487	0.00	0.1512	.	2	-44208	8887	13187
Ome	2	19547582	19588386	0.0487	0.00	0.1512	.	2	40804	8887	13187
Ome	4	12398317	12437198	0.0487	0.00	0.1512	.	2	38881	8887	13187
Ome	4	14390590	14458839	0.0487	0.00	0.1512	.	2	68249	8887	13187
Ome	4	14390590	14458839	0.0487	0.00	0.1512	.	2	68249	8887	13187
Ome	4	6588883	6601445	0.0487	0.00	0.1512	.	3	12562	8887	13187
Ome	7	15722991	15689717	0.0485	0.00	0.1510	.	2	-33274	8979	13256
Ome	11	14595572	14691712	0.0484	0.00	0.1510	.	4	96140	8974	13243
Ome	2	15442536	15584605	0.0495	0.00	0.1510	.	2	142069	8887	13254
Ome	11	14917077	14948795	0.0485	0.00	0.1510	.	2	31718	8974	13256
Ome	11	14917077	14948795	0.0485	0.00	0.1510	.	2	31718	8974	13256
Ome	5	8310182	8365073	0.0485	0.00	0.1510	.	2	54891	8974	13256
Ome	5	8310182	8365073	0.0485	0.00	0.1510	.	2	54891	8974	13256
Ome	10	17516092	17587353	0.0485	0.00	0.1510	.	2	71261	8974	13256
Ome	10	17516092	17587353	0.0485	0.00	0.1510	.	2	71261	8974	13256
Ome	4	6588883	6601445	0.0479	0.00	0.1510	.	2	12562	8887	13187
Ome	9	5920320	5830074	0.0485	0.00	0.1509	.	2	-90246	8974	13256
Ome	5	12093725	11974023	0.0485	0.00	0.1509	.	2	-119702	8974	13256
Ome	6	17613255	17748626	0.0485	0.00	0.1509	.	2	135371	8979	13256
Ome	3	16837923	16899508	0.0484	0.00	0.1509	.	2	61585	8982	13256
Ome	7	5292231	5371254	0.0484	0.00	0.1509	.	2	79023	8982	13256
Ome	7	5292231	5371254	0.0484	0.00	0.1509	.	2	79023	8982	13256
Ome	6	12286635	12337198	0.0484	0.00	0.1508	.	2	50563	8976	13248
Ome	1	1268292	1144241	0.0485	0.00	0.1507	.	2	-124051	8979	13256
Ome	12	16648585	16503891	0.0488	0.00	0.1507	.	2	-144694	8887	13191
Ome	12	4631766	4631769	0.0482	0.00	0.1507	.	3	3	8974	13256
Ome	12	4631766	4631769	0.0482	0.00	0.1507	.	3	3	8974	13256
Ome	3	17309174	17227663	0.0487	0.00	0.1506	.	6	-81511	8887	13187
Ome	3	17309174	17227663	0.0487	0.00	0.1506	.	5	-81511	8887	13187
Ome	5	13006258	12897182	0.0516	0.00	0.1506	.	2	-109076	8974	13523
Ome	11	19853874	19832619	0.0487	0.00	0.1506	.	3	-21255	8887	13187
Ome	11	19853874	19832619	0.0487	0.00	0.1506	.	3	-21255	8887	13187
Ome	9	9891538	9822947	0.0484	0.00	0.1505	.	2	-68591	8974	13248
Ome	9	9891538	9822947	0.0484	0.00	0.1505	.	2	-68591	8974	13248
Ome	2	23803938	23895743	0.0487	0.00	0.1503	.	4	91805	8910	13206
Ome	12	7800525	7715476	0.0511	0.00	0.1502	.	4	-85049	8910	13422
Ome	12	7800525	7715476	0.0511	0.00	0.1502	.	2	-85049	8910	13422
Ome	11	14595572	14477625	0.0478	0.00	0.1502	.	2	-117947	8974	13191
Ome	11	4666549	4571415	0.0500	0.00	0.1500	.	3	-95134	8979	13389
Ome	11	26437892	26290697	0.0487	0.00	0.1500	.	2	-147195	8887	13187
Ome	12	6238335	6162111	0.0476	0.00	0.1500	.	2	-76224	8887	13091
Ome	12	2308029	2268826	0.0514	0.00	0.1499	.	4	-39203	8887	13422
Ome	12	2308029	2268826	0.0514	0.00	0.1499	.	4	-39203	8887	13422
Ome	11	10401448	10377659	0.0474	0.00	0.1497	.	2	-23789	8974	13153
Ome	2	22509880	22704044	0.0487	0.00	0.1497	.	2	194164	8887	13187
Ome	2	23943614	23895743	0.0480	0.00	0.1496	.	3	-47871	8974	13206
Ome	8	9755897	9867641	0.0478	0.00	0.1496	.	3	111744	8974	13187
Ome	8	9755897	9867641	0.0478	0.00	0.1496	.	3	111744	8974	13187
Ome	5	16122799	16228144	0.0487	0.00	0.1495	.	2	105345	8887	13187
Ome	2	7763112	7910286	0.0487	0.00	0.1494	.	2	147174	8887	13187
Ome	5	16122799	16033688	0.0487	0.00	0.1494	.	4	-89111	8887	13187
Ome	4	2664035	2633442	0.0504	0.00	0.1493	.	2	-30593	8807	13256
Ome	4	2664035	2633442	0.0504	0.00	0.1492	.	3	-30593	8807	13256
Ome	11	9188799	9168368	0.0487	0.00	0.1489	.	2	-20431	8887	13187
Ome	4	201103	178798	0.0465	0.00	0.1488	.	3	-22305	8979	13085
Ome	7	19009887	18979064	0.0464	0.00	0.1487	.	3	-30823	9297	13389
Ome	7	19009887	18979064	0.0464	0.00	0.1487	.	3	-30823	9297	13389
Ome	6	21897967	21962965	0.0457	0.00	0.1484	.	3	64998	8807	12837
Ome	6	21897967	21962965	0.0457	0.00	0.1484	.	3	64998	8807	12837
Ome	3	29660556	29603091	0.0481	0.00	0.1484	.	2	-57465	8979	13225
Ome	12	17680976	17513238	0.0460	0.00	0.1483	.	2	-167738	8974	13030
Ome	12	13901908	13835823	0.0495	0.00	0.1482	.	3	-66085	8890	13256
Ome	12	13901908	13835823	0.0495	0.00	0.1482	.	3	-66085	8890	13256
Ome	6	15141169	15246228	0.0458	0.00	0.1482	.	2	105059	8912	12957
Ome	7	826654	943519	0.0458	0.00	0.1481	.	2	116865	9217	13256
Ome	9	9105887	9163404	0.0470	0.00	0.1480	.	4	57517	8974	13120
Ome	12	6503835	6610051	0.0478	0.00	0.1479	.	2	106216	8974	13187
Ome	1	19035136	19126863	0.0488	0.00	0.1478	.	2	91727	8887	13191
Ome	1	19035136	19126863	0.0488	0.00	0.1478	.	2	91727	8887	13191
Ome	4	14029469	14203088	0.0488	0.00	0.1477	.	2	173619	8887	13191
Ome	12	16209408	16213087	0.0415	0.00	0.1476	.	2	3679	9499	13191
Ome	11	3259028	3286343	0.0487	0.00	0.1476	.	2	27315	8887	13187
Ome	11	3259028	3286343	0.0487	0.00	0.1476	.	2	27315	8887	13187
Ome	7	16127469	16247740	0.0484	0.00	0.1475	.	3	120271	8913	13187
Ome	3	39942769	39976913	0.0452	0.00	0.1474	.	2	34144	8887	12872
Ome	3	39942769	39976913	0.0452	0.00	0.1474	.	2	34144	8887	12872
Ome	10	13176862	13026738	0.0452	0.00	0.1474	.	2	-150124	8887	12872
Ome	5	20640912	20802448	0.0495	0.00	0.1472	.	2	161536	8887	13256
Ome	12	14931093	14969842	0.0447	0.00	0.1470	.	2	38749	8924	12872
Ome	6	6202102	6202105	0.0441	0.00	0.1463	.	5	3	8979	12872
Ome	6	6202102	6202105	0.0441	0.00	0.1463	.	4	3	8979	12872
Ome	6	6202102	6202105	0.0441	0.00	0.1463	.	4	3	8979	12872
Ome	11	4666549	4571415	0.0458	0.00	0.1463	.	2	-95134	8979	13021
Ome	8	19676339	19828209	0.0441	0.00	0.1463	.	2	151870	8979	12872
Ome	2	28838045	28781640	0.0441	0.00	0.1461	.	2	-56405	8979	12872
Ome	2	28838045	28781640	0.0441	0.00	0.1461	.	2	-56405	8979	12872
Ome	1	15860955	15965373	0.0432	0.00	0.1460	.	3	104418	8887	12694
Ome	1	15860955	15965373	0.0432	0.00	0.1460	.	3	104418	8887	12694
Ome	5	16037227	16033688	0.0442	0.00	0.1451	.	3	-3539	8974	12872
Ome	2	21023428	21071601	0.0451	0.00	0.1451	.	2	48173	9024	13000
Ome	11	14696861	14691712	0.0415	0.00	0.1442	.	2	-5149	9508	13243
Ome	12	7615926	7552356	0.0442	0.00	0.1442	.	2	-63570	8974	12872
Ome	8	19552702	19679146	0.0438	0.00	0.1441	.	2	126444	8974	12836
Ome	2	21023428	20873625	0.0451	0.00	0.1439	.	3	-149803	9024	13000
Ome	1	10912523	10915262	0.0313	0.00	0.1439	.	2	2739	42036	51187
Ome	2	20509480	20515282	0.0327	0.00	0.1438	.	2	5802	9709	17007
Ome	2	12075173	12296109	0.0441	0.00	0.1437	.	2	220936	8984	12872
Ome	6	9941762	9881376	0.0413	0.00	0.1434	.	2	-60386	9828	13476
Ome	12	25598688	25648200	0.0407	0.00	0.1427	.	2	49512	9499	13086
Ome	12	25598688	25648200	0.0407	0.00	0.1427	.	2	49512	9499	13086
Ome	5	18876198	18876198	0.0398	0.00	0.1426	.	2	0	9363	12875
Ome	5	18876198	18876198	0.0398	0.00	0.1426	.	2	0	9363	12875
Ome	3	20060028	20060028	0.0398	0.00	0.1426	.	2	0	9363	12875
Ome	3	20060028	20060028	0.0398	0.00	0.1426	.	2	0	9363	12875
Ome	4	18394947	18404011	0.0390	0.00	0.1424	.	2	9064	8990	12867
Ome	7	8127113	8229724	0.0382	0.00	0.1412	.	3	102611	9499	12872
Ome	3	39659033	39661478	0.0279	0.00	0.1410	.	2	2445	42038	51187
Ome	3	39659033	39661478	0.0279	0.00	0.1410	.	2	2445	42038	51187
Ome	7	9401982	9383034	0.0389	0.00	0.1408	.	2	-18948	8976	12411
Ome	7	9401982	9383034	0.0389	0.00	0.1408	.	2	-18948	8976	12411
Ome	11	8217976	8299912	0.0387	0.00	0.1407	.	2	81936	8807	12223
Ome	8	12248188	12252229	0.0363	0.00	0.1399	.	2	4041	8974	12178
Ome	8	12248188	12252229	0.0363	0.00	0.1399	.	2	4041	8974	12178
Ome	7	10172646	10030054	0.0379	0.00	0.1398	.	2	-142592	8910	12258
Ome	7	8226656	8229724	0.0348	0.00	0.1397	.	2	3068	9499	12872
Ome	6	11191660	11344331	0.0366	0.00	0.1384	.	2	152671	8974	12202
Ome	4	4775517	4748211	0.0364	0.00	0.1382	.	2	-27306	10047	13256
Ome	4	4775517	4748211	0.0364	0.00	0.1382	.	2	-27306	10047	13256
Ome	7	11565550	11735853	0.0324	0.00	0.1338	.	2	170303	10296	13152
Ome	11	7233646	7200645	0.0335	0.00	0.1329	.	2	-33001	9499	12457
Ome	2	14945295	14694511	0.0286	0.00	0.1300	.	2	-250784	9499	12021
Ome	12	2817316	2853150	0.0280	0.00	0.1290	.	3	35834	8975	11448
Ome	6	14006994	13885927	0.0275	0.00	0.1289	.	2	-121067	9499	11927
Ome	9	6827499	6874002	0.0281	0.00	0.1278	.	2	46503	9499	11979
Ome	9	6827499	6874002	0.0281	0.00	0.1278	.	2	46503	9499	11979
Ome	1	20341511	20269202	0.0268	0.00	0.1275	.	2	-72309	8974	11339
Ome	1	41152839	41185679	0.0273	0.00	0.1275	.	2	32840	8974	11383
Ome	1	41152839	41185679	0.0273	0.00	0.1275	.	2	32840	8974	11383
Ome	1	11788593	11629109	0.0265	0.00	0.1273	.	2	-159484	8980	11314
Ome	12	24040216	24141394	0.0263	0.00	0.1265	.	2	101178	8974	11291
Ome	12	2817316	2853150	0.0252	0.00	0.1265	.	2	35834	8975	11202
Ome	3	266096	278804	0.0241	0.00	0.1252	.	2	12708	21259	23383
Ome	12	1444855	1446892	0.0232	0.00	0.1243	.	2	2037	78878	80921
Oau	Chr8	3029347	3062122	0.1657	0.00	0.3153	.	16	32775	52462	88249
Oau	Chr10	55145881	55146152	0.0056	0.00	0.0334	.	2	271	86630	87239
Oau	Chr10	55145881	55146152	0.0056	0.00	0.0334	.	2	271	86630	87239
Oru	Chr8	2546178	2618734	0.7808	0.00	0.9818	.	8	72556	1	88249
Oru	Chr12	13552090	13410763	0.0728	0.00	0.2879	.	3	-141327	10188	80921
Oru	Chr9	1183797	977014	0.0650	0.00	0.2819	.	4	-206783	8973	80511
Oru	Chr5	8634424	8605134	0.0949	0.00	0.2594	.	4	-29290	11552	51187
Oru	Chr5	8634424	8605134	0.0949	0.00	0.2594	.	4	-29290	11552	51187
Oru	Chr3	17661115	17499895	0.0395	0.00	0.2569	.	3	-161220	8973	79929
Oru	Chr11	22177748	22355592	0.0264	0.00	0.2307	.	2	177844	17284	80155
Oru	Chr12	7735661	7744260	0.0723	0.00	0.1857	.	3	8599	8973	17512
Oru	Chr12	7735661	7744260	0.0723	0.00	0.1857	.	3	8599	8973	17512
Oru	Chr4	10876625	10961133	0.0697	0.00	0.1794	.	5	84508	9499	19290
Oru	Chr4	10876625	10961133	0.0697	0.00	0.1794	.	5	84508	9499	19290
Oru	Chr10	2767743	2763206	0.0654	0.00	0.1793	.	3	-4537	9499	19387
Oru	Chr10	2767743	2763206	0.0654	0.00	0.1793	.	3	-4537	9499	19387
Oru	Chr8	9389473	9387122	0.0651	0.00	0.1777	.	2	-2351	9499	18077
Oru	Chr8	9389473	9387122	0.0651	0.00	0.1777	.	2	-2351	9499	18077
Oru	Chr1	14428959	14450475	0.0679	0.00	0.1768	.	6	21516	9499	18008
Oru	Chr1	14428959	14450475	0.0679	0.00	0.1765	.	7	21516	9499	18008
Oru	Chr4	10697939	10874414	0.0672	0.00	0.1753	.	7	176475	8997	17714
Oru	Chr11	14453999	14464732	0.0621	0.00	0.1744	.	3	10733	9928	18353
Oru	Chr11	14453999	14464732	0.0621	0.00	0.1744	.	3	10733	9928	18353
Oru	Chr6	17633855	17605740	0.0652	0.00	0.1731	.	5	-28115	10124	18622
Oru	Chr12	13113588	13124002	0.0607	0.00	0.1697	.	2	10414	43218	50368
Oru	Chr12	13113588	13124002	0.0607	0.00	0.1697	.	2	10414	43218	50368
Oru	Chr2	9608211	9615634	0.0572	0.00	0.1693	.	3	7423	9528	17291
Oru	Chr2	9608211	9615634	0.0572	0.00	0.1693	.	3	7423	9528	17291
Oru	Chr6	17892143	17889478	0.0582	0.00	0.1679	.	3	-2665	9499	17438
Oru	Chr6	17892143	17889478	0.0582	0.00	0.1679	.	3	-2665	9499	17438
Oru	Chr1	16358628	16353220	0.0581	0.00	0.1677	.	4	-5408	10634	19337
Oru	Chr8	13710562	13708735	0.0615	0.00	0.1676	.	3	-1827	43054	48477
Oru	Chr8	13710562	13708735	0.0615	0.00	0.1676	.	3	-1827	43054	48477
Oru	Chr9	5794976	5824551	0.0563	0.00	0.1674	.	3	29575	9499	18874
Oru	Chr9	5794976	5824551	0.0563	0.00	0.1674	.	3	29575	9499	18874
Oru	Chr12	14940018	14952797	0.0587	0.00	0.1657	.	3	12779	9499	19355
Oru	Chr12	14940018	14952797	0.0587	0.00	0.1657	.	3	12779	9499	19355
Oru	Chr2	9846031	9851067	0.0571	0.00	0.1648	.	2	5036	42745	48601
Oru	Chr2	9846031	9851067	0.0571	0.00	0.1648	.	2	5036	42745	48601
Oru	Chr4	10697939	10709862	0.0547	0.00	0.1640	.	4	11923	8997	17450
Oru	Chr12	13552090	13559899	0.0498	0.00	0.1630	.	2	7809	10188	18464
Oru	Chr6	8074718	8072676	0.0508	0.00	0.1622	.	2	-2042	11032	17842
Oru	Chr5	17674004	17669130	0.0498	0.00	0.1614	.	3	-4874	9499	17374
Oru	Chr5	17674004	17669130	0.0498	0.00	0.1614	.	3	-4874	9499	17374
Oru	Chr12	6875301	6775138	0.0491	0.00	0.1602	.	4	-100163	9668	19100
Oru	Chr1	18686400	18683066	0.0441	0.00	0.1595	.	3	-3334	9002	19780
Oru	Chr1	18686400	18683066	0.0441	0.00	0.1595	.	3	-3334	9002	19780
Oru	Chr1	9763931	9760033	0.0482	0.00	0.1594	.	3	-3898	9499	16970
Oru	Chr1	9763931	9760033	0.0482	0.00	0.1594	.	3	-3898	9499	16970
Oru	Chr9	1183797	1199266	0.0481	0.00	0.1593	.	3	15469	8973	17069
Oru	Chr6	8715061	8851675	0.0520	0.00	0.1593	.	4	136614	9499	16841
Oru	Chr1	16358628	16353220	0.0459	0.00	0.1588	.	3	-5408	10634	19337
Oru	Chr6	8074718	8072676	0.0508	0.00	0.1572	.	3	-2042	11032	17842
Oru	Chr11	8495073	8662438	0.0438	0.00	0.1566	.	4	167365	9499	19370
Oru	Chr8	20917806	20923435	0.0469	0.00	0.1565	.	2	5629	44350	50482
Oru	Chr8	20917806	20923435	0.0469	0.00	0.1565	.	2	5629	44350	50482
Oru	Chr11	15377780	15373716	0.0453	0.00	0.1556	.	2	-4064	10525	16914
Oru	Chr6	8858007	8851675	0.0445	0.00	0.1555	.	2	-6332	9499	16841
Oru	Chr6	17633855	17605740	0.0437	0.00	0.1547	.	3	-28115	10124	18622
Oru	Chr8	16028971	16035728	0.0430	0.00	0.1545	.	2	6757	10377	17221
Oru	Chr8	16028971	16035728	0.0430	0.00	0.1545	.	2	6757	10377	17221
Oru	Chr7	11583202	11462185	0.0425	0.00	0.1530	.	3	-121017	10475	18544
Oru	Chr11	15377780	15253743	0.0453	0.00	0.1530	.	3	-124037	10525	16914
Oru	Chr2	14073055	13914551	0.0389	0.00	0.1521	.	3	-158504	10285	19647
Oru	Chr7	9272968	9281179	0.0361	0.00	0.1521	.	2	8211	8974	19184
Oru	Chr7	9272968	9281179	0.0361	0.00	0.1521	.	2	8211	8974	19184
Oru	Chr9	8237354	8010498	0.0413	0.00	0.1511	.	3	-226856	9607	17009
Oru	Chr7	20603180	20611855	0.0406	0.00	0.1505	.	2	8675	11553	18424
Oru	Chr7	20603180	20611855	0.0406	0.00	0.1505	.	2	8675	11553	18424
Oru	Chr2	26734032	26719005	0.0396	0.00	0.1501	.	3	-15027	9948	17374
Oru	Chr2	26734032	26719005	0.0396	0.00	0.1501	.	3	-15027	9948	17374
Oru	Chr8	16721609	16906750	0.0372	0.00	0.1491	.	2	185141	10409	19623
Oru	Chr5	13773681	13783045	0.0322	0.00	0.1486	.	2	9364	9659	19503
Oru	Chr5	13773681	13783045	0.0322	0.00	0.1486	.	2	9364	9659	19503
Oru	Chr4	10380533	10384213	0.0416	0.00	0.1478	.	2	3680	9499	13196
Oru	Chr4	10380533	10384213	0.0416	0.00	0.1478	.	2	3680	9499	13196
Oru	Chr12	9448687	9458037	0.0358	0.00	0.1460	.	2	9350	10470	17441
Oru	Chr12	9448687	9458037	0.0358	0.00	0.1460	.	2	9350	10470	17441
Oru	Chr6	17519885	17536855	0.0376	0.00	0.1456	.	2	16970	11795	18309
Oru	Chr5	22600463	22610710	0.0321	0.00	0.1448	.	2	10247	11151	19338
Oru	Chr5	22600463	22610710	0.0321	0.00	0.1448	.	2	10247	11151	19338
Oru	Chr6	12394364	12394263	0.0426	0.00	0.1447	.	3	-101	9499	13256
Oru	Chr3	17661115	17670747	0.0277	0.00	0.1441	.	2	9632	8973	18692
Oru	Chr7	6795668	6799781	0.0346	0.00	0.1441	.	2	4113	12335	19399
Oru	Chr7	6795668	6799781	0.0346	0.00	0.1441	.	2	4113	12335	19399
Oru	Chr1	18393515	18487074	0.0423	0.00	0.1438	.	2	93559	9499	13228
Oru	Chr1	18393515	18487074	0.0423	0.00	0.1438	.	2	93559	9499	13228
Oru	Chr6	12394364	12394263	0.0395	0.00	0.1431	.	2	-101	9499	13256
Oru	Chr6	11810143	11890409	0.0426	0.00	0.1431	.	2	80266	9499	13256
Oru	Chr11	8658144	8662438	0.0303	0.00	0.1427	.	3	4294	10559	19370
Oru	Chr6	14741999	14746624	0.0390	0.00	0.1426	.	2	4625	9499	12957
Oru	Chr6	14741999	14746624	0.0390	0.00	0.1426	.	2	4625	9499	12957
Oru	Chr12	9062389	9062288	0.0356	0.00	0.1411	.	2	-101	14988	19203
Oru	Chr12	9062389	9062288	0.0356	0.00	0.1411	.	2	-101	14988	19203
Oru	Chr6	8715061	8722380	0.0374	0.00	0.1398	.	2	7319	9499	12810
Oru	Chr5	4571343	4654257	0.0374	0.00	0.1393	.	2	82914	9499	12801
Oru	Chr12	6875301	6878668	0.0363	0.00	0.1381	.	3	3367	9668	12872
Oru	Chr2	13811276	13914551	0.0269	0.00	0.1375	.	2	103275	11797	19647
Oru	Chr11	21425857	21425317	0.0340	0.00	0.1373	.	2	-540	9499	12497
Oru	Chr11	21425857	21425317	0.0340	0.00	0.1373	.	2	-540	9499	12497
Oru	Chr10	7998745	8001763	0.0327	0.00	0.1370	.	2	3018	9499	12382
Oru	Chr10	7998745	8001763	0.0327	0.00	0.1370	.	2	3018	9499	12382
Oru	Chr1	17212845	17212642	0.0319	0.00	0.1369	.	2	-203	16287	19639
Oru	Chr1	3401093	3404375	0.0319	0.00	0.1368	.	2	3282	9082	12219
Oru	Chr8	7841203	7847315	0.0342	0.00	0.1366	.	2	6112	15850	18863
Oru	Chr8	7841203	7847315	0.0342	0.00	0.1366	.	2	6112	15850	18863
Oru	Chr7	25109258	25112583	0.0296	0.00	0.1365	.	2	3325	43763	49004
Oru	Chr7	25109258	25112583	0.0296	0.00	0.1365	.	2	3325	43763	49004
Oru	Chr4	5079663	4971916	0.0328	0.00	0.1362	.	3	-107747	9499	13030
Oru	Chr2	17159393	17164778	0.0259	0.00	0.1358	.	2	5385	10701	16970
Oru	Chr2	17159393	17164778	0.0259	0.00	0.1358	.	2	5385	10701	16970
Oru	Chr1	17344851	17212642	0.0323	0.00	0.1357	.	3	-132209	16279	19639
Oru	Chr1	39699476	39703219	0.0290	0.00	0.1353	.	2	3743	42058	45913
Oru	Chr1	39699476	39703219	0.0290	0.00	0.1353	.	2	3743	42058	45913
Oru	Chr4	4972179	4971916	0.0302	0.00	0.1345	.	2	-263	9721	13030
Oru	Chr4	6884233	6884052	0.0308	0.00	0.1342	.	2	-181	9578	12508
Oru	Chr4	6884233	6884052	0.0308	0.00	0.1342	.	2	-181	9578	12508
Oru	Chr11	5201878	5201741	0.0356	0.00	0.1341	.	2	-137	15452	18590
Oru	Chr11	5201878	5201741	0.0356	0.00	0.1341	.	2	-137	15452	18590
Oru	Chr8	17012175	16906750	0.0310	0.00	0.1335	.	2	-105425	16346	19623
Oru	Chr1	10315337	10516744	0.0317	0.00	0.1333	.	2	201407	10217	13030
Oru	Chr8	11322304	11306959	0.0304	0.00	0.1327	.	2	-15345	9813	12872
Oru	Chr8	11322304	11306959	0.0304	0.00	0.1327	.	2	-15345	9813	12872
Oru	Chr9	5538401	5358397	0.0258	0.00	0.1325	.	2	-180004	11291	16798
Oru	Chr3	29371067	29366800	0.0282	0.00	0.1319	.	2	-4267	15528	18919
Oru	Chr3	29371067	29366800	0.0282	0.00	0.1319	.	2	-4267	15528	18919
Oru	Chr8	13096009	13117157	0.0258	0.00	0.1317	.	2	21148	12008	16868
Oru	Chr2	14073055	14075561	0.0274	0.00	0.1311	.	2	2506	10285	12699
Oru	Chr7	11771714	11585643	0.0290	0.00	0.1311	.	3	-186071	10087	12641
Oru	Chr9	8237354	8236268	0.0249	0.00	0.1303	.	2	-1086	9607	12874
Oru	Chr6	7633705	7635942	0.0258	0.00	0.1295	.	2	2237	9616	11922
Oru	Chr6	7633705	7635942	0.0258	0.00	0.1295	.	2	2237	9616	11922
Oru	Chr6	22582979	22704226	0.0276	0.00	0.1289	.	2	121247	10342	12773
Oru	Chr1	9568514	9579107	0.0254	0.00	0.1266	.	2	10593	11338	13579
Oru	Chr1	9568514	9579107	0.0254	0.00	0.1266	.	2	10593	11338	13579
Oru	Chr1	10597271	10516744	0.0211	0.00	0.1221	.	2	-80527	11172	13030
Oru	Chr1	13060885	13062575	0.0192	0.00	0.1201	.	2	1690	78893	80585
Oru	Chr10	6191108	6343943	0.0177	0.00	0.1186	.	2	152835	9499	11061
Oru	Chr6	13104401	13310326	0.0158	0.00	0.1118	.	2	205925	17008	32388
Oru	Chr8	12317937	12320599	0.0173	0.00	0.0997	.	2	2662	72703	74944
