genome	chrom	start	end	coverage	identity	score	orientation	num_hits	subject_span	q_low	q_high
W0632	chr1	2598110	2669798	0.9993	0.00	1.1618	.	40	71688	1	70811
W0632	chr1	2801030	2799406	0.0454	0.00	0.1746	.	12	-1624	33525	49419
W0632	chr2	32118753	32397541	0.0252	0.00	0.1221	.	2	278788	7346	11381
W0632	chr1	41175808	41179750	0.0195	0.00	0.1205	.	2	3942	7346	8727
W0632	chr1	41175808	41179750	0.0195	0.00	0.1205	.	2	3942	7346	8727
W0632	chr5	30253408	30253892	0.0138	0.00	0.0886	.	2	484	33814	46623
W0632	chr5	30253408	30253892	0.0138	0.00	0.0886	.	2	484	33814	46623
W0632	chr8	24928269	24928735	0.0131	0.00	0.0861	.	2	466	33832	46621
W0632	chr8	24928269	24928735	0.0131	0.00	0.0861	.	2	466	33832	46621
W0632	chr3	9870316	9870769	0.0128	0.00	0.0848	.	2	453	33832	46610
W0632	chr3	9870316	9870769	0.0128	0.00	0.0848	.	2	453	33832	46610
W0632	chr2	15951760	15951625	0.0177	0.00	0.0829	.	3	-135	28553	41791
W0632	chr1	36709821	36710185	0.0112	0.00	0.0770	.	2	364	33877	46618
W0632	chr1	36709821	36710185	0.0112	0.00	0.0770	.	2	364	33877	46618
W0632	chr1	18114276	18114633	0.0103	0.00	0.0730	.	2	357	33924	46610
W0632	chr1	18114276	18114633	0.0103	0.00	0.0730	.	2	357	33924	46610
W0632	chr5	24159820	24160114	0.0083	0.00	0.0638	.	2	294	33996	46613
W0639	chr1	2665024	2735900	0.9957	0.00	1.1569	.	42	70876	1	70811
W0639	chr1	2851467	2849843	0.0454	0.00	0.1746	.	12	-1624	33525	49419
W0639	chr2	32707689	32959919	0.0252	0.00	0.1221	.	2	252230	7346	11381
W0639	chr1	44247554	44251496	0.0195	0.00	0.1205	.	2	3942	7346	8727
W0639	chr1	44247554	44251496	0.0195	0.00	0.1205	.	2	3942	7346	8727
W0639	chr5	29680765	29681249	0.0138	0.00	0.0886	.	2	484	33814	46623
W0639	chr5	29680765	29681249	0.0138	0.00	0.0886	.	2	484	33814	46623
W0639	chr8	26053086	26053552	0.0131	0.00	0.0861	.	2	466	33832	46621
W0639	chr3	9828459	9828912	0.0128	0.00	0.0848	.	2	453	33832	46610
W0639	chr2	16346976	16346841	0.0177	0.00	0.0829	.	3	-135	28553	41791
W0639	chr1	39797699	39798063	0.0112	0.00	0.0770	.	2	364	33877	46618
W0639	chr1	39797699	39798063	0.0112	0.00	0.0770	.	2	364	33877	46618
W0639	chr1	20361229	20361586	0.0103	0.00	0.0730	.	2	357	33924	46610
W0639	chr1	20361229	20361586	0.0103	0.00	0.0730	.	2	357	33924	46610
W0639	chr5	23717894	23718188	0.0083	0.00	0.0638	.	2	294	33996	46613
W0639	chr5	23717894	23718188	0.0083	0.00	0.0638	.	2	294	33996	46613
W1080	chr1	2625895	2696742	0.9960	0.00	1.1531	.	41	70847	1	70811
W1080	chr1	2862933	2810768	0.0442	0.00	0.1293	.	14	-52165	33518	49419
W1080	chr2	31671333	31944386	0.0252	0.00	0.1221	.	2	273053	7346	11381
W1080	chr1	41301743	41305685	0.0195	0.00	0.1205	.	2	3942	7346	8727
W1080	chr1	41301743	41305685	0.0195	0.00	0.1205	.	2	3942	7346	8727
W1080	chr5	29847234	29847718	0.0138	0.00	0.0886	.	2	484	33814	46623
W1080	chr5	29847234	29847718	0.0138	0.00	0.0886	.	2	484	33814	46623
W1080	chr8	25249215	25249681	0.0131	0.00	0.0861	.	2	466	33832	46621
W1080	chr3	9896514	9896967	0.0128	0.00	0.0848	.	2	453	33832	46610
W1080	chr2	16207238	16207103	0.0177	0.00	0.0829	.	3	-135	28553	41791
W1080	chr1	36973642	36974006	0.0112	0.00	0.0770	.	2	364	33877	46618
W1080	chr1	36973642	36974006	0.0112	0.00	0.0770	.	2	364	33877	46618
W1080	chr1	18181727	18182084	0.0103	0.00	0.0730	.	2	357	33924	46610
W1080	chr1	18181727	18182084	0.0103	0.00	0.0730	.	2	357	33924	46610
W1080	chr5	23972882	23973176	0.0083	0.00	0.0638	.	2	294	33996	46613
W1080	chr5	23972882	23973176	0.0083	0.00	0.0638	.	2	294	33996	46613
W1107	chr1	2463858	2581823	0.9912	0.00	1.1360	.	43	117965	1	70811
W1107	chr1	2747787	2695606	0.0442	0.00	0.1293	.	13	-52181	33518	49419
W1107	chr2	31364151	31616208	0.0252	0.00	0.1221	.	2	252057	7346	11381
W1107	chr1	40786621	40790563	0.0195	0.00	0.1205	.	2	3942	7346	8727
W1107	chr1	40786621	40790563	0.0195	0.00	0.1205	.	2	3942	7346	8727
W1107	chr2	15957586	15957451	0.0177	0.00	0.0829	.	3	-135	28553	41791
W1117	chr1	2610994	2695269	1.0000	0.00	1.1557	.	41	84275	1	70811
W1117	chr1	2813126	2811502	0.0454	0.00	0.1746	.	12	-1624	33525	49419
W1117	chr2	32302602	32554590	0.0252	0.00	0.1221	.	2	251988	7346	11381
W1117	chr1	42050849	42054791	0.0195	0.00	0.1205	.	2	3942	7346	8727
W1117	chr1	42050849	42054791	0.0195	0.00	0.1205	.	2	3942	7346	8727
W1117	chr5	30113827	30114311	0.0138	0.00	0.0886	.	2	484	33814	46623
W1117	chr5	30113827	30114311	0.0138	0.00	0.0886	.	2	484	33814	46623
W1117	chr3	9716193	9716646	0.0128	0.00	0.0848	.	2	453	33832	46610
W1117	chr2	16367094	16366959	0.0177	0.00	0.0829	.	3	-135	28553	41791
W1117	chr8	26630402	26630845	0.0124	0.00	0.0829	.	2	443	33861	46621
W1117	chr1	37727093	37727457	0.0112	0.00	0.0770	.	2	364	33877	46618
W1117	chr1	37727093	37727457	0.0112	0.00	0.0770	.	2	364	33877	46618
W1117	chr1	18917163	18917520	0.0103	0.00	0.0730	.	2	357	33924	46610
W1117	chr1	18917163	18917520	0.0103	0.00	0.0730	.	2	357	33924	46610
W1117	chr5	24150278	24150572	0.0083	0.00	0.0638	.	2	294	33996	46613
W1117	chr5	24150278	24150572	0.0083	0.00	0.0638	.	2	294	33996	46613
W1719	chr1	2684449	2768712	1.0000	0.00	1.1570	.	38	84263	1	70811
W1719	W1719_203	10892	17090	0.3995	0.00	0.5360	.	13	6198	21303	54528
W1719	chr1	2886664	2885040	0.0437	0.00	0.1731	.	10	-1624	33525	49419
W1719	chr2	32939910	33192297	0.0252	0.00	0.1221	.	2	252387	7346	11381
W1719	chr1	42206542	42210484	0.0195	0.00	0.1205	.	2	3942	7346	8727
W1719	chr1	42206542	42210484	0.0195	0.00	0.1205	.	2	3942	7346	8727
W1719	chr2	16602339	16602204	0.0177	0.00	0.0829	.	3	-135	28553	41791
W1723	chr1	2624878	2699719	1.0000	0.00	1.1545	.	40	74841	1	70811
W1723	chr1	2817449	2815825	0.0454	0.00	0.1746	.	12	-1624	33525	49419
W1723	chr1	41472215	41476157	0.0195	0.00	0.1205	.	2	3942	7346	8727
W1723	chr1	41472215	41476157	0.0195	0.00	0.1205	.	2	3942	7346	8727
W1723	chr5	30200475	30200959	0.0138	0.00	0.0886	.	2	484	33814	46623
W1723	chr5	30200475	30200959	0.0138	0.00	0.0886	.	2	484	33814	46623
W1723	chr8	24968303	24968769	0.0131	0.00	0.0861	.	2	466	33832	46621
W1723	chr3	10261746	10262199	0.0128	0.00	0.0848	.	2	453	33832	46610
W1723	chr2	16019655	16019520	0.0177	0.00	0.0829	.	3	-135	28553	41791
W1723	chr1	37089972	37090336	0.0112	0.00	0.0770	.	2	364	33877	46618
W1723	chr1	37089972	37090336	0.0112	0.00	0.0770	.	2	364	33877	46618
W1723	chr1	18396919	18397276	0.0103	0.00	0.0730	.	2	357	33924	46610
W1723	chr1	18396919	18397276	0.0103	0.00	0.0730	.	2	357	33924	46610
W1723	chr5	24322264	24322558	0.0083	0.00	0.0638	.	2	294	33996	46613
W1839	chr1	2683700	2767968	1.0000	0.00	1.1557	.	41	84268	1	70811
W1839	chr1	2885927	2884303	0.0454	0.00	0.1746	.	12	-1624	33525	49419
W1839	chr1	41635058	41639000	0.0195	0.00	0.1205	.	2	3942	7346	8727
W1839	chr1	41635058	41639000	0.0195	0.00	0.1205	.	2	3942	7346	8727
W1839	chr5	29373164	29373648	0.0138	0.00	0.0886	.	2	484	33814	46623
W1839	chr5	29373164	29373648	0.0138	0.00	0.0886	.	2	484	33814	46623
W1839	chr3	9801192	9801645	0.0128	0.00	0.0848	.	2	453	33832	46610
W1839	chr2	17399158	17399023	0.0177	0.00	0.0829	.	3	-135	28553	41791
W1839	chr8	25585305	25585748	0.0124	0.00	0.0829	.	2	443	33861	46621
W1839	chr1	37168219	37168583	0.0112	0.00	0.0770	.	2	364	33877	46618
W1839	chr1	37168219	37168583	0.0112	0.00	0.0770	.	2	364	33877	46618
W1839	chr1	18227791	18228148	0.0103	0.00	0.0730	.	2	357	33924	46610
W1839	chr1	18227791	18228148	0.0103	0.00	0.0730	.	2	357	33924	46610
W1839	chr5	23463406	23463700	0.0083	0.00	0.0638	.	2	294	33996	46613
W1839	chr5	23463406	23463700	0.0083	0.00	0.0638	.	2	294	33996	46613
W2319	chr1	2674139	2744809	0.9991	0.00	1.1630	.	28	70670	1	70811
W2319	chr1	2858634	2853688	0.0710	0.00	0.2019	.	11	-4946	33525	51348
W2319	chr2	32605935	32858288	0.0252	0.00	0.1221	.	2	252353	7346	11381
W2319	chr1	41127950	41131892	0.0195	0.00	0.1205	.	2	3942	7346	8727
W2319	chr1	41127950	41131892	0.0195	0.00	0.1205	.	2	3942	7346	8727
W2319	chr2	16050815	16050680	0.0177	0.00	0.0829	.	3	-135	28553	41791
W2332	chr1	2620673	2708822	0.9994	0.00	1.1669	.	41	88149	1	70811
W2332	chr1	2874949	2822756	0.0442	0.00	0.1293	.	13	-52193	33518	49419
W2332	chr1	41714739	41718681	0.0195	0.00	0.1205	.	2	3942	7346	8727
W2332	chr1	41714739	41718681	0.0195	0.00	0.1205	.	2	3942	7346	8727
W2332	chr2	16244753	16244618	0.0177	0.00	0.0829	.	3	-135	28553	41791
W0179	chr1	2633094	2718192	0.9992	0.00	1.1629	.	43	85098	1	70811
W0179	chr1	2884451	2832238	0.0442	0.00	0.1293	.	13	-52213	33518	49419
W0179	chr2	32223285	32489994	0.0252	0.00	0.1221	.	2	266709	7346	11381
W0179	chr1	44041578	44045520	0.0195	0.00	0.1205	.	2	3942	7346	8727
W0179	chr1	44041578	44045520	0.0195	0.00	0.1205	.	2	3942	7346	8727
W0179	chr2	16816441	16816306	0.0177	0.00	0.0829	.	3	-135	28553	41791
W0590	chr1	2661998	2735655	0.9984	0.00	1.1449	.	44	73657	1	70811
W0590	chr1	2863020	2880207	0.0604	0.00	0.1905	.	13	17187	33525	50486
W0590	chr2	32277512	32529635	0.0252	0.00	0.1221	.	2	252123	7346	11381
W0590	chr1	42003575	42007517	0.0195	0.00	0.1205	.	2	3942	7346	8727
W0590	chr1	42003575	42007517	0.0195	0.00	0.1205	.	2	3942	7346	8727
W0590	chr5	29349643	29350127	0.0138	0.00	0.0886	.	2	484	33814	46623
W0590	chr5	29349643	29350127	0.0138	0.00	0.0886	.	2	484	33814	46623
W0590	chr3	9873022	9873475	0.0128	0.00	0.0848	.	2	453	33832	46610
W0590	chr2	15894892	15894757	0.0177	0.00	0.0829	.	3	-135	28553	41791
W0590	chr8	26761160	26761603	0.0124	0.00	0.0829	.	2	443	33861	46621
W0590	chr1	37516706	37517070	0.0112	0.00	0.0770	.	2	364	33877	46618
W0590	chr1	37516706	37517070	0.0112	0.00	0.0770	.	2	364	33877	46618
W0590	chr1	18390281	18390661	0.0109	0.00	0.0760	.	2	380	33901	46610
W0590	chr1	18390281	18390661	0.0109	0.00	0.0760	.	2	380	33901	46610
W0590	chr5	23460072	23460366	0.0083	0.00	0.0638	.	2	294	33996	46613
W0590	chr5	23460072	23460366	0.0083	0.00	0.0638	.	2	294	33996	46613
W1735	chr1	2732728	2804805	0.9992	0.00	1.1596	.	38	72077	1	70811
W1735	chr1	2970981	2918792	0.0442	0.00	0.1293	.	13	-52189	33518	49419
W1735	chr2	32179421	32431774	0.0252	0.00	0.1221	.	2	252353	7346	11381
W1735	chr1	42782963	42786905	0.0195	0.00	0.1205	.	2	3942	7346	8727
W1735	chr1	42782963	42786905	0.0195	0.00	0.1205	.	2	3942	7346	8727
W1735	chr2	16051871	16051736	0.0177	0.00	0.0829	.	3	-135	28553	41791
W0630	chr1	2603501	2674811	0.9979	0.00	1.1518	.	41	71310	1	70811
W0630	chr1	2841370	2789181	0.0442	0.00	0.1293	.	13	-52189	33518	49419
W1084	chr1	2540326	2611076	1.0000	0.00	1.1670	.	25	70750	1	70811
W1084	chr1	2742158	2740534	0.0437	0.00	0.1732	.	8	-1624	33525	49419
W1084	chr2	32309541	32599486	0.0252	0.00	0.1221	.	2	289945	7346	11381
W1084	chr1	41255047	41258989	0.0195	0.00	0.1205	.	2	3942	7346	8727
W1084	chr1	41255047	41258989	0.0195	0.00	0.1205	.	2	3942	7346	8727
W1084	chr2	16315092	16314957	0.0177	0.00	0.0829	.	3	-135	28553	41791
W1142	chr1	2615614	2687536	1.0000	0.00	1.1522	.	42	71922	1	70811
W1142	chr1	2846642	2851060	0.0699	0.00	0.2004	.	15	4418	33518	51242
W1142	chr2	31658803	31906001	0.0252	0.00	0.1221	.	2	247198	7346	11381
W1142	chr5	29170515	29170999	0.0138	0.00	0.0886	.	2	484	33814	46623
W1142	chr5	29170515	29170999	0.0138	0.00	0.0886	.	2	484	33814	46623
W1142	chr8	26119975	26120441	0.0131	0.00	0.0861	.	2	466	33832	46621
W1142	chr3	9741072	9741525	0.0128	0.00	0.0848	.	2	453	33832	46610
W1142	chr2	16378721	16378586	0.0177	0.00	0.0829	.	3	-135	28553	41791
W1142	chr1	36671148	36671512	0.0112	0.00	0.0770	.	2	364	33877	46618
W1142	chr1	36671148	36671512	0.0112	0.00	0.0770	.	2	364	33877	46618
W1142	chr1	18128896	18129253	0.0103	0.00	0.0730	.	2	357	33924	46610
W1142	chr1	18128896	18129253	0.0103	0.00	0.0730	.	2	357	33924	46610
W1142	chr5	23318166	23318460	0.0083	0.00	0.0638	.	2	294	33996	46613
W1547	chr1	2401120	2467417	0.9881	0.00	1.1426	.	41	66297	1	70811
W1547	chr1	2625823	2574624	0.0442	0.00	0.1293	.	13	-51199	33518	49419
W1547	chr1	40993599	40997542	0.0195	0.00	0.1205	.	2	3943	7346	8727
W1547	chr1	40993599	40997542	0.0195	0.00	0.1205	.	2	3943	7346	8727
W1547	chr2	28476868	28479928	0.0195	0.00	0.1205	.	2	3060	7346	8727
W1547	chr2	28476868	28479928	0.0195	0.00	0.1205	.	2	3060	7346	8727
W1547	chr2	16304646	16304511	0.0177	0.00	0.0829	.	3	-135	28553	41791
W1619	chr1	2506391	2572687	0.9881	0.00	1.1426	.	41	66296	1	70811
W1619	chr1	2731098	2679899	0.0442	0.00	0.1293	.	13	-51199	33518	49419
W1619	chr1	41856488	41860431	0.0195	0.00	0.1205	.	2	3943	7346	8727
W1619	chr1	41856488	41860431	0.0195	0.00	0.1205	.	2	3943	7346	8727
W1619	chr2	28292928	28295988	0.0195	0.00	0.1205	.	2	3060	7346	8727
W1619	chr2	28292928	28295988	0.0195	0.00	0.1205	.	2	3060	7346	8727
W1619	chr2	16434991	16434856	0.0177	0.00	0.0829	.	3	-135	28553	41791
W1677	chr1	2744800	2815692	0.9960	0.00	1.1540	.	40	70892	1	70811
W1677	chr1	2981903	2929716	0.0442	0.00	0.1293	.	13	-52187	33518	49419
W1677	chr1	41999014	42002956	0.0195	0.00	0.1205	.	2	3942	7346	8727
W1677	chr1	41999014	42002956	0.0195	0.00	0.1205	.	2	3942	7346	8727
W1677	chr2	17018044	17017909	0.0177	0.00	0.0829	.	3	-135	28553	41791
W1679	chr1	2524904	2596831	1.0000	0.00	1.1533	.	43	71927	1	70811
W1679	chr1	2755983	2760401	0.0699	0.00	0.2004	.	15	4418	33518	51242
W1679	chr1	40908586	40912526	0.0195	0.00	0.1205	.	2	3940	7346	8727
W1679	chr1	40908586	40912526	0.0195	0.00	0.1205	.	2	3940	7346	8727
W1679	chr5	29252116	29252600	0.0138	0.00	0.0886	.	2	484	33814	46623
W1679	chr5	29252116	29252600	0.0138	0.00	0.0886	.	2	484	33814	46623
W1679	chr8	25970579	25971045	0.0131	0.00	0.0861	.	2	466	33832	46621
W1679	chr3	9665224	9665677	0.0128	0.00	0.0848	.	2	453	33832	46610
W1679	chr2	16543810	16543675	0.0177	0.00	0.0829	.	3	-135	28553	41791
W1679	chr1	36535036	36535400	0.0112	0.00	0.0770	.	2	364	33877	46618
W1679	chr1	36535036	36535400	0.0112	0.00	0.0770	.	2	364	33877	46618
W1679	chr1	17690316	17690673	0.0103	0.00	0.0730	.	2	357	33924	46610
W1679	chr1	17690316	17690673	0.0103	0.00	0.0730	.	2	357	33924	46610
W1679	chr5	23201483	23201777	0.0083	0.00	0.0638	.	2	294	33996	46613
W1679	chr5	23201483	23201777	0.0083	0.00	0.0638	.	2	294	33996	46613
W1726	chr1	2546461	2612739	0.9881	0.00	1.1429	.	40	66278	1	70811
W1726	chr1	2735261	2733641	0.0454	0.00	0.1746	.	12	-1620	33525	49419
W1726	chr1	40877158	40881101	0.0195	0.00	0.1205	.	2	3943	7346	8727
W1726	chr1	40877158	40881101	0.0195	0.00	0.1205	.	2	3943	7346	8727
W1726	chr5	30432569	30433053	0.0138	0.00	0.0886	.	2	484	33814	46623
W1726	chr5	30432569	30433053	0.0138	0.00	0.0886	.	2	484	33814	46623
W1726	chr8	24403626	24404092	0.0131	0.00	0.0861	.	2	466	33832	46621
W1726	chr8	24403626	24404092	0.0131	0.00	0.0861	.	2	466	33832	46621
W1726	chr3	9945774	9946227	0.0128	0.00	0.0848	.	2	453	33832	46610
W1726	chr2	15987839	15987704	0.0177	0.00	0.0829	.	3	-135	28553	41791
W1726	chr1	36449373	36449737	0.0112	0.00	0.0770	.	2	364	33877	46618
W1726	chr1	36449373	36449737	0.0112	0.00	0.0770	.	2	364	33877	46618
W1726	chr1	18073040	18073397	0.0103	0.00	0.0730	.	2	357	33924	46610
W1726	chr1	18073040	18073397	0.0103	0.00	0.0730	.	2	357	33924	46610
W1726	chr5	24413428	24413722	0.0083	0.00	0.0638	.	2	294	33996	46613
W1726	chr5	24413428	24413722	0.0083	0.00	0.0638	.	2	294	33996	46613
W1731	chr1	2566823	2634114	0.9932	0.00	1.1541	.	40	67291	1	70811
W1731	chr3	38403202	38265977	0.0408	0.00	0.1791	.	2	-137225	7370	27508
W1731	chr1	2757622	2756002	0.0454	0.00	0.1746	.	12	-1620	33525	49419
W1731	chr5	29567084	29567568	0.0138	0.00	0.0886	.	2	484	33814	46623
W1731	chr5	29567084	29567568	0.0138	0.00	0.0886	.	2	484	33814	46623
W1731	chr8	25188163	25188629	0.0131	0.00	0.0861	.	2	466	33832	46621
W1731	chr3	9651989	9652442	0.0128	0.00	0.0848	.	2	453	33832	46610
W1731	chr2	16971572	16971437	0.0177	0.00	0.0829	.	3	-135	28553	41791
W1731	chr1	37384389	37384753	0.0112	0.00	0.0770	.	2	364	33877	46618
W1731	chr1	37384389	37384753	0.0112	0.00	0.0770	.	2	364	33877	46618
W1731	chr1	18810576	18810933	0.0103	0.00	0.0731	.	2	357	33924	46610
W1731	chr1	18810576	18810933	0.0103	0.00	0.0731	.	2	357	33924	46610
W1731	chr5	23375549	23375838	0.0082	0.00	0.0632	.	2	289	34001	46613
W1731	chr5	23375549	23375838	0.0082	0.00	0.0632	.	2	289	34001	46613
W1732	chr1	2552671	2623420	1.0000	0.00	1.1655	.	27	70749	1	70811
W1732	chr1	2743097	2741473	0.0437	0.00	0.1732	.	10	-1624	33525	49419
W1732	chr2	34594439	34894658	0.0252	0.00	0.1221	.	2	300219	7346	11381
W1732	chr2	30301360	30304420	0.0195	0.00	0.1205	.	2	3060	7346	8727
W1732	chr2	30301360	30304420	0.0195	0.00	0.1205	.	2	3060	7346	8727
W1732	chr2	17726561	17726426	0.0177	0.00	0.0829	.	3	-135	28553	41791
W1787	chr1	2577165	2664083	0.9995	0.00	1.1559	.	41	86918	1	70811
W1787	chr1	2782676	2775765	0.0286	0.00	0.1142	.	11	-6911	33525	48233
W1787	chr5	30062133	30062617	0.0138	0.00	0.0886	.	2	484	33814	46623
W1787	chr5	30062133	30062617	0.0138	0.00	0.0886	.	2	484	33814	46623
W1787	chr8	25526963	25527429	0.0131	0.00	0.0861	.	2	466	33832	46621
W1787	chr3	9720766	9721219	0.0128	0.00	0.0848	.	2	453	33832	46610
W1787	chr2	16351126	16350991	0.0177	0.00	0.0829	.	3	-135	28553	41791
W1787	chr1	37906674	37907038	0.0112	0.00	0.0770	.	2	364	33877	46618
W1787	chr1	37906674	37907038	0.0112	0.00	0.0770	.	2	364	33877	46618
W1787	chr1	19241944	19242301	0.0103	0.00	0.0730	.	2	357	33924	46610
W1787	chr1	19241944	19242301	0.0103	0.00	0.0730	.	2	357	33924	46610
W1787	chr5	24163321	24163615	0.0083	0.00	0.0638	.	2	294	33996	46613
W1787	chr5	24163321	24163615	0.0083	0.00	0.0638	.	2	294	33996	46613
W1865	chr1	2685674	2761091	0.9862	0.00	1.1543	.	38	75417	1	70811
W1865	chr1	2922162	2870936	0.0442	0.00	0.1293	.	13	-51226	33518	49419
W1865	chr2	31546190	31802699	0.0252	0.00	0.1221	.	2	256509	7346	11381
W1865	chr1	42324241	42328183	0.0195	0.00	0.1205	.	2	3942	7346	8727
W1865	chr1	42324241	42328183	0.0195	0.00	0.1205	.	2	3942	7346	8727
W1865	chr2	16237267	16237132	0.0177	0.00	0.0829	.	3	-135	28553	41791
W2053	chr1	2683108	2746652	0.9913	0.00	1.1407	.	40	63544	1	70811
W2053	chr1	2891190	2889566	0.0454	0.00	0.1747	.	10	-1624	33525	49419
W2053	chr1	40741587	40745529	0.0195	0.00	0.1205	.	2	3942	7346	8727
W2053	chr1	40741587	40745529	0.0195	0.00	0.1205	.	2	3942	7346	8727
W2053	chr5	29816330	29816814	0.0138	0.00	0.0886	.	2	484	33814	46623
W2053	chr5	29816330	29816814	0.0138	0.00	0.0886	.	2	484	33814	46623
W2053	chr8	25240350	25240816	0.0131	0.00	0.0861	.	2	466	33832	46621
W2053	chr3	9769674	9770127	0.0128	0.00	0.0848	.	2	453	33832	46610
W2053	chr2	16079041	16078906	0.0177	0.00	0.0829	.	3	-135	28553	41791
W2053	chr1	36454858	36455222	0.0112	0.00	0.0770	.	2	364	33877	46618
W2053	chr1	36454858	36455222	0.0112	0.00	0.0770	.	2	364	33877	46618
W2053	chr1	17913153	17913510	0.0103	0.00	0.0730	.	2	357	33924	46610
W2053	chr1	17913153	17913510	0.0103	0.00	0.0730	.	2	357	33924	46610
W2053	chr5	23797509	23797798	0.0082	0.00	0.0632	.	2	289	34001	46613
W2053	chr5	23797509	23797798	0.0082	0.00	0.0632	.	2	289	34001	46613
W2064	chr1	2617995	2681539	0.9913	0.00	1.1407	.	40	63544	1	70811
W2064	chr1	2826187	2824563	0.0454	0.00	0.1747	.	10	-1624	33525	49419
W2064	chr1	41353376	41357318	0.0195	0.00	0.1205	.	2	3942	7346	8727
W2064	chr1	41353376	41357318	0.0195	0.00	0.1205	.	2	3942	7346	8727
W2064	chr5	30195687	30196171	0.0138	0.00	0.0886	.	2	484	33814	46623
W2064	chr5	30195687	30196171	0.0138	0.00	0.0886	.	2	484	33814	46623
W2064	chr8	25314858	25315324	0.0131	0.00	0.0861	.	2	466	33832	46621
W2064	chr3	9807754	9808207	0.0128	0.00	0.0848	.	2	453	33832	46610
W2064	chr2	16472607	16472472	0.0177	0.00	0.0829	.	3	-135	28553	41791
W2064	chr1	37138069	37138433	0.0112	0.00	0.0770	.	2	364	33877	46618
W2064	chr1	37138069	37138433	0.0112	0.00	0.0770	.	2	364	33877	46618
W2064	chr1	18533311	18533668	0.0103	0.00	0.0730	.	2	357	33924	46610
W2064	chr1	18533311	18533668	0.0103	0.00	0.0730	.	2	357	33924	46610
W2064	chr5	24134717	24135011	0.0083	0.00	0.0638	.	2	294	33996	46613
W2064	chr5	24134717	24135011	0.0083	0.00	0.0638	.	2	294	33996	46613
W2305	chr1	2644817	2749426	0.9995	0.00	1.1535	.	39	104609	1	70811
W2305	chr1	2872206	2870584	0.0454	0.00	0.1746	.	12	-1622	33525	49419
W2305	chr1	40718723	40722665	0.0195	0.00	0.1205	.	2	3942	7346	8727
W2305	chr1	40718723	40722665	0.0195	0.00	0.1205	.	2	3942	7346	8727
W2305	chr5	30282636	30283120	0.0138	0.00	0.0886	.	2	484	33814	46623
W2305	chr5	30282636	30283120	0.0138	0.00	0.0886	.	2	484	33814	46623
W2305	chr8	26453389	26453855	0.0131	0.00	0.0861	.	2	466	33832	46621
W2305	chr8	26453389	26453855	0.0131	0.00	0.0861	.	2	466	33832	46621
W2305	chr3	9997648	9998101	0.0128	0.00	0.0848	.	2	453	33832	46610
W2305	chr3	9997648	9998101	0.0128	0.00	0.0848	.	2	453	33832	46610
W2305	chr2	16223937	16223802	0.0177	0.00	0.0829	.	3	-135	28553	41791
W2305	chr2	16223937	16223802	0.0177	0.00	0.0829	.	3	-135	28553	41791
W2305	chr1	36352098	36352462	0.0112	0.00	0.0770	.	2	364	33877	46618
W2305	chr1	36352098	36352462	0.0112	0.00	0.0770	.	2	364	33877	46618
W2305	chr1	18119473	18119830	0.0103	0.00	0.0730	.	2	357	33924	46610
W2305	chr1	18119473	18119830	0.0103	0.00	0.0730	.	2	357	33924	46610
W2305	chr5	24333818	24334112	0.0083	0.00	0.0638	.	2	294	33996	46613
W0103	chr1	2678233	2749455	1.0000	0.00	1.1565	.	39	71222	1	70811
W0103	chr1	2915656	2863458	0.0442	0.00	0.1293	.	13	-52198	33518	49419
W0103	chr1	41113772	41117714	0.0195	0.00	0.1205	.	2	3942	7346	8727
W0103	chr1	41113772	41117714	0.0195	0.00	0.1205	.	2	3942	7346	8727
W0103	chr2	16559729	16559594	0.0177	0.00	0.0829	.	3	-135	28553	41791
W0107	chr1	2555408	2627337	1.0000	0.00	1.1533	.	43	71929	1	70811
W0107	chr1	2777424	2781842	0.0699	0.00	0.2004	.	15	4418	33518	51242
W0107	chr2	32035792	32332356	0.0252	0.00	0.1221	.	2	296564	7346	11381
W0107	chr5	30154337	30154821	0.0138	0.00	0.0886	.	2	484	33814	46623
W0107	chr5	30154337	30154821	0.0138	0.00	0.0886	.	2	484	33814	46623
W0107	chr8	24801371	24801837	0.0131	0.00	0.0861	.	2	466	33832	46621
W0107	chr3	9834704	9835157	0.0128	0.00	0.0848	.	2	453	33832	46610
W0107	chr2	16804121	16803986	0.0177	0.00	0.0829	.	3	-135	28553	41791
W0107	chr1	36824895	36825259	0.0112	0.00	0.0770	.	2	364	33877	46618
W0107	chr1	36824895	36825259	0.0112	0.00	0.0770	.	2	364	33877	46618
W0107	chr1	18284450	18284807	0.0103	0.00	0.0731	.	2	357	33924	46610
W0107	chr1	18284450	18284807	0.0103	0.00	0.0731	.	2	357	33924	46610
W0107	chr5	24173096	24173390	0.0083	0.00	0.0638	.	2	294	33996	46613
W0147	chr1	2534616	2606549	1.0000	0.00	1.1533	.	43	71933	1	70811
W0147	chr1	2765709	2770127	0.0699	0.00	0.2004	.	15	4418	33518	51242
W0147	chr1	40766237	40770177	0.0195	0.00	0.1205	.	2	3940	7346	8727
W0147	chr1	40766237	40770177	0.0195	0.00	0.1205	.	2	3940	7346	8727
W0147	chr5	29309218	29309702	0.0138	0.00	0.0886	.	2	484	33814	46623
W0147	chr5	29309218	29309702	0.0138	0.00	0.0886	.	2	484	33814	46623
W0147	chr8	24895977	24896443	0.0131	0.00	0.0861	.	2	466	33832	46621
W0147	chr3	9883096	9883549	0.0128	0.00	0.0848	.	2	453	33832	46610
W0147	chr2	16493501	16493366	0.0177	0.00	0.0829	.	3	-135	28553	41791
W0147	chr1	36392584	36392948	0.0112	0.00	0.0770	.	2	364	33877	46618
W0147	chr1	36392584	36392948	0.0112	0.00	0.0770	.	2	364	33877	46618
W0147	chr1	17873699	17874056	0.0103	0.00	0.0731	.	2	357	33924	46610
W0147	chr1	17873699	17874056	0.0103	0.00	0.0731	.	2	357	33924	46610
W0147	chr5	23381167	23381461	0.0083	0.00	0.0638	.	2	294	33996	46613
W0147	chr5	23381167	23381461	0.0083	0.00	0.0638	.	2	294	33996	46613
W0627	chr1	2780125	2861557	0.9735	0.00	1.1344	.	47	81432	1	70811
W0627	chr1	3026744	3031162	0.0699	0.00	0.2007	.	14	4418	33518	51242
W0627	chr1	42703289	42707231	0.0195	0.00	0.1205	.	2	3942	7346	8727
W0627	chr1	42703289	42707231	0.0195	0.00	0.1205	.	2	3942	7346	8727
W0627	chr2	15789502	15789367	0.0177	0.00	0.0829	.	3	-135	28553	41791
W0108	chr1	2528332	2590828	0.9895	0.00	1.1371	.	42	62496	1	70811
W0108	chr1	2714358	2712734	0.0454	0.00	0.1746	.	12	-1624	33525	49419
W0108	chr2	30985768	31306607	0.0252	0.00	0.1220	.	2	320839	7346	11381
W0108	chr2	27111043	27114103	0.0195	0.00	0.1205	.	2	3060	7346	8727
W0108	chr2	27111043	27114103	0.0195	0.00	0.1205	.	2	3060	7346	8727
W0108	chr5	29300842	29301326	0.0138	0.00	0.0886	.	2	484	33814	46623
W0108	chr5	29300842	29301326	0.0138	0.00	0.0886	.	2	484	33814	46623
W0108	chr8	25442483	25442949	0.0131	0.00	0.0861	.	2	466	33832	46621
W0108	chr8	25442483	25442949	0.0131	0.00	0.0861	.	2	466	33832	46621
W0108	chr3	9979079	9979532	0.0128	0.00	0.0848	.	2	453	33832	46610
W0108	chr2	15559607	15559472	0.0177	0.00	0.0829	.	3	-135	28553	41791
W0108	chr1	38157013	38157377	0.0112	0.00	0.0770	.	2	364	33877	46618
W0108	chr1	38157013	38157377	0.0112	0.00	0.0770	.	2	364	33877	46618
W0108	chr1	18646505	18646885	0.0109	0.00	0.0760	.	2	380	33901	46610
W0108	chr1	18646505	18646885	0.0109	0.00	0.0760	.	2	380	33901	46610
W0108	chr5	23150759	23151053	0.0083	0.00	0.0638	.	2	294	33996	46613
W0108	chr5	23150759	23151053	0.0083	0.00	0.0638	.	2	294	33996	46613
W0143	chr1	2591437	2675688	0.9491	0.00	1.1055	.	42	84251	1	70811
W0143	chr1	2811943	2816086	0.0693	0.00	0.1999	.	14	4143	33525	51241
W0143	chr2	32009206	32290958	0.0252	0.00	0.1221	.	2	281752	7346	11381
W0143	chr2	28032525	28035585	0.0195	0.00	0.1205	.	2	3060	7346	8727
W0143	chr2	28032525	28035585	0.0195	0.00	0.1205	.	2	3060	7346	8727
W0143	chr5	28661136	28661620	0.0138	0.00	0.0886	.	2	484	33814	46623
W0143	chr5	28661136	28661620	0.0138	0.00	0.0886	.	2	484	33814	46623
W0143	chr8	26067383	26067849	0.0131	0.00	0.0861	.	2	466	33832	46621
W0143	chr3	10002471	10002924	0.0128	0.00	0.0848	.	2	453	33832	46610
W0143	chr2	16221918	16221783	0.0179	0.00	0.0837	.	3	-135	28541	41791
W0143	chr1	37813413	37813777	0.0112	0.00	0.0770	.	2	364	33877	46618
W0143	chr1	37813413	37813777	0.0112	0.00	0.0770	.	2	364	33877	46618
W0143	chr1	18601114	18601494	0.0109	0.00	0.0760	.	2	380	33901	46610
W0143	chr1	18601114	18601494	0.0109	0.00	0.0760	.	2	380	33901	46610
W0143	chr5	22428353	22428647	0.0083	0.00	0.0638	.	2	294	33996	46613
W0143	chr5	22428353	22428647	0.0083	0.00	0.0638	.	2	294	33996	46613
W0166	chr1	2564339	2648619	1.0000	0.00	1.1557	.	41	84280	1	70811
W0166	chr1	2766403	2764779	0.0454	0.00	0.1746	.	12	-1624	33525	49419
W0166	chr1	44061408	44065309	0.0195	0.00	0.1205	.	2	3901	7346	8727
W0166	chr1	44061408	44065309	0.0195	0.00	0.1205	.	2	3901	7346	8727
W0166	chr5	30216230	30216714	0.0138	0.00	0.0886	.	2	484	33814	46623
W0166	chr5	30216230	30216714	0.0138	0.00	0.0886	.	2	484	33814	46623
W0166	chr8	27884731	27885197	0.0131	0.00	0.0861	.	2	466	33832	46621
W0166	chr8	27884731	27885197	0.0131	0.00	0.0861	.	2	466	33832	46621
W0166	chr3	10196042	10196495	0.0128	0.00	0.0848	.	2	453	33832	46610
W0166	chr1	39572113	39572477	0.0112	0.00	0.0770	.	2	364	33877	46618
W0166	chr1	39572113	39572477	0.0112	0.00	0.0770	.	2	364	33877	46618
W0166	chr1	18759223	18759603	0.0109	0.00	0.0760	.	2	380	33901	46610
W0166	chr1	18759223	18759603	0.0109	0.00	0.0760	.	2	380	33901	46610
W0166	chr5	24204045	24204333	0.0082	0.00	0.0634	.	2	288	34002	46613
W0166	chr5	24204045	24204333	0.0082	0.00	0.0634	.	2	288	34002	46613
W0169	chr1	2584789	2651088	0.9908	0.00	1.1388	.	44	66299	1	70811
W0169	chr1	2784426	2782802	0.0454	0.00	0.1746	.	12	-1624	33525	49419
W0169	chr5	30746191	30746675	0.0138	0.00	0.0886	.	2	484	33814	46623
W0169	chr5	30746191	30746675	0.0138	0.00	0.0886	.	2	484	33814	46623
W0169	chr8	26767989	26768455	0.0131	0.00	0.0861	.	2	466	33832	46621
W0169	chr8	26767989	26768455	0.0131	0.00	0.0861	.	2	466	33832	46621
W0169	chr3	10163939	10164392	0.0128	0.00	0.0848	.	2	453	33832	46610
W0169	chr1	37665534	37665931	0.0116	0.00	0.0785	.	2	397	33877	46609
W0169	chr1	37665534	37665931	0.0116	0.00	0.0785	.	2	397	33877	46609
W0169	chr1	18814704	18815084	0.0109	0.00	0.0760	.	2	380	33901	46610
W0169	chr1	18814704	18815084	0.0109	0.00	0.0760	.	2	380	33901	46610
W0169	chr5	24600744	24601038	0.0083	0.00	0.0638	.	2	294	33996	46613
W0169	chr5	24600744	24601038	0.0083	0.00	0.0638	.	2	294	33996	46613
W0171	chr1	2586213	2655439	0.9893	0.00	1.1459	.	41	69226	1	70811
W0171	chr1	2780649	2773995	0.0454	0.00	0.1746	.	12	-6654	33525	49419
W0171	chr1	41805979	41809881	0.0195	0.00	0.1205	.	2	3902	7346	8727
W0171	chr1	41805979	41809881	0.0195	0.00	0.1205	.	2	3902	7346	8727
W0171	chr5	29971016	29971500	0.0138	0.00	0.0886	.	2	484	33814	46623
W0171	chr5	29971016	29971500	0.0138	0.00	0.0886	.	2	484	33814	46623
W0171	chr8	25160847	25161313	0.0131	0.00	0.0861	.	2	466	33832	46621
W0171	chr8	25160847	25161313	0.0131	0.00	0.0861	.	2	466	33832	46621
W0171	chr3	9797950	9798403	0.0128	0.00	0.0848	.	2	453	33832	46610
W0171	chr2	15880036	15879901	0.0179	0.00	0.0837	.	3	-135	28541	41791
W0171	chr1	37473506	37473870	0.0112	0.00	0.0770	.	2	364	33877	46618
W0171	chr1	37473506	37473870	0.0112	0.00	0.0770	.	2	364	33877	46618
W0171	chr1	18401053	18401433	0.0109	0.00	0.0760	.	2	380	33901	46610
W0171	chr1	18401053	18401433	0.0109	0.00	0.0760	.	2	380	33901	46610
W0171	chr5	23891636	23891930	0.0083	0.00	0.0638	.	2	294	33996	46613
W0171	chr5	23891636	23891930	0.0083	0.00	0.0638	.	2	294	33996	46613
W0180	chr1	2589154	2671921	0.9786	0.00	1.1449	.	38	82767	1	70811
W0180	chr1	2787788	2786164	0.0437	0.00	0.1732	.	10	-1624	33525	49419
W0180	chr2	30394467	30397527	0.0195	0.00	0.1205	.	2	3060	7346	8727
W0180	chr2	30394467	30397527	0.0195	0.00	0.1205	.	2	3060	7346	8727
W0180	chr4	8756607	8800284	0.0177	0.00	0.1186	.	2	43677	7346	8598
W0180	chr4	8756607	8800284	0.0177	0.00	0.1186	.	2	43677	7346	8598
W0180	chr2	17176736	17176601	0.0179	0.00	0.0837	.	3	-135	28541	41791
W0600	chr1	2992543	3054276	0.9795	0.00	1.1324	.	45	61733	1	70811
W0600	chr1	3181737	3186466	0.0711	0.00	0.2017	.	13	4729	33525	51242
W0600	chr1	44249558	44253500	0.0195	0.00	0.1205	.	2	3942	7346	8727
W0600	chr1	44249558	44253500	0.0195	0.00	0.1205	.	2	3942	7346	8727
W0600	chr2	29217905	29220585	0.0195	0.00	0.1205	.	2	2680	7346	8727
W0600	chr2	29217905	29220585	0.0195	0.00	0.1205	.	2	2680	7346	8727
W0600	W0600_153	230997	234057	0.0195	0.00	0.1205	.	2	3060	7346	8727
W0600	chr5	29876395	29876879	0.0138	0.00	0.0886	.	2	484	33814	46623
W0600	chr5	29876395	29876879	0.0138	0.00	0.0886	.	2	484	33814	46623
W0600	chr8	27968963	27969429	0.0131	0.00	0.0861	.	2	466	33832	46621
W0600	chr8	27968963	27969429	0.0131	0.00	0.0861	.	2	466	33832	46621
W0600	chr3	11835252	11835705	0.0128	0.00	0.0849	.	2	453	33832	46610
W0600	chr2	16064246	16064111	0.0179	0.00	0.0836	.	3	-135	28541	41791
W0600	chr2	16064246	16064111	0.0179	0.00	0.0836	.	3	-135	28541	41791
W0600	chr1	37627144	37627507	0.0112	0.00	0.0770	.	2	363	33877	46618
W0600	chr1	37627144	37627507	0.0112	0.00	0.0770	.	2	363	33877	46618
W0600	chr1	18180809	18181189	0.0109	0.00	0.0760	.	2	380	33901	46610
W0600	chr1	18180809	18181189	0.0109	0.00	0.0760	.	2	380	33901	46610
W0600	chr5	23786633	23786927	0.0083	0.00	0.0638	.	2	294	33996	46613
W0600	chr5	23786633	23786927	0.0083	0.00	0.0638	.	2	294	33996	46613
W0634	chr1	2839071	2928722	0.9912	0.00	1.1403	.	48	89651	1	70811
W0634	chr1	3049950	3048326	0.0454	0.00	0.1746	.	12	-1624	33525	49419
W0634	chr5	28930241	28930725	0.0138	0.00	0.0886	.	2	484	33814	46623
W0634	chr5	28930241	28930725	0.0138	0.00	0.0886	.	2	484	33814	46623
W0634	chr8	26793488	26793954	0.0131	0.00	0.0861	.	2	466	33832	46621
W0634	chr8	26793488	26793954	0.0131	0.00	0.0861	.	2	466	33832	46621
W0634	chr3	9900550	9901003	0.0128	0.00	0.0848	.	2	453	33832	46610
W0634	chr2	16940917	16940777	0.0176	0.00	0.0828	.	3	-140	28541	41791
W0634	chr1	39326219	39326583	0.0112	0.00	0.0770	.	2	364	33877	46618
W0634	chr1	39326219	39326583	0.0112	0.00	0.0770	.	2	364	33877	46618
W0634	chr1	18150832	18151212	0.0109	0.00	0.0760	.	2	380	33901	46610
W0634	chr1	18150832	18151212	0.0109	0.00	0.0760	.	2	380	33901	46610
W0634	chr5	22735072	22735366	0.0083	0.00	0.0638	.	2	294	33996	46613
W0634	chr5	22735072	22735366	0.0083	0.00	0.0638	.	2	294	33996	46613
W1093	chr1	2617622	2713639	0.9928	0.00	1.1374	.	42	96017	1	70811
W1093	chr1	2852590	2850966	0.0454	0.00	0.1747	.	10	-1624	33525	49419
W1093	chr2	28669891	28672951	0.0195	0.00	0.1205	.	2	3060	7346	8727
W1093	chr5	30162918	30163402	0.0138	0.00	0.0886	.	2	484	33814	46623
W1093	chr5	30162918	30163402	0.0138	0.00	0.0886	.	2	484	33814	46623
W1093	chr8	26250289	26250755	0.0131	0.00	0.0861	.	2	466	33832	46621
W1093	chr8	26250289	26250755	0.0131	0.00	0.0861	.	2	466	33832	46621
W1093	chr3	9792936	9793389	0.0128	0.00	0.0848	.	2	453	33832	46610
W1093	chr3	9792936	9793389	0.0128	0.00	0.0848	.	2	453	33832	46610
W1093	chr2	16102146	16102011	0.0177	0.00	0.0829	.	3	-135	28553	41791
W1093	chr1	38155769	38156133	0.0112	0.00	0.0770	.	2	364	33877	46618
W1093	chr1	38155769	38156133	0.0112	0.00	0.0770	.	2	364	33877	46618
W1093	chr1	18782808	18783188	0.0109	0.00	0.0760	.	2	380	33901	46610
W1093	chr1	18782808	18783188	0.0109	0.00	0.0760	.	2	380	33901	46610
W1093	chr5	23922555	23922849	0.0083	0.00	0.0638	.	2	294	33996	46613
W1093	chr5	23922555	23922849	0.0083	0.00	0.0638	.	2	294	33996	46613
W1126	chr1	2612211	2667748	0.7635	0.00	0.9194	.	27	55537	16504	70584
W1126	chr1	2612211	2667748	0.7635	0.00	0.9097	.	41	55537	16504	70584
W1126	chr1	2813099	2817242	0.0693	0.00	0.1999	.	14	4143	33525	51241
W1126	chr2	29012177	29015235	0.0195	0.00	0.1205	.	2	3058	7346	8727
W1126	chr2	29012177	29015235	0.0195	0.00	0.1205	.	2	3058	7346	8727
W1126	chr5	29087081	29087565	0.0138	0.00	0.0886	.	2	484	33814	46623
W1126	chr5	29087081	29087565	0.0138	0.00	0.0886	.	2	484	33814	46623
W1126	chr8	26541541	26542007	0.0131	0.00	0.0861	.	2	466	33832	46621
W1126	chr8	26541541	26542007	0.0131	0.00	0.0861	.	2	466	33832	46621
W1126	chr3	10138028	10138481	0.0128	0.00	0.0848	.	2	453	33832	46610
W1126	chr2	16727418	16727283	0.0179	0.00	0.0837	.	3	-135	28541	41791
W1126	chr1	38940752	38941116	0.0112	0.00	0.0770	.	2	364	33877	46618
W1126	chr1	38940752	38941116	0.0112	0.00	0.0770	.	2	364	33877	46618
W1126	chr1	18492138	18492518	0.0109	0.00	0.0760	.	2	380	33901	46610
W1126	chr1	18492138	18492518	0.0109	0.00	0.0760	.	2	380	33901	46610
W1126	chr5	22856692	22856986	0.0083	0.00	0.0638	.	2	294	33996	46613
W1126	chr5	22856692	22856986	0.0083	0.00	0.0638	.	2	294	33996	46613
W1214	chr1	2522681	2601507	0.9792	0.00	1.1283	.	48	78826	1	70811
W1214	chr1	2726439	2731145	0.0711	0.00	0.2017	.	14	4706	33525	51241
W1214	chr5	30153840	30154324	0.0138	0.00	0.0886	.	2	484	33814	46623
W1214	chr5	30153840	30154324	0.0138	0.00	0.0886	.	2	484	33814	46623
W1214	chr8	26889515	26889981	0.0131	0.00	0.0861	.	2	466	33832	46621
W1214	chr3	10159421	10159874	0.0128	0.00	0.0849	.	2	453	33832	46610
W1214	chr2	16463669	16463534	0.0179	0.00	0.0837	.	3	-135	28541	41791
W1214	chr1	39507645	39508009	0.0112	0.00	0.0771	.	2	364	33877	46618
W1214	chr1	39507645	39508009	0.0112	0.00	0.0771	.	2	364	33877	46618
W1214	chr1	18709574	18709954	0.0109	0.00	0.0760	.	2	380	33901	46610
W1214	chr1	18709574	18709954	0.0109	0.00	0.0760	.	2	380	33901	46610
W1214	chr5	23957766	23958060	0.0083	0.00	0.0638	.	2	294	33996	46613
W1236	chr1	2634916	2712653	0.9938	0.00	1.1546	.	41	77737	1	70811
W1236	chr1	2825768	2824144	0.0454	0.00	0.1746	.	12	-1624	33525	49419
W1236	chr2	27583562	27586622	0.0195	0.00	0.1205	.	2	3060	7346	8727
W1236	chr2	27583562	27586622	0.0195	0.00	0.1205	.	2	3060	7346	8727
W1236	chr5	30110024	30110508	0.0138	0.00	0.0886	.	2	484	33814	46623
W1236	chr5	30110024	30110508	0.0138	0.00	0.0886	.	2	484	33814	46623
W1236	chr8	27982503	27982969	0.0131	0.00	0.0861	.	2	466	33832	46621
W1236	chr3	9867430	9867883	0.0128	0.00	0.0848	.	2	453	33832	46610
W1236	chr2	15789538	15789403	0.0177	0.00	0.0829	.	3	-135	28553	41791
W1236	chr1	40115809	40116173	0.0112	0.00	0.0770	.	2	364	33877	46618
W1236	chr1	40115809	40116173	0.0112	0.00	0.0770	.	2	364	33877	46618
W1236	chr1	17699773	17700130	0.0103	0.00	0.0730	.	2	357	33924	46610
W1236	chr1	17699773	17700130	0.0103	0.00	0.0730	.	2	357	33924	46610
W1236	chr5	23058207	23058501	0.0083	0.00	0.0638	.	2	294	33996	46613
W1236	chr5	23058207	23058501	0.0083	0.00	0.0638	.	2	294	33996	46613
W1550	chr1	2558629	2630724	0.9988	0.00	1.1653	.	37	72095	1	70811
W1550	chr1	2744115	2748815	0.0695	0.00	0.2002	.	11	4700	33525	51242
W1550	chr2	15979411	15979276	0.0179	0.00	0.0837	.	3	-135	28541	41791
W1552	chr1	2570957	2638070	0.9985	0.00	1.1743	.	28	67113	1	70811
W1552	chr1	2570957	2638070	0.9985	0.00	1.1575	.	41	67113	1	70811
W1552	chr1	2763978	2768752	0.0711	0.00	0.2017	.	13	4774	33525	51241
W1552	chr8	29530799	29648966	0.0235	0.00	0.1247	.	2	118167	25845	27508
W1552	chr8	29530799	29648966	0.0235	0.00	0.1247	.	2	118167	25845	27508
W1552	chr2	32907293	33199030	0.0246	0.00	0.1196	.	2	291737	7346	11342
W1552	chr5	30199998	30200482	0.0138	0.00	0.0886	.	2	484	33814	46623
W1552	chr5	30199998	30200482	0.0138	0.00	0.0886	.	2	484	33814	46623
W1552	chr8	26381361	26381827	0.0131	0.00	0.0861	.	2	466	33832	46621
W1552	chr8	26381361	26381827	0.0131	0.00	0.0861	.	2	466	33832	46621
W1552	chr3	10188145	10188598	0.0128	0.00	0.0848	.	2	453	33832	46610
W1552	chr3	10188145	10188598	0.0128	0.00	0.0848	.	2	453	33832	46610
W1552	chr2	16786674	16786539	0.0177	0.00	0.0829	.	3	-135	28553	41791
W1552	chr1	38826730	38827094	0.0112	0.00	0.0770	.	2	364	33877	46618
W1552	chr1	38826730	38827094	0.0112	0.00	0.0770	.	2	364	33877	46618
W1552	chr1	18745577	18745957	0.0109	0.00	0.0760	.	2	380	33901	46610
W1552	chr1	18745577	18745957	0.0109	0.00	0.0760	.	2	380	33901	46610
W1552	chr5	23756868	23757162	0.0083	0.00	0.0638	.	2	294	33996	46613
W1552	chr5	23756868	23757162	0.0083	0.00	0.0638	.	2	294	33996	46613
W1556	chr1	2637145	2699344	0.9820	0.00	1.1296	.	44	62199	1	70811
W1556	chr1	2835669	2840390	0.0711	0.00	0.2014	.	13	4721	33525	51241
W1556	chr5	29543607	29544091	0.0138	0.00	0.0886	.	2	484	33814	46623
W1556	chr5	29543607	29544091	0.0138	0.00	0.0886	.	2	484	33814	46623
W1556	chr8	26170198	26170664	0.0131	0.00	0.0861	.	2	466	33832	46621
W1556	chr3	10218534	10218987	0.0128	0.00	0.0848	.	2	453	33832	46610
W1556	chr2	16434367	16434232	0.0177	0.00	0.0829	.	3	-135	28553	41791
W1556	chr1	37708890	37709254	0.0112	0.00	0.0770	.	2	364	33877	46618
W1556	chr1	37708890	37709254	0.0112	0.00	0.0770	.	2	364	33877	46618
W1556	chr1	18916948	18917305	0.0103	0.00	0.0730	.	2	357	33924	46610
W1556	chr1	18916948	18917305	0.0103	0.00	0.0730	.	2	357	33924	46610
W1556	chr5	23590680	23590974	0.0083	0.00	0.0638	.	2	294	33996	46613
W1556	chr5	23590680	23590974	0.0083	0.00	0.0638	.	2	294	33996	46613
W1859	chr1	2974163	3036353	0.9820	0.00	1.1287	.	46	62190	1	70811
W1859	chr1	3184712	3188855	0.0693	0.00	0.1999	.	14	4143	33525	51241
W1859	chr2	33017118	33321016	0.0252	0.00	0.1221	.	2	303898	7346	11381
W1859	chr5	29750663	29751147	0.0138	0.00	0.0886	.	2	484	33814	46623
W1859	chr5	29750663	29751147	0.0138	0.00	0.0886	.	2	484	33814	46623
W1859	chr8	25435209	25435675	0.0131	0.00	0.0861	.	2	466	33832	46621
W1859	chr8	25435209	25435675	0.0131	0.00	0.0861	.	2	466	33832	46621
W1859	chr3	10260005	10260458	0.0128	0.00	0.0848	.	2	453	33832	46610
W1859	chr3	10260005	10260458	0.0128	0.00	0.0848	.	2	453	33832	46610
W1859	chr2	16682510	16682375	0.0177	0.00	0.0829	.	3	-135	28553	41791
W1859	chr1	38336410	38336771	0.0112	0.00	0.0770	.	2	361	33877	46618
W1859	chr1	38336410	38336771	0.0112	0.00	0.0770	.	2	361	33877	46618
W1859	chr1	18876529	18876909	0.0109	0.00	0.0760	.	2	380	33901	46610
W1859	chr1	18876529	18876909	0.0109	0.00	0.0760	.	2	380	33901	46610
W1859	chr5	23511049	23511342	0.0083	0.00	0.0638	.	2	293	33996	46613
W1859	chr5	23511049	23511342	0.0083	0.00	0.0638	.	2	293	33996	46613
W1880	chr1	2534936	2607887	0.9895	0.00	1.1386	.	43	72951	1	70811
W1880	chr1	2737119	2741825	0.0709	0.00	0.2015	.	13	4706	33525	51226
W1880	chr5	30379962	30380446	0.0138	0.00	0.0886	.	2	484	33814	46623
W1880	chr5	30379962	30380446	0.0138	0.00	0.0886	.	2	484	33814	46623
W1880	chr8	26569352	26569818	0.0131	0.00	0.0861	.	2	466	33832	46621
W1880	chr8	26569352	26569818	0.0131	0.00	0.0861	.	2	466	33832	46621
W1880	chr3	10015524	10015977	0.0128	0.00	0.0848	.	2	453	33832	46610
W1880	chr2	17417774	17417639	0.0177	0.00	0.0829	.	3	-135	28553	41791
W1880	chr2	17417774	17417639	0.0177	0.00	0.0829	.	3	-135	28553	41791
W1880	chr1	37566749	37567113	0.0112	0.00	0.0770	.	2	364	33877	46618
W1880	chr1	37566749	37567113	0.0112	0.00	0.0770	.	2	364	33877	46618
W1880	chr1	18163229	18163609	0.0109	0.00	0.0760	.	2	380	33901	46610
W1880	chr1	18163229	18163609	0.0109	0.00	0.0760	.	2	380	33901	46610
W1880	chr5	24259234	24259528	0.0083	0.00	0.0638	.	2	294	33996	46613
W1890	chr1	2555368	2617160	0.9822	0.00	1.1349	.	39	61792	1	70811
W1890	chr1	2779988	2751351	0.0577	0.00	0.1892	.	8	-28637	33661	51241
W1890	chr2	29655786	29658846	0.0195	0.00	0.1205	.	2	3060	7346	8727
W1890	chr2	29655786	29658846	0.0195	0.00	0.1205	.	2	3060	7346	8727
W1890	chr2	17470348	17470213	0.0179	0.00	0.0837	.	3	-135	28541	41791
W1895	chr1	2703448	2786240	0.9920	0.00	1.1352	.	42	82792	1	70811
W1895	chr1	2901443	2899822	0.0454	0.00	0.1746	.	12	-1621	33525	49419
W1895	chr2	32137764	32411212	0.0252	0.00	0.1221	.	2	273448	7346	11381
W1895	chr5	29716610	29717094	0.0138	0.00	0.0886	.	2	484	33814	46623
W1895	chr5	29716610	29717094	0.0138	0.00	0.0886	.	2	484	33814	46623
W1895	chr8	26415285	26415751	0.0131	0.00	0.0861	.	2	466	33832	46621
W1895	chr8	26415285	26415751	0.0131	0.00	0.0861	.	2	466	33832	46621
W1895	chr3	9902496	9902949	0.0128	0.00	0.0848	.	2	453	33832	46610
W1895	chr2	15830746	15830606	0.0176	0.00	0.0828	.	3	-140	28541	41791
W1895	chr1	39272845	39273209	0.0112	0.00	0.0770	.	2	364	33877	46618
W1895	chr1	39272845	39273209	0.0112	0.00	0.0770	.	2	364	33877	46618
W1895	chr1	19063089	19063469	0.0109	0.00	0.0760	.	2	380	33901	46610
W1895	chr1	19063089	19063469	0.0109	0.00	0.0760	.	2	380	33901	46610
W1895	chr5	23755602	23755891	0.0082	0.00	0.0631	.	2	289	34001	46613
W1895	chr5	23755602	23755891	0.0082	0.00	0.0631	.	2	289	34001	46613
W1919	chr1	2690993	2779045	0.9937	0.00	1.1509	.	46	88052	1	70811
W1919	chr1	2894156	2898869	0.0711	0.00	0.2017	.	13	4713	33525	51241
W1919	chr5	29443360	29443844	0.0138	0.00	0.0886	.	2	484	33814	46623
W1919	chr5	29443360	29443844	0.0138	0.00	0.0886	.	2	484	33814	46623
W1919	chr8	25904785	25905251	0.0131	0.00	0.0861	.	2	466	33832	46621
W1919	chr3	10143798	10144251	0.0128	0.00	0.0848	.	2	453	33832	46610
W1919	chr3	10143798	10144251	0.0128	0.00	0.0848	.	2	453	33832	46610
W1919	chr2	16773404	16773269	0.0179	0.00	0.0836	.	3	-135	28541	41791
W1919	chr1	37385967	37386331	0.0112	0.00	0.0770	.	2	364	33877	46618
W1919	chr1	37385967	37386331	0.0112	0.00	0.0770	.	2	364	33877	46618
W1919	chr1	18191009	18191389	0.0109	0.00	0.0760	.	2	380	33901	46610
W1919	chr1	18191009	18191389	0.0109	0.00	0.0760	.	2	380	33901	46610
W1919	chr5	23225455	23225749	0.0083	0.00	0.0638	.	2	294	33996	46613
W1919	chr5	23225455	23225749	0.0083	0.00	0.0638	.	2	294	33996	46613
W2022	chr1	2556910	2629468	0.9743	0.00	1.1338	.	44	72558	1	70811
W2022	chr1	2766677	2771377	0.0711	0.00	0.2017	.	13	4700	33525	51242
W2022	chr1	42897113	42901055	0.0195	0.00	0.1205	.	2	3942	7346	8727
W2022	chr1	42897113	42901055	0.0195	0.00	0.1205	.	2	3942	7346	8727
W2022	chr5	29959776	29960260	0.0138	0.00	0.0886	.	2	484	33814	46623
W2022	chr5	29959776	29960260	0.0138	0.00	0.0886	.	2	484	33814	46623
W2022	chr8	24867055	24867521	0.0131	0.00	0.0861	.	2	466	33832	46621
W2022	chr3	10072045	10072498	0.0128	0.00	0.0849	.	2	453	33832	46610
W2022	chr2	15863082	15862947	0.0179	0.00	0.0837	.	3	-135	28541	41791
W2022	chr1	38326374	38326738	0.0112	0.00	0.0770	.	2	364	33877	46618
W2022	chr1	38326374	38326738	0.0112	0.00	0.0770	.	2	364	33877	46618
W2022	chr1	18477868	18478248	0.0109	0.00	0.0760	.	2	380	33901	46610
W2022	chr1	18477868	18478248	0.0109	0.00	0.0760	.	2	380	33901	46610
W2022	chr5	23860477	23860771	0.0083	0.00	0.0638	.	2	294	33996	46613
W2022	chr5	23860477	23860771	0.0083	0.00	0.0638	.	2	294	33996	46613
W2108	chr1	5227997	5314944	0.9640	0.00	1.1172	.	49	86947	1	70811
W2108	chr1	5431070	5435776	0.0711	0.00	0.2017	.	14	4706	33525	51241
W2108	chr5	30605996	30606480	0.0138	0.00	0.0886	.	2	484	33814	46623
W2108	chr5	30605996	30606480	0.0138	0.00	0.0886	.	2	484	33814	46623
W2108	chr8	25442978	25443444	0.0131	0.00	0.0861	.	2	466	33832	46621
W2108	chr8	25442978	25443444	0.0131	0.00	0.0861	.	2	466	33832	46621
W2108	chr3	10454352	10454805	0.0128	0.00	0.0849	.	2	453	33832	46610
W2108	chr2	17719110	17718975	0.0179	0.00	0.0837	.	3	-135	28541	41791
W2108	chr1	41523724	41524088	0.0112	0.00	0.0770	.	2	364	33877	46618
W2108	chr1	41523724	41524088	0.0112	0.00	0.0770	.	2	364	33877	46618
W2108	chr1	21329675	21330055	0.0109	0.00	0.0760	.	2	380	33901	46610
W2108	chr1	21329675	21330055	0.0109	0.00	0.0760	.	2	380	33901	46610
W2108	chr5	24496502	24496796	0.0083	0.00	0.0638	.	2	294	33996	46613
W2108	chr5	24496502	24496796	0.0083	0.00	0.0638	.	2	294	33996	46613
W2197	chr1	2740780	2813346	0.9743	0.00	1.1347	.	42	72566	1	70811
W2197	chr1	2950566	2955266	0.0695	0.00	0.2002	.	11	4700	33525	51242
W2197	chr3	10667641	10924966	0.0064	0.00	0.0530	.	2	257325	33832	34287
W2267	chr1	2757380	2824439	0.9936	0.00	1.1610	.	26	67059	1	70811
W2267	chr1	2757380	2824439	0.9936	0.00	1.1499	.	40	67059	1	70811
W2267	chr1	2973542	2982681	0.0582	0.00	0.1880	.	14	9139	33518	50410
W2267	chr1	42638260	42642162	0.0195	0.00	0.1205	.	2	3902	7346	8727
W2267	chr1	42638260	42642162	0.0195	0.00	0.1205	.	2	3902	7346	8727
W2308	chr1	2683109	2754626	0.9709	0.00	1.1306	.	42	71517	1	70811
W2308	chr1	2869847	2868223	0.0454	0.00	0.1746	.	12	-1624	33525	49419
W2308	chr5	29071825	29072309	0.0138	0.00	0.0886	.	2	484	33814	46623
W2308	chr5	29071825	29072309	0.0138	0.00	0.0886	.	2	484	33814	46623
W2308	W2308_025	168903	169387	0.0138	0.00	0.0886	.	2	484	33814	46623
W2308	chr8	25539504	25539970	0.0131	0.00	0.0861	.	2	466	33832	46621
W2308	chr8	25539504	25539970	0.0131	0.00	0.0861	.	2	466	33832	46621
W2308	chr3	9792780	9793233	0.0128	0.00	0.0848	.	2	453	33832	46610
W2308	chr2	16327925	16327790	0.0179	0.00	0.0837	.	3	-135	28541	41791
W2308	chr1	37671409	37671773	0.0112	0.00	0.0770	.	2	364	33877	46618
W2308	chr1	37671409	37671773	0.0112	0.00	0.0770	.	2	364	33877	46618
W2308	chr1	18675501	18675881	0.0109	0.00	0.0760	.	2	380	33901	46610
W2308	chr1	18675501	18675881	0.0109	0.00	0.0760	.	2	380	33901	46610
W2308	chr5	23125209	23125503	0.0083	0.00	0.0638	.	2	294	33996	46613
W2308	chr5	23125209	23125503	0.0083	0.00	0.0638	.	2	294	33996	46613
W2318	chr1	2726862	2807760	0.9763	0.00	1.1266	.	48	80898	1	70811
W2318	chr1	2949004	2953733	0.0711	0.00	0.2017	.	14	4729	33525	51241
W2318	chr2	28594644	28597704	0.0195	0.00	0.1205	.	2	3060	7346	8727
W2318	chr2	28594644	28597704	0.0195	0.00	0.1205	.	2	3060	7346	8727
W2318	chr5	29815343	29815827	0.0138	0.00	0.0886	.	2	484	33814	46623
W2318	chr5	29815343	29815827	0.0138	0.00	0.0886	.	2	484	33814	46623
W2318	chr8	25522956	25523422	0.0131	0.00	0.0861	.	2	466	33832	46621
W2318	chr3	10004584	10005037	0.0128	0.00	0.0848	.	2	453	33832	46610
W2318	chr2	13704050	13704940	0.0177	0.00	0.0828	.	3	890	28553	41791
W2318	chr1	38245174	38245538	0.0112	0.00	0.0770	.	2	364	33877	46618
W2318	chr1	38245174	38245538	0.0112	0.00	0.0770	.	2	364	33877	46618
W2318	chr1	18732026	18732406	0.0109	0.00	0.0760	.	2	380	33901	46610
W2318	chr1	18732026	18732406	0.0109	0.00	0.0760	.	2	380	33901	46610
W2318	chr5	23390034	23390328	0.0083	0.00	0.0638	.	2	294	33996	46613
W2318	chr5	23390034	23390328	0.0083	0.00	0.0638	.	2	294	33996	46613
W2320	chr1	2558981	2627155	0.9741	0.00	1.1242	.	47	68174	1	70811
W2320	chr1	2744689	2749390	0.0711	0.00	0.2016	.	14	4701	33525	51241
W2320	chr1	43037837	43041779	0.0195	0.00	0.1205	.	2	3942	7346	8727
W2320	chr1	43037837	43041779	0.0195	0.00	0.1205	.	2	3942	7346	8727
W2320	chr5	29720388	29720872	0.0138	0.00	0.0886	.	2	484	33814	46623
W2320	chr5	29720388	29720872	0.0138	0.00	0.0886	.	2	484	33814	46623
W2320	chr8	27056651	27057117	0.0131	0.00	0.0861	.	2	466	33832	46621
W2320	chr8	27056651	27057117	0.0131	0.00	0.0861	.	2	466	33832	46621
W2320	chr3	9991155	9991608	0.0128	0.00	0.0848	.	2	453	33832	46610
W2320	chr2	16328009	16327874	0.0179	0.00	0.0837	.	3	-135	28541	41791
W2320	chr1	38556960	38557324	0.0112	0.00	0.0770	.	2	364	33877	46618
W2320	chr1	38556960	38557324	0.0112	0.00	0.0770	.	2	364	33877	46618
W2320	chr1	19095634	19096014	0.0109	0.00	0.0760	.	2	380	33901	46610
W2320	chr1	19095634	19096014	0.0109	0.00	0.0760	.	2	380	33901	46610
W2320	chr5	23430386	23430680	0.0083	0.00	0.0638	.	2	294	33996	46613
W2320	chr5	23430386	23430680	0.0083	0.00	0.0638	.	2	294	33996	46613
W2321	chr1	2538865	2620039	0.9918	0.00	1.1577	.	49	81174	1	70811
W2321	chr1	2900344	2747728	0.0946	0.00	0.2391	.	16	-152616	25845	51241
W2321	chr2	28260622	28263683	0.0195	0.00	0.1205	.	2	3061	7346	8727
W2321	chr2	28260622	28263683	0.0195	0.00	0.1205	.	2	3061	7346	8727
W2321	chr5	28847020	28847504	0.0138	0.00	0.0886	.	2	484	33814	46623
W2321	chr5	28847020	28847504	0.0138	0.00	0.0886	.	2	484	33814	46623
W2321	chr8	24735769	24736235	0.0131	0.00	0.0861	.	2	466	33832	46621
W2321	chr8	24735769	24736235	0.0131	0.00	0.0861	.	2	466	33832	46621
W2321	chr3	10091467	10091920	0.0128	0.00	0.0849	.	2	453	33832	46610
W2321	chr3	10091467	10091920	0.0128	0.00	0.0849	.	2	453	33832	46610
W2321	chr2	16245258	16245123	0.0179	0.00	0.0837	.	3	-135	28541	41791
W2321	chr1	39149415	39149779	0.0112	0.00	0.0770	.	2	364	33877	46618
W2321	chr1	39149415	39149779	0.0112	0.00	0.0770	.	2	364	33877	46618
W2321	chr1	19317683	19318063	0.0109	0.00	0.0760	.	2	380	33901	46610
W2321	chr1	19317683	19318063	0.0109	0.00	0.0760	.	2	380	33901	46610
W2321	chr5	22810500	22810794	0.0083	0.00	0.0638	.	2	294	33996	46613
W2321	chr5	22810500	22810794	0.0083	0.00	0.0638	.	2	294	33996	46613
W3054	chr1	2620306	2684405	0.9692	0.00	1.1139	.	42	64099	1	70811
W3054	chr1	2817125	2821833	0.0711	0.00	0.2017	.	13	4708	33525	51241
W3054	chr1	44575650	44579592	0.0195	0.00	0.1205	.	2	3942	7346	8727
W3054	chr1	44575650	44579592	0.0195	0.00	0.1205	.	2	3942	7346	8727
W3054	chr2	28748313	28751373	0.0195	0.00	0.1205	.	2	3060	7346	8727
W3054	chr2	28748313	28751373	0.0195	0.00	0.1205	.	2	3060	7346	8727
W3054	chr5	29954244	29954728	0.0138	0.00	0.0886	.	2	484	33814	46623
W3054	chr5	29954244	29954728	0.0138	0.00	0.0886	.	2	484	33814	46623
W3054	chr8	24530570	24531033	0.0131	0.00	0.0860	.	2	463	33832	46621
W3054	chr8	24530570	24531033	0.0131	0.00	0.0860	.	2	463	33832	46621
W3054	chr3	10294305	10294758	0.0128	0.00	0.0849	.	2	453	33832	46610
W3054	chr3	10294305	10294758	0.0128	0.00	0.0849	.	2	453	33832	46610
W3054	chr2	16060078	16059943	0.0179	0.00	0.0836	.	3	-135	28541	41791
W3054	chr1	40003420	40003784	0.0112	0.00	0.0770	.	2	364	33877	46618
W3054	chr1	40003420	40003784	0.0112	0.00	0.0770	.	2	364	33877	46618
W3054	chr1	19851494	19851874	0.0109	0.00	0.0760	.	2	380	33901	46610
W3054	chr1	19851494	19851874	0.0109	0.00	0.0760	.	2	380	33901	46610
W3054	chr5	23409221	23409515	0.0083	0.00	0.0638	.	2	294	33996	46613
W3054	chr5	23409221	23409515	0.0083	0.00	0.0638	.	2	294	33996	46613
W3090	chr1	2720602	2793497	0.9747	0.00	1.1225	.	46	72895	1	70811
W3090	chr1	2954118	2958533	0.0699	0.00	0.2004	.	15	4415	33518	51242
W3090	chr2	32137178	32384251	0.0252	0.00	0.1221	.	2	247073	7346	11381
W3090	chr5	29339946	29340430	0.0138	0.00	0.0886	.	2	484	33814	46623
W3090	chr5	29339946	29340430	0.0138	0.00	0.0886	.	2	484	33814	46623
W3090	chr3	9978016	9978469	0.0128	0.00	0.0848	.	2	453	33832	46610
W3090	chr2	16196864	16196729	0.0177	0.00	0.0829	.	3	-135	28553	41791
W3090	chr8	31589925	31590368	0.0124	0.00	0.0829	.	2	443	33861	46621
W3090	chr1	38516155	38516519	0.0112	0.00	0.0770	.	2	364	33877	46618
W3090	chr1	38516155	38516519	0.0112	0.00	0.0770	.	2	364	33877	46618
W3090	chr1	19335494	19335874	0.0109	0.00	0.0760	.	2	380	33901	46610
W3090	chr1	19335494	19335874	0.0109	0.00	0.0760	.	2	380	33901	46610
W3090	chr5	23107939	23108233	0.0083	0.00	0.0638	.	2	294	33996	46613
W3090	chr5	23107939	23108233	0.0083	0.00	0.0638	.	2	294	33996	46613
W1976	chr1	2730304	2804213	0.9743	0.00	1.1338	.	44	73909	1	70811
W1976	chr1	2926876	2931643	0.0457	0.00	0.1589	.	13	4767	33525	49424
W1976	chr4	32290811	32338692	0.0235	0.00	0.1247	.	2	47881	25845	27508
W1976	chr2	28858512	28861572	0.0195	0.00	0.1205	.	2	3060	7346	8727
W1976	chr5	28594428	28594912	0.0138	0.00	0.0886	.	2	484	33814	46623
W1976	chr5	28594428	28594912	0.0138	0.00	0.0886	.	2	484	33814	46623
W1976	chr8	25933408	25933874	0.0131	0.00	0.0861	.	2	466	33832	46621
W1976	chr8	25933408	25933874	0.0131	0.00	0.0861	.	2	466	33832	46621
W1976	chr3	10141025	10141478	0.0128	0.00	0.0848	.	2	453	33832	46610
W1976	chr1	38305813	38306177	0.0112	0.00	0.0770	.	2	364	33877	46618
W1976	chr1	38305813	38306177	0.0112	0.00	0.0770	.	2	364	33877	46618
W1976	chr1	19474877	19475257	0.0109	0.00	0.0760	.	2	380	33901	46610
W1976	chr1	19474877	19475257	0.0109	0.00	0.0760	.	2	380	33901	46610
W1976	chr5	22489606	22489900	0.0083	0.00	0.0638	.	2	294	33996	46613
W1976	chr5	22489606	22489900	0.0083	0.00	0.0638	.	2	294	33996	46613
W3007	chr1	2741743	2827747	0.9746	0.00	1.1334	.	46	86004	1	70811
W3007	chr1	2945484	2954840	0.0457	0.00	0.1589	.	13	9356	33525	49424
W3007	chr2	30421256	30424316	0.0195	0.00	0.1205	.	2	3060	7346	8727
W3007	chr2	30421256	30424316	0.0195	0.00	0.1205	.	2	3060	7346	8727
W3007	chr5	29569725	29570209	0.0138	0.00	0.0886	.	2	484	33814	46623
W3007	chr5	29569725	29570209	0.0138	0.00	0.0886	.	2	484	33814	46623
W3007	chr8	26322651	26323117	0.0131	0.00	0.0861	.	2	466	33832	46621
W3007	chr8	26322651	26323117	0.0131	0.00	0.0861	.	2	466	33832	46621
W3007	chr3	10320594	10321047	0.0128	0.00	0.0848	.	2	453	33832	46610
W3007	chr1	38227181	38227545	0.0112	0.00	0.0770	.	2	364	33877	46618
W3007	chr1	38227181	38227545	0.0112	0.00	0.0770	.	2	364	33877	46618
W3007	chr1	18360449	18360829	0.0109	0.00	0.0760	.	2	380	33901	46610
W3007	chr1	18360449	18360829	0.0109	0.00	0.0760	.	2	380	33901	46610
W3007	chr5	22896186	22896480	0.0083	0.00	0.0638	.	2	294	33996	46613
W3007	chr5	22896186	22896480	0.0083	0.00	0.0638	.	2	294	33996	46613
W1292	chr1	2541478	2603694	0.9545	0.00	1.1003	.	47	62216	1	70811
W1292	chr1	2737093	2741806	0.0711	0.00	0.2017	.	13	4713	33525	51241
W1292	chr1	3139248	3349949	0.0235	0.00	0.1247	.	2	210701	25845	27508
W1292	chr1	42493720	42497662	0.0195	0.00	0.1205	.	2	3942	7346	8727
W1292	chr1	42493720	42497662	0.0195	0.00	0.1205	.	2	3942	7346	8727
W1292	chr5	30275005	30275489	0.0138	0.00	0.0886	.	2	484	33814	46623
W1292	chr5	30275005	30275489	0.0138	0.00	0.0886	.	2	484	33814	46623
W1292	chr8	24349126	24349592	0.0131	0.00	0.0861	.	2	466	33832	46621
W1292	chr8	24349126	24349592	0.0131	0.00	0.0861	.	2	466	33832	46621
W1292	chr3	9749636	9750089	0.0128	0.00	0.0848	.	2	453	33832	46610
W1292	chr1	38006610	38006974	0.0112	0.00	0.0770	.	2	364	33877	46618
W1292	chr1	38006610	38006974	0.0112	0.00	0.0770	.	2	364	33877	46618
W1292	chr1	18494965	18495345	0.0109	0.00	0.0760	.	2	380	33901	46610
W1292	chr1	18494965	18495345	0.0109	0.00	0.0760	.	2	380	33901	46610
W1292	chr5	24056456	24056750	0.0083	0.00	0.0638	.	2	294	33996	46613
W1292	chr5	24056456	24056750	0.0083	0.00	0.0638	.	2	294	33996	46613
W1553	chr1	2544599	2628878	1.0000	0.00	1.1551	.	42	84279	1	70811
W1553	chr1	2746676	2745052	0.0454	0.00	0.1746	.	12	-1624	33525	49419
W1553	chr5	29773423	29773907	0.0138	0.00	0.0886	.	2	484	33814	46623
W1553	chr5	29773423	29773907	0.0138	0.00	0.0886	.	2	484	33814	46623
W1553	chr3	10362878	10363331	0.0128	0.00	0.0848	.	2	453	33832	46610
W1553	chr2	16183737	16183602	0.0179	0.00	0.0837	.	3	-135	28541	41791
W1553	chr8	25255790	25256233	0.0124	0.00	0.0829	.	2	443	33861	46621
W1553	chr8	25255790	25256233	0.0124	0.00	0.0829	.	2	443	33861	46621
W1553	chr1	38407110	38407474	0.0112	0.00	0.0770	.	2	364	33877	46618
W1553	chr1	38407110	38407474	0.0112	0.00	0.0770	.	2	364	33877	46618
W1553	chr1	18568074	18568454	0.0109	0.00	0.0760	.	2	380	33901	46610
W1553	chr1	18568074	18568454	0.0109	0.00	0.0760	.	2	380	33901	46610
W1553	chr5	23562018	23562312	0.0083	0.00	0.0638	.	2	294	33996	46613
W1553	chr5	23562018	23562312	0.0083	0.00	0.0638	.	2	294	33996	46613
W2283	chr1	2572469	2645110	0.9657	0.00	1.1099	.	42	72641	1	70811
W2283	chr1	2782772	2786915	0.0693	0.00	0.1999	.	14	4143	33525	51241
W2283	chr1	41888845	41892787	0.0195	0.00	0.1205	.	2	3942	7346	8727
W2283	chr1	41888845	41892787	0.0195	0.00	0.1205	.	2	3942	7346	8727
W2283	chr5	30271219	30271703	0.0138	0.00	0.0886	.	2	484	33814	46623
W2283	chr5	30271219	30271703	0.0138	0.00	0.0886	.	2	484	33814	46623
W2283	chr8	25856206	25856672	0.0131	0.00	0.0861	.	2	466	33832	46621
W2283	chr3	10003260	10003713	0.0128	0.00	0.0848	.	2	453	33832	46610
W2283	chr2	15973960	15973825	0.0179	0.00	0.0837	.	3	-135	28541	41791
W2283	chr1	37438955	37439319	0.0112	0.00	0.0770	.	2	364	33877	46618
W2283	chr1	37438955	37439319	0.0112	0.00	0.0770	.	2	364	33877	46618
W2283	chr1	18350854	18351234	0.0109	0.00	0.0760	.	2	380	33901	46610
W2283	chr1	18350854	18351234	0.0109	0.00	0.0760	.	2	380	33901	46610
W2283	chr5	24086548	24086842	0.0083	0.00	0.0638	.	2	294	33996	46613
W2283	chr5	24086548	24086842	0.0083	0.00	0.0638	.	2	294	33996	46613
W1718	chr1	2696620	2780886	1.0000	0.00	1.1557	.	41	84266	1	70811
W1718	chr1	2898835	2897211	0.0454	0.00	0.1746	.	12	-1624	33525	49419
W1718	chr1	41184175	41188117	0.0195	0.00	0.1205	.	2	3942	7346	8727
W1718	chr1	41184175	41188117	0.0195	0.00	0.1205	.	2	3942	7346	8727
W1718	chr2	29024010	29027068	0.0195	0.00	0.1205	.	2	3058	7346	8727
W1718	chr5	29379974	29380458	0.0138	0.00	0.0886	.	2	484	33814	46623
W1718	chr5	29379974	29380458	0.0138	0.00	0.0886	.	2	484	33814	46623
W1718	chr8	26550649	26551115	0.0131	0.00	0.0861	.	2	466	33832	46621
W1718	chr3	9929462	9929915	0.0128	0.00	0.0848	.	2	453	33832	46610
W1718	chr1	36806327	36806691	0.0112	0.00	0.0770	.	2	364	33877	46618
W1718	chr1	36806327	36806691	0.0112	0.00	0.0770	.	2	364	33877	46618
W1718	chr1	17977828	17978185	0.0103	0.00	0.0730	.	2	357	33924	46610
W1718	chr1	17977828	17978185	0.0103	0.00	0.0730	.	2	357	33924	46610
W1718	chr5	22885769	22886063	0.0083	0.00	0.0638	.	2	294	33996	46613
W1718	chr5	22885769	22886063	0.0083	0.00	0.0638	.	2	294	33996	46613
W2036	chr1	2511353	2582337	1.0000	0.00	1.1641	.	29	70984	1	70811
W2036	chr1	2702745	2700587	0.0623	0.00	0.1922	.	11	-2158	33525	51241
W2036	chr2	31115651	31385220	0.0252	0.00	0.1221	.	2	269569	7346	11381
W2036	chr1	41975622	41979564	0.0195	0.00	0.1205	.	2	3942	7346	8727
W2036	chr1	41975622	41979564	0.0195	0.00	0.1205	.	2	3942	7346	8727
W2036	chr10	8363419	8672766	0.0177	0.00	0.1186	.	2	309347	7346	8598
W2051	chr1	2541744	2612729	1.0000	0.00	1.1664	.	29	70985	1	70811
W2051	chr1	2732045	2730421	0.0437	0.00	0.1732	.	10	-1624	33525	49419
W2051	chr2	30050582	30315749	0.0252	0.00	0.1221	.	2	265167	7346	11381
W2051	chr1	40670330	40674272	0.0195	0.00	0.1205	.	2	3942	7346	8727
W2051	chr1	40670330	40674272	0.0195	0.00	0.1205	.	2	3942	7346	8727
W2051	chr2	26247878	26250936	0.0195	0.00	0.1205	.	2	3058	7346	8727
W3037	chr1	822421	893210	1.0000	0.00	1.1662	.	31	70789	1	70811
W3037	chr1	1010829	1015558	0.0714	0.00	0.2019	.	13	4729	33525	51241
W3037	chr2	34048998	34346353	0.0252	0.00	0.1221	.	2	297355	7346	11381
W3037	chr1	41666951	41670894	0.0195	0.00	0.1205	.	2	3943	7346	8727
W3037	chr1	41666951	41670894	0.0195	0.00	0.1205	.	2	3943	7346	8727
W3037	chr5	30045737	30046221	0.0138	0.00	0.0886	.	2	484	33814	46623
W3037	chr5	30045737	30046221	0.0138	0.00	0.0886	.	2	484	33814	46623
W3037	chr8	26284549	26285015	0.0131	0.00	0.0861	.	2	466	33832	46621
W3037	chr3	10345930	10346383	0.0128	0.00	0.0848	.	2	453	33832	46610
W3037	chr1	36853868	36854232	0.0112	0.00	0.0770	.	2	364	33877	46618
W3037	chr1	36853868	36854232	0.0112	0.00	0.0770	.	2	364	33877	46618
W3037	chr1	17499095	17499475	0.0109	0.00	0.0760	.	2	380	33901	46610
W3037	chr1	17499095	17499475	0.0109	0.00	0.0760	.	2	380	33901	46610
W3037	chr5	23584899	23585193	0.0083	0.00	0.0638	.	2	294	33996	46613
W3037	chr5	23584899	23585193	0.0083	0.00	0.0638	.	2	294	33996	46613
W3038	chr1	2580540	2651341	0.9941	0.00	1.1616	.	30	70801	1	70811
W3038	chr1	2768949	2767325	0.0454	0.00	0.1746	.	12	-1624	33525	49419
W3038	chr2	32946557	33238709	0.0252	0.00	0.1221	.	2	292152	7346	11381
W3038	chr1	42539599	42543537	0.0195	0.00	0.1205	.	2	3938	7346	8727
W3038	chr1	42539599	42543537	0.0195	0.00	0.1205	.	2	3938	7346	8727
W3038	chr5	29354894	29355378	0.0138	0.00	0.0886	.	2	484	33814	46623
W3038	chr5	29354894	29355378	0.0138	0.00	0.0886	.	2	484	33814	46623
W3038	chr8	25798934	25799400	0.0131	0.00	0.0861	.	2	466	33832	46621
W3038	chr3	10165238	10165691	0.0128	0.00	0.0848	.	2	453	33832	46610
W3038	chr1	37742905	37743269	0.0112	0.00	0.0770	.	2	364	33877	46618
W3038	chr1	37742905	37743269	0.0112	0.00	0.0770	.	2	364	33877	46618
W3038	chr1	18756099	18756479	0.0109	0.00	0.0760	.	2	380	33901	46610
W3038	chr1	18756099	18756479	0.0109	0.00	0.0760	.	2	380	33901	46610
W3038	chr5	23046858	23047152	0.0083	0.00	0.0638	.	2	294	33996	46613
W3038	chr5	23046858	23047152	0.0083	0.00	0.0638	.	2	294	33996	46613
W3046	chr1	2793430	2864652	1.0000	0.00	1.1643	.	34	71222	1	70811
W3046	chr1	2982110	2999190	0.0710	0.00	0.2015	.	13	17080	33525	51241
W3046	chr2	36003371	36256553	0.0252	0.00	0.1221	.	2	253182	7346	11381
W3046	chr1	48432809	48436752	0.0195	0.00	0.1205	.	2	3943	7346	8727
W3046	chr1	48432809	48436752	0.0195	0.00	0.1205	.	2	3943	7346	8727
W3046	chr5	31742138	31742622	0.0138	0.00	0.0886	.	2	484	33814	46623
W3046	chr5	31742138	31742622	0.0138	0.00	0.0886	.	2	484	33814	46623
W3046	chr8	25778727	25779193	0.0131	0.00	0.0861	.	2	466	33832	46621
W3046	chr3	10786403	10786856	0.0128	0.00	0.0848	.	2	453	33832	46610
W3046	chr1	43694272	43694636	0.0112	0.00	0.0770	.	2	364	33877	46618
W3046	chr1	43694272	43694636	0.0112	0.00	0.0770	.	2	364	33877	46618
W3046	chr1	22908996	22909353	0.0103	0.00	0.0730	.	2	357	33924	46610
W3046	chr1	22908996	22909353	0.0103	0.00	0.0730	.	2	357	33924	46610
W3046	chr5	24739015	24739309	0.0083	0.00	0.0638	.	2	294	33996	46613
W3046	chr5	24739015	24739309	0.0083	0.00	0.0638	.	2	294	33996	46613
W3046	W3046_156	350535	350829	0.0082	0.00	0.0634	.	2	294	34002	46613
W3047	chr1	2558049	2629416	0.9923	0.00	1.1464	.	44	71367	1	70811
W3047	chr1	2754555	2759284	0.0714	0.00	0.2019	.	13	4729	33525	51241
W3047	chr1	41975506	41979448	0.0195	0.00	0.1205	.	2	3942	7346	8727
W3047	chr1	41975506	41979448	0.0195	0.00	0.1205	.	2	3942	7346	8727
W3047	chr2	28548831	28551889	0.0195	0.00	0.1205	.	2	3058	7346	8727
W3047	chr5	29897648	29898132	0.0138	0.00	0.0886	.	2	484	33814	46623
W3047	chr5	29897648	29898132	0.0138	0.00	0.0886	.	2	484	33814	46623
W3047	chr8	26360012	26360478	0.0131	0.00	0.0861	.	2	466	33832	46621
W3047	chr3	10442267	10442720	0.0128	0.00	0.0848	.	2	453	33832	46610
W3047	chr1	37230612	37230976	0.0112	0.00	0.0770	.	2	364	33877	46618
W3047	chr1	37230612	37230976	0.0112	0.00	0.0770	.	2	364	33877	46618
W3047	chr1	18366976	18367356	0.0109	0.00	0.0760	.	2	380	33901	46610
W3047	chr1	18366976	18367356	0.0109	0.00	0.0760	.	2	380	33901	46610
W3047	chr5	23435610	23435904	0.0083	0.00	0.0638	.	2	294	33996	46613
W3047	chr5	23435610	23435904	0.0083	0.00	0.0638	.	2	294	33996	46613
W3051	chr1	2716499	2787661	0.9833	0.00	1.1381	.	44	71162	1	70811
W3051	chr1	2928581	2933310	0.0714	0.00	0.2019	.	13	4729	33525	51241
W3051	chr2	32890039	33180056	0.0252	0.00	0.1221	.	2	290017	7346	11381
W3051	chr1	43256831	43260774	0.0195	0.00	0.1205	.	2	3943	7346	8727
W3051	chr1	43256831	43260774	0.0195	0.00	0.1205	.	2	3943	7346	8727
W3051	chr5	30181538	30182022	0.0138	0.00	0.0886	.	2	484	33814	46623
W3051	chr5	30181538	30182022	0.0138	0.00	0.0886	.	2	484	33814	46623
W3051	chr8	25962819	25963285	0.0131	0.00	0.0861	.	2	466	33832	46621
W3051	chr3	10218330	10218783	0.0128	0.00	0.0848	.	2	453	33832	46610
W3051	chr1	38553109	38553473	0.0112	0.00	0.0770	.	2	364	33877	46618
W3051	chr1	38553109	38553473	0.0112	0.00	0.0770	.	2	364	33877	46618
W3051	chr1	19615049	19615429	0.0109	0.00	0.0760	.	2	380	33901	46610
W3051	chr1	19615049	19615429	0.0109	0.00	0.0760	.	2	380	33901	46610
W3051	chr1	18753631	18753988	0.0103	0.00	0.0730	.	2	357	33924	46610
W3051	chr1	18753631	18753988	0.0103	0.00	0.0730	.	2	357	33924	46610
W3051	chr5	23673047	23673341	0.0083	0.00	0.0638	.	2	294	33996	46613
W3051	chr5	23673047	23673341	0.0083	0.00	0.0638	.	2	294	33996	46613
W3055	chr1	2787432	2858328	0.9960	0.00	1.1540	.	42	70896	1	70811
W3055	chr1	2972019	2967073	0.0726	0.00	0.2034	.	13	-4946	33525	51348
W3055	chr1	42349348	42353290	0.0195	0.00	0.1205	.	2	3942	7346	8727
W3055	chr1	42349348	42353290	0.0195	0.00	0.1205	.	2	3942	7346	8727
W3055	chr2	29557870	29560928	0.0195	0.00	0.1205	.	2	3058	7346	8727
W3055	chr2	29557870	29560928	0.0195	0.00	0.1205	.	2	3058	7346	8727
W3055	chr5	30239452	30239936	0.0138	0.00	0.0886	.	2	484	33814	46623
W3055	chr5	30239452	30239936	0.0138	0.00	0.0886	.	2	484	33814	46623
W3055	chr8	26199419	26199885	0.0131	0.00	0.0861	.	2	466	33832	46621
W3055	chr8	26199419	26199885	0.0131	0.00	0.0861	.	2	466	33832	46621
W3055	chr3	10065880	10066333	0.0128	0.00	0.0848	.	2	453	33832	46610
W3055	chr3	10065880	10066333	0.0128	0.00	0.0848	.	2	453	33832	46610
W3055	chr2	16787005	16786870	0.0179	0.00	0.0837	.	3	-135	28541	41791
W3055	chr1	37881482	37881846	0.0112	0.00	0.0770	.	2	364	33877	46618
W3055	chr1	37881482	37881846	0.0112	0.00	0.0770	.	2	364	33877	46618
W3055	chr1	18171825	18172205	0.0109	0.00	0.0760	.	2	380	33901	46610
W3055	chr1	18171825	18172205	0.0109	0.00	0.0760	.	2	380	33901	46610
W3055	chr5	24056729	24056928	0.0069	0.00	0.0574	.	2	199	33996	46518
W3055	chr5	24056729	24056928	0.0069	0.00	0.0574	.	2	199	33996	46518
W3063	chr1	2447206	2516074	0.9694	0.00	1.1309	.	43	68868	1	70811
W3063	chr1	2645602	2650311	0.0695	0.00	0.2002	.	11	4709	33525	51241
W3063	chr1	44097356	44101299	0.0195	0.00	0.1205	.	2	3943	7346	8727
W3063	chr1	44097356	44101299	0.0195	0.00	0.1205	.	2	3943	7346	8727
W3063	chr2	31561618	31872139	0.0195	0.00	0.1205	.	4	310521	7346	8727
W3063	chr2	31869078	31872139	0.0195	0.00	0.1205	.	2	3061	7346	8727
W3066	chr1	2544629	2608238	0.9964	0.00	1.1444	.	48	63609	1	70811
W3066	chr1	2735491	2740199	0.0711	0.00	0.2017	.	14	4708	33525	51241
W3066	chr5	30481916	30482400	0.0138	0.00	0.0886	.	2	484	33814	46623
W3066	chr5	30481916	30482400	0.0138	0.00	0.0886	.	2	484	33814	46623
W3066	chr8	26218577	26219043	0.0131	0.00	0.0861	.	2	466	33832	46621
W3066	chr8	26218577	26219043	0.0131	0.00	0.0861	.	2	466	33832	46621
W3066	chr3	10379183	10379636	0.0128	0.00	0.0848	.	2	453	33832	46610
W3066	chr3	10379183	10379636	0.0128	0.00	0.0848	.	2	453	33832	46610
W3066	chr2	18714643	18714508	0.0179	0.00	0.0837	.	3	-135	28541	41791
W3066	chr2	18714643	18714508	0.0179	0.00	0.0837	.	3	-135	28541	41791
W3066	chr1	38776882	38777246	0.0112	0.00	0.0770	.	2	364	33877	46618
W3066	chr1	38776882	38777246	0.0112	0.00	0.0770	.	2	364	33877	46618
W3066	chr1	19501168	19390484	0.0109	0.00	0.0748	.	4	-110684	33901	46610
W3066	chr1	19501168	19390484	0.0109	0.00	0.0748	.	4	-110684	33901	46610
W3066	chr5	23947133	23947427	0.0083	0.00	0.0638	.	2	294	33996	46613
W3066	chr5	23947133	23947427	0.0083	0.00	0.0638	.	2	294	33996	46613
W3071	chr1	2461764	2555982	0.9808	0.00	1.1383	.	40	94218	1	70811
W3071	chr1	2707382	2748915	0.0711	0.00	0.2016	.	13	41533	33525	51241
W3071	chr1	42549830	42553773	0.0195	0.00	0.1205	.	2	3943	7346	8727
W3071	chr1	42549830	42553773	0.0195	0.00	0.1205	.	2	3943	7346	8727
W3071	chr5	29676187	29676671	0.0138	0.00	0.0886	.	2	484	33814	46623
W3071	chr5	29676187	29676671	0.0138	0.00	0.0886	.	2	484	33814	46623
W3071	chr8	26485324	26485790	0.0131	0.00	0.0861	.	2	466	33832	46621
W3071	chr3	10020009	10020462	0.0128	0.00	0.0848	.	2	453	33832	46610
W3071	chr1	38040487	38040851	0.0112	0.00	0.0770	.	2	364	33877	46618
W3071	chr1	38040487	38040851	0.0112	0.00	0.0770	.	2	364	33877	46618
W3071	chr1	18926625	18927005	0.0109	0.00	0.0760	.	2	380	33901	46610
W3071	chr1	18926625	18927005	0.0109	0.00	0.0760	.	2	380	33901	46610
W3071	chr5	23327443	23327737	0.0083	0.00	0.0638	.	2	294	33996	46613
W3071	chr5	23327443	23327737	0.0083	0.00	0.0638	.	2	294	33996	46613
W3074	chr1	3318254	3389071	1.0000	0.00	1.1650	.	32	70817	1	70811
W3074	chr1	3517218	3521927	0.0714	0.00	0.2019	.	13	4709	33525	51241
W3074	chr2	33011982	33275783	0.0252	0.00	0.1221	.	2	263801	7346	11381
W3074	chr1	43152031	43155974	0.0195	0.00	0.1205	.	2	3943	7346	8727
W3074	chr1	43152031	43155974	0.0195	0.00	0.1205	.	2	3943	7346	8727
W3074	chr2	28881142	28884200	0.0195	0.00	0.1205	.	2	3058	7346	8727
W3074	chr5	29789561	29790045	0.0138	0.00	0.0886	.	2	484	33814	46623
W3074	chr5	29789561	29790045	0.0138	0.00	0.0886	.	2	484	33814	46623
W3074	chr8	25536161	25536627	0.0131	0.00	0.0861	.	2	466	33832	46621
W3074	chr8	25536161	25536627	0.0131	0.00	0.0861	.	2	466	33832	46621
W3074	chr3	10154284	10154737	0.0128	0.00	0.0848	.	2	453	33832	46610
W3074	chr3	10154284	10154737	0.0128	0.00	0.0848	.	2	453	33832	46610
W3074	chr1	38492148	38492512	0.0112	0.00	0.0770	.	2	364	33877	46618
W3074	chr1	38492148	38492512	0.0112	0.00	0.0770	.	2	364	33877	46618
W3074	chr1	19166758	19167138	0.0109	0.00	0.0760	.	2	380	33901	46610
W3074	chr1	19166758	19167138	0.0109	0.00	0.0760	.	2	380	33901	46610
W3074	chr5	23398893	23399187	0.0083	0.00	0.0638	.	2	294	33996	46613
W3074	chr5	23398893	23399187	0.0083	0.00	0.0638	.	2	294	33996	46613
W3082	chr1	2872249	2979323	0.9912	0.00	1.1352	.	40	107074	1	70811
W3082	chr1	3099026	3097402	0.0437	0.00	0.1731	.	10	-1624	33525	49419
W3082	chr2	32192823	32473974	0.0252	0.00	0.1221	.	2	281151	7346	11381
W3082	chr1	44487878	44491820	0.0195	0.00	0.1205	.	2	3942	7346	8727
W3082	chr1	44487878	44491820	0.0195	0.00	0.1205	.	2	3942	7346	8727
W3086	chr1	2771866	2846809	0.9761	0.00	1.1451	.	41	74943	1	70811
W3086	chr1	2970128	2968504	0.0454	0.00	0.1746	.	12	-1624	33525	49419
W3086	chr1	43603152	43607095	0.0195	0.00	0.1205	.	2	3943	7346	8727
W3086	chr1	43603152	43607095	0.0195	0.00	0.1205	.	2	3943	7346	8727
W3086	chr5	30921628	30922112	0.0138	0.00	0.0886	.	2	484	33814	46623
W3086	chr5	30921628	30922112	0.0138	0.00	0.0886	.	2	484	33814	46623
W3086	chr8	25998947	25999413	0.0131	0.00	0.0861	.	2	466	33832	46621
W3086	chr3	10518956	10519409	0.0128	0.00	0.0848	.	2	453	33832	46610
W3086	chr1	39005183	39005547	0.0112	0.00	0.0770	.	2	364	33877	46618
W3086	chr1	39005183	39005547	0.0112	0.00	0.0770	.	2	364	33877	46618
W3086	chr1	19326417	19326797	0.0109	0.00	0.0760	.	2	380	33901	46610
W3086	chr1	19326417	19326797	0.0109	0.00	0.0760	.	2	380	33901	46610
W3086	chr5	24435116	24435410	0.0096	0.00	0.0696	.	2	294	33996	46613
W3088	chr1	2738791	2813870	0.9987	0.00	1.1724	.	39	75079	1	70811
W3088	chr1	2937155	2935531	0.0454	0.00	0.1746	.	12	-1624	33525	49419
W3088	chr1	42781622	42785566	0.0195	0.00	0.1205	.	2	3944	7346	8727
W3088	chr1	42781622	42785566	0.0195	0.00	0.1205	.	2	3944	7346	8727
W3088	chr5	30676270	30676754	0.0138	0.00	0.0886	.	2	484	33814	46623
W3088	chr5	30676270	30676754	0.0138	0.00	0.0886	.	2	484	33814	46623
W3088	chr8	25816574	25817040	0.0131	0.00	0.0861	.	2	466	33832	46621
W3088	chr3	10465709	10466162	0.0128	0.00	0.0848	.	2	453	33832	46610
W3088	chr1	38268723	38269087	0.0112	0.00	0.0770	.	2	364	33877	46618
W3088	chr1	38268723	38269087	0.0112	0.00	0.0770	.	2	364	33877	46618
W3088	chr1	18968583	18968963	0.0109	0.00	0.0760	.	2	380	33901	46610
W3088	chr1	18968583	18968963	0.0109	0.00	0.0760	.	2	380	33901	46610
W3088	chr5	24206590	24206884	0.0083	0.00	0.0638	.	2	294	33996	46613
W3092	chr1	2631120	2691640	0.8938	0.00	1.0669	.	30	60520	1	70811
W3092	chr1	2805912	2810621	0.0697	0.00	0.2004	.	11	4709	33525	51241
W3092	chr1	42840154	42844097	0.0195	0.00	0.1205	.	2	3943	7346	8727
W3092	chr1	42840154	42844097	0.0195	0.00	0.1205	.	2	3943	7346	8727
W3096	chr1	2733208	2808265	0.9058	0.00	1.0774	.	29	75057	1	70811
W3096	chr1	2932303	2937031	0.0697	0.00	0.2005	.	11	4728	33525	51241
W3096	chr1	42747798	42751740	0.0195	0.00	0.1205	.	2	3942	7346	8727
W3096	chr1	42747798	42751740	0.0195	0.00	0.1205	.	2	3942	7346	8727
W1559	chr1	2799512	2886485	0.9803	0.00	1.1505	.	39	86973	1	70811
W1559	chr1	3005610	3003986	0.0454	0.00	0.1746	.	12	-1624	33525	49419
W1559	chr2	32519246	32840373	0.0252	0.00	0.1221	.	2	321127	7346	11381
W1559	chr7	17149927	17212707	0.0176	0.00	0.1185	.	2	62780	7343	8591
W1559	chr5	29627901	29628385	0.0138	0.00	0.0886	.	2	484	33814	46623
W1559	chr5	29627901	29628385	0.0138	0.00	0.0886	.	2	484	33814	46623
W1559	chr3	7719948	7720401	0.0128	0.00	0.0848	.	2	453	33832	46610
W1559	chr8	26534379	26534822	0.0124	0.00	0.0829	.	2	443	33861	46621
W1559	chr8	26534379	26534822	0.0124	0.00	0.0829	.	2	443	33861	46621
W1559	chr1	38385951	38386315	0.0112	0.00	0.0770	.	2	364	33877	46618
W1559	chr1	38385951	38386315	0.0112	0.00	0.0770	.	2	364	33877	46618
W1559	chr1	18631435	18631815	0.0109	0.00	0.0760	.	2	380	33901	46610
W1559	chr1	18631435	18631815	0.0109	0.00	0.0760	.	2	380	33901	46610
W1559	chr5	23408478	23408772	0.0083	0.00	0.0638	.	2	294	33996	46613
W1559	chr5	23408478	23408772	0.0083	0.00	0.0638	.	2	294	33996	46613
W1725	chr1	2507019	2578008	1.0000	0.00	1.1663	.	29	70989	1	70811
W1725	chr1	2697155	2695531	0.0437	0.00	0.1732	.	10	-1624	33525	49419
W1725	chr2	32438394	32719159	0.0252	0.00	0.1222	.	2	280765	7346	11381
W1725	chr1	41962685	41966628	0.0195	0.00	0.1205	.	2	3943	7346	8727
W1725	chr1	41962685	41966628	0.0195	0.00	0.1205	.	2	3943	7346	8727
W1725	chr2	16851019	16850884	0.0177	0.00	0.0829	.	3	-135	28553	41791
W1943	chr1	2677890	2762173	0.9058	0.00	1.0776	.	29	84283	1	70811
W1943	chr1	2888915	2887291	0.0437	0.00	0.1732	.	10	-1624	33525	49419
W1943	chr2	33199032	33503441	0.0252	0.00	0.1221	.	2	304409	7346	11381
W1943	chr1	43202548	43206490	0.0195	0.00	0.1205	.	2	3942	7346	8727
W1943	chr1	43202548	43206490	0.0195	0.00	0.1205	.	2	3942	7346	8727
W2275	chr1	2651317	2716041	0.9884	0.00	1.1385	.	42	64724	1	70811
W2275	chr1	2856607	2854985	0.0454	0.00	0.1746	.	12	-1622	33525	49419
W2275	chr1	43378320	43382263	0.0195	0.00	0.1205	.	2	3943	7346	8727
W2275	chr1	43378320	43382263	0.0195	0.00	0.1205	.	2	3943	7346	8727
W2275	chr2	28609925	28612985	0.0195	0.00	0.1205	.	2	3060	7346	8727
W2275	chr5	29391852	29392336	0.0138	0.00	0.0886	.	2	484	33814	46623
W2275	chr5	29391852	29392336	0.0138	0.00	0.0886	.	2	484	33814	46623
W2275	chr8	25923204	25923670	0.0131	0.00	0.0861	.	2	466	33832	46621
W2275	chr3	10212982	10213435	0.0128	0.00	0.0848	.	2	453	33832	46610
W2275	chr1	38755219	38755583	0.0112	0.00	0.0770	.	2	364	33877	46618
W2275	chr1	38755219	38755583	0.0112	0.00	0.0770	.	2	364	33877	46618
W2275	chr1	18894739	18895119	0.0109	0.00	0.0761	.	2	380	33901	46610
W2275	chr1	18894739	18895119	0.0109	0.00	0.0761	.	2	380	33901	46610
W2275	chr5	23195850	23196144	0.0083	0.00	0.0638	.	2	294	33996	46613
W2275	chr5	23195850	23196144	0.0083	0.00	0.0638	.	2	294	33996	46613
W3000	chr1	3880592	3946033	0.9935	0.00	1.1548	.	36	65441	1	70811
W3000	chr1	4078652	4083361	0.0695	0.00	0.2002	.	11	4709	33525	51241
W3000	chr1	47250433	47254376	0.0195	0.00	0.1205	.	2	3943	7346	8727
W3000	chr1	47250433	47254376	0.0195	0.00	0.1205	.	2	3943	7346	8727
W3009	chr1	2884735	2955634	0.9960	0.00	1.1540	.	42	70899	1	70811
W3009	chr1	3069324	3064378	0.0726	0.00	0.2034	.	13	-4946	33525	51348
W3009	chr1	42220223	42224165	0.0195	0.00	0.1205	.	2	3942	7346	8727
W3009	chr1	42220223	42224165	0.0195	0.00	0.1205	.	2	3942	7346	8727
W3009	chr2	29625219	29628277	0.0195	0.00	0.1205	.	2	3058	7346	8727
W3009	chr2	29625219	29628277	0.0195	0.00	0.1205	.	2	3058	7346	8727
W3009	chr5	30514805	30515289	0.0138	0.00	0.0886	.	2	484	33814	46623
W3009	chr5	30514805	30515289	0.0138	0.00	0.0886	.	2	484	33814	46623
W3009	chr8	26211209	26211675	0.0131	0.00	0.0861	.	2	466	33832	46621
W3009	chr8	26211209	26211675	0.0131	0.00	0.0861	.	2	466	33832	46621
W3009	chr3	10074902	10075355	0.0128	0.00	0.0848	.	2	453	33832	46610
W3009	chr3	10074902	10075355	0.0128	0.00	0.0848	.	2	453	33832	46610
W3009	chr2	16854119	16853984	0.0179	0.00	0.0837	.	3	-135	28541	41791
W3009	chr1	37752274	37752638	0.0112	0.00	0.0770	.	2	364	33877	46618
W3009	chr1	37752274	37752638	0.0112	0.00	0.0770	.	2	364	33877	46618
W3009	chr1	18112311	18112691	0.0109	0.00	0.0760	.	2	380	33901	46610
W3009	chr1	18112311	18112691	0.0109	0.00	0.0760	.	2	380	33901	46610
W3009	chr5	23845020	23845314	0.0083	0.00	0.0638	.	2	294	33996	46613
W3009	chr5	23845020	23845314	0.0083	0.00	0.0638	.	2	294	33996	46613
W3012	chr1	2545526	2608226	0.9959	0.00	1.1442	.	44	62700	1	70811
W3012	chr1	2755097	2759827	0.0711	0.00	0.2016	.	13	4730	33525	51241
W3012	chr2	34139331	34493556	0.0252	0.00	0.1221	.	2	354225	7346	11381
W3012	chr5	31015508	31015992	0.0138	0.00	0.0886	.	2	484	33814	46623
W3012	chr5	31015508	31015992	0.0138	0.00	0.0886	.	2	484	33814	46623
W3012	chr8	26046950	26047416	0.0131	0.00	0.0861	.	2	466	33832	46621
W3012	chr3	10173116	10173569	0.0128	0.00	0.0848	.	2	453	33832	46610
W3012	chr3	10173116	10173569	0.0128	0.00	0.0848	.	2	453	33832	46610
W3012	chr1	38850509	38850873	0.0112	0.00	0.0770	.	2	364	33877	46618
W3012	chr1	38850509	38850873	0.0112	0.00	0.0770	.	2	364	33877	46618
W3012	chr1	18910511	18910891	0.0109	0.00	0.0760	.	2	380	33901	46610
W3012	chr1	18910511	18910891	0.0109	0.00	0.0760	.	2	380	33901	46610
W3012	chr5	24391575	24391869	0.0083	0.00	0.0638	.	2	294	33996	46613
W3012	chr5	24391575	24391869	0.0083	0.00	0.0638	.	2	294	33996	46613
W3029	chr1	2943274	3011177	0.8940	0.00	1.0642	.	29	67903	1	70811
W3029	chr1	3126712	3131441	0.0697	0.00	0.2005	.	11	4729	33525	51241
W3029	chr1	43446578	43450520	0.0195	0.00	0.1205	.	2	3942	7346	8727
W3029	chr1	43446578	43450520	0.0195	0.00	0.1205	.	2	3942	7346	8727
W3029	chr2	29283317	29286375	0.0195	0.00	0.1205	.	2	3058	7346	8727
W3033	chr1	2604845	2676213	0.9923	0.00	1.1472	.	42	71368	1	70811
W3033	chr1	2801350	2806079	0.0697	0.00	0.2004	.	11	4729	33525	51241
W3033	chr1	43328689	43332632	0.0195	0.00	0.1205	.	2	3943	7346	8727
W3033	chr1	43328689	43332632	0.0195	0.00	0.1205	.	2	3943	7346	8727
W3033	chr2	16016351	16016216	0.0177	0.00	0.0829	.	3	-135	28553	41791
W3035	chr1	2698852	2753466	0.9166	0.00	1.0776	.	28	54614	1	70811
W3035	chr1	2872705	2889786	0.0695	0.00	0.2002	.	11	17081	33525	51241
W3035	chr2	32526181	32776856	0.0252	0.00	0.1221	.	2	250675	7346	11381
W3035	chr1	42156000	42159943	0.0195	0.00	0.1205	.	2	3943	7346	8727
W3035	chr1	42156000	42159943	0.0195	0.00	0.1205	.	2	3943	7346	8727
W2099	chr1	2527288	2594124	0.9918	0.00	1.1403	.	45	66836	1	70811
W2099	chr1	2728942	2718950	0.0454	0.00	0.1233	.	13	-9992	33525	49419
W2099	chr2	28254861	28257922	0.0195	0.00	0.1205	.	2	3061	7346	8727
W2099	chr2	28254861	28257922	0.0195	0.00	0.1205	.	2	3061	7346	8727
W2099	chr5	30295574	30296058	0.0138	0.00	0.0886	.	2	484	33814	46623
W2099	chr5	30295574	30296058	0.0138	0.00	0.0886	.	2	484	33814	46623
W2099	chr8	27322997	27323463	0.0131	0.00	0.0861	.	2	466	33832	46621
W2099	chr8	27322997	27323463	0.0131	0.00	0.0861	.	2	466	33832	46621
W2099	chr3	9924921	9925374	0.0128	0.00	0.0848	.	2	453	33832	46610
W2099	chr3	9924921	9925374	0.0128	0.00	0.0848	.	2	453	33832	46610
W2099	chr2	15952836	15952701	0.0179	0.00	0.0837	.	3	-135	28541	41791
W2099	chr1	38959897	38960261	0.0112	0.00	0.0770	.	2	364	33877	46618
W2099	chr1	38959897	38960261	0.0112	0.00	0.0770	.	2	364	33877	46618
W2099	chr1	19236137	19236517	0.0109	0.00	0.0760	.	2	380	33901	46610
W2099	chr1	19236137	19236517	0.0109	0.00	0.0760	.	2	380	33901	46610
W2099	chr5	24101959	24102253	0.0083	0.00	0.0638	.	2	294	33996	46613
W2099	chr5	24101959	24102253	0.0083	0.00	0.0638	.	2	294	33996	46613
W3040	chr1	2584285	2668489	1.0000	0.00	1.1543	.	41	84204	1	70811
W3040	chr1	2782196	2777251	0.0726	0.00	0.2034	.	13	-4945	33525	51348
W3040	chr2	29284880	29287941	0.0195	0.00	0.1205	.	2	3061	7346	8727
W3040	chr2	29284880	29287941	0.0195	0.00	0.1205	.	2	3061	7346	8727
W3040	chr5	30783308	30783792	0.0138	0.00	0.0886	.	2	484	33814	46623
W3040	chr5	30783308	30783792	0.0138	0.00	0.0886	.	2	484	33814	46623
W3040	chr8	27418026	27418492	0.0131	0.00	0.0861	.	2	466	33832	46621
W3040	chr3	9908687	9909140	0.0128	0.00	0.0848	.	2	453	33832	46610
W3040	chr2	16007519	16007384	0.0177	0.00	0.0829	.	3	-135	28553	41791
W3040	chr1	39048748	39049112	0.0112	0.00	0.0770	.	2	364	33877	46618
W3040	chr1	39048748	39049112	0.0112	0.00	0.0770	.	2	364	33877	46618
W3040	chr1	19779013	19779393	0.0109	0.00	0.0760	.	2	380	33901	46610
W3040	chr1	19779013	19779393	0.0109	0.00	0.0760	.	2	380	33901	46610
W3040	chr5	24022732	24023026	0.0083	0.00	0.0638	.	2	294	33996	46613
W3040	chr5	24022732	24023026	0.0083	0.00	0.0638	.	2	294	33996	46613
W3052	chr1	2534568	2601408	0.9918	0.00	1.1411	.	44	66840	1	70811
W3052	chr1	2736233	2726240	0.0454	0.00	0.1233	.	13	-9993	33525	49419
W3052	chr1	42866420	42870362	0.0195	0.00	0.1205	.	2	3942	7346	8727
W3052	chr1	42866420	42870362	0.0195	0.00	0.1205	.	2	3942	7346	8727
W3052	chr2	28468005	28471066	0.0195	0.00	0.1205	.	2	3061	7346	8727
W3052	chr2	28468005	28471066	0.0195	0.00	0.1205	.	2	3061	7346	8727
W3052	chr5	29926386	29926870	0.0138	0.00	0.0886	.	2	484	33814	46623
W3052	chr5	29926386	29926870	0.0138	0.00	0.0886	.	2	484	33814	46623
W3052	chr8	27660643	27661109	0.0131	0.00	0.0861	.	2	466	33832	46621
W3052	chr3	9927130	9927583	0.0128	0.00	0.0848	.	2	453	33832	46610
W3052	chr2	16179127	16178992	0.0179	0.00	0.0837	.	3	-135	28541	41791
W3052	chr1	38440178	38440542	0.0112	0.00	0.0770	.	2	364	33877	46618
W3052	chr1	38440178	38440542	0.0112	0.00	0.0770	.	2	364	33877	46618
W3052	chr1	19176419	19176799	0.0109	0.00	0.0760	.	2	380	33901	46610
W3052	chr1	19176419	19176799	0.0109	0.00	0.0760	.	2	380	33901	46610
W3052	chr5	23749152	23749446	0.0083	0.00	0.0638	.	2	294	33996	46613
W3052	chr5	23749152	23749446	0.0083	0.00	0.0638	.	2	294	33996	46613
W0133	chr1	2671454	2749093	0.9738	0.00	1.1364	.	43	77639	1	70811
W0133	chr1	2861074	2865788	0.0711	0.00	0.2017	.	13	4714	33525	51226
W0133	chr5	27954146	27954630	0.0138	0.00	0.0886	.	2	484	33814	46623
W0133	chr5	27954146	27954630	0.0138	0.00	0.0886	.	2	484	33814	46623
W0133	chr8	24767850	24768316	0.0131	0.00	0.0861	.	2	466	33832	46621
W0133	chr8	24767850	24768316	0.0131	0.00	0.0861	.	2	466	33832	46621
W0133	chr3	7754796	7755249	0.0128	0.00	0.0848	.	2	453	33832	46610
W0133	chr2	15887179	15887044	0.0179	0.00	0.0836	.	3	-135	28541	41791
W0133	chr1	37498195	37498559	0.0112	0.00	0.0770	.	2	364	33877	46618
W0133	chr1	37498195	37498559	0.0112	0.00	0.0770	.	2	364	33877	46618
W0133	chr5	21575069	21575363	0.0083	0.00	0.0638	.	2	294	33996	46613
W0133	chr5	21575069	21575363	0.0083	0.00	0.0638	.	2	294	33996	46613
W0133	chr1	19145406	19145688	0.0082	0.00	0.0634	.	2	282	33996	46610
W0133	chr1	19145406	19145688	0.0082	0.00	0.0634	.	2	282	33996	46610
W0135	chr1	2613968	2687879	0.9743	0.00	1.1328	.	43	73911	1	70811
W0135	chr1	2810609	2815376	0.0457	0.00	0.1589	.	13	4767	33525	49424
W0135	chr5	28309173	28309657	0.0138	0.00	0.0886	.	2	484	33814	46623
W0135	chr5	28309173	28309657	0.0138	0.00	0.0886	.	2	484	33814	46623
W0135	chr8	25221409	25221875	0.0131	0.00	0.0861	.	2	466	33832	46621
W0135	chr8	25221409	25221875	0.0131	0.00	0.0861	.	2	466	33832	46621
W0135	chr3	10103022	10103475	0.0128	0.00	0.0848	.	2	453	33832	46610
W0135	chr2	15963341	15963206	0.0179	0.00	0.0836	.	3	-135	28541	41791
W0135	chr1	36034192	36034556	0.0112	0.00	0.0770	.	2	364	33877	46618
W0135	chr1	36034192	36034556	0.0112	0.00	0.0770	.	2	364	33877	46618
W0135	chr5	21846932	21847226	0.0083	0.00	0.0638	.	2	294	33996	46613
W0135	chr5	21846932	21847226	0.0083	0.00	0.0638	.	2	294	33996	46613
W0135	chr1	18088775	18089057	0.0082	0.00	0.0634	.	2	282	33996	46610
W0135	chr1	18088775	18089057	0.0082	0.00	0.0634	.	2	282	33996	46610
W0136	chr1	2595689	2669604	0.9743	0.00	1.1328	.	43	73915	1	70811
W0136	chr1	2791945	2796659	0.0711	0.00	0.2017	.	13	4714	33525	51226
W0136	chr2	31570490	31827855	0.0252	0.00	0.1221	.	2	257365	7346	11381
W0136	chr5	27919040	27919524	0.0138	0.00	0.0886	.	2	484	33814	46623
W0136	chr5	27919040	27919524	0.0138	0.00	0.0886	.	2	484	33814	46623
W0136	chr8	24879760	24880226	0.0131	0.00	0.0861	.	2	466	33832	46621
W0136	chr8	24879760	24880226	0.0131	0.00	0.0861	.	2	466	33832	46621
W0136	chr3	10100574	10101027	0.0128	0.00	0.0848	.	2	453	33832	46610
W0136	chr2	15990098	15989963	0.0179	0.00	0.0836	.	3	-135	28541	41791
W0136	chr1	35826667	35827031	0.0112	0.00	0.0770	.	2	364	33877	46618
W0136	chr1	35826667	35827031	0.0112	0.00	0.0770	.	2	364	33877	46618
W0136	chr5	21476947	21477241	0.0083	0.00	0.0638	.	2	294	33996	46613
W0136	chr5	21476947	21477241	0.0083	0.00	0.0638	.	2	294	33996	46613
W0136	chr1	17798541	17798823	0.0082	0.00	0.0634	.	2	282	33996	46610
W0136	chr1	17798541	17798823	0.0082	0.00	0.0634	.	2	282	33996	46610
W0137	chr1	2588416	2662331	0.9743	0.00	1.1328	.	43	73915	1	70811
W0137	chr1	2784614	2789328	0.0711	0.00	0.2017	.	13	4714	33525	51226
W0137	chr5	27964755	27965239	0.0138	0.00	0.0886	.	2	484	33814	46623
W0137	chr5	27964755	27965239	0.0138	0.00	0.0886	.	2	484	33814	46623
W0137	chr8	24897644	24898110	0.0131	0.00	0.0861	.	2	466	33832	46621
W0137	chr8	24897644	24898110	0.0131	0.00	0.0861	.	2	466	33832	46621
W0137	chr3	10091388	10091841	0.0128	0.00	0.0848	.	2	453	33832	46610
W0137	chr2	16068540	16068405	0.0179	0.00	0.0836	.	3	-135	28541	41791
W0137	chr1	36318422	36318786	0.0112	0.00	0.0770	.	2	364	33877	46618
W0137	chr1	36318422	36318786	0.0112	0.00	0.0770	.	2	364	33877	46618
W0137	chr5	21532206	21532500	0.0083	0.00	0.0638	.	2	294	33996	46613
W0137	chr5	21532206	21532500	0.0083	0.00	0.0638	.	2	294	33996	46613
W0137	chr1	18188766	18189048	0.0082	0.00	0.0634	.	2	282	33996	46610
W0137	chr1	18188766	18189048	0.0082	0.00	0.0634	.	2	282	33996	46610
W0149	chr1	2666011	2744110	0.9994	0.00	1.1600	.	33	78099	1	70811
W0149	chr1	2865020	2869726	0.0695	0.00	0.2002	.	11	4706	33525	51241
W0149	chr2	16055909	16055774	0.0179	0.00	0.0836	.	3	-135	28541	41791
W0573	chr1	2638968	2709709	1.0000	0.00	1.1617	.	32	70741	1	70811
W0573	chr1	2835975	2840706	0.0711	0.00	0.2017	.	13	4731	33525	51226
W0573	chr5	27830776	27831260	0.0138	0.00	0.0886	.	2	484	33814	46623
W0573	chr5	27830776	27831260	0.0138	0.00	0.0886	.	2	484	33814	46623
W0573	chr8	25608320	25608786	0.0131	0.00	0.0861	.	2	466	33832	46621
W0573	chr8	25608320	25608786	0.0131	0.00	0.0861	.	2	466	33832	46621
W0573	chr3	9999719	10000172	0.0128	0.00	0.0848	.	2	453	33832	46610
W0573	chr2	15864738	15864603	0.0179	0.00	0.0836	.	3	-135	28541	41791
W0573	chr1	36859669	36860033	0.0112	0.00	0.0770	.	2	364	33877	46618
W0573	chr1	36859669	36860033	0.0112	0.00	0.0770	.	2	364	33877	46618
W0573	chr5	21552728	21553022	0.0083	0.00	0.0638	.	2	294	33996	46613
W0573	chr5	21552728	21553022	0.0083	0.00	0.0638	.	2	294	33996	46613
W0573	chr1	18361571	18361853	0.0082	0.00	0.0634	.	2	282	33996	46610
W0573	chr1	18361571	18361853	0.0082	0.00	0.0634	.	2	282	33996	46610
W1536	chr1	2673678	2741835	0.9851	0.00	1.1430	.	43	68157	1	70811
W1536	chr1	2858715	2863429	0.0711	0.00	0.2017	.	13	4714	33525	51226
W1536	chr5	27878699	27879183	0.0138	0.00	0.0886	.	2	484	33814	46623
W1536	chr5	27878699	27879183	0.0138	0.00	0.0886	.	2	484	33814	46623
W1536	chr8	24592747	24593213	0.0131	0.00	0.0861	.	2	466	33832	46621
W1536	chr8	24592747	24593213	0.0131	0.00	0.0861	.	2	466	33832	46621
W1536	chr3	9866724	9867177	0.0128	0.00	0.0848	.	2	453	33832	46610
W1536	chr2	15575795	15575660	0.0179	0.00	0.0836	.	3	-135	28541	41791
W1536	chr1	36836986	36837350	0.0112	0.00	0.0770	.	2	364	33877	46618
W1536	chr1	36836986	36837350	0.0112	0.00	0.0770	.	2	364	33877	46618
W1536	chr5	21760798	21761092	0.0083	0.00	0.0638	.	2	294	33996	46613
W1536	chr5	21760798	21761092	0.0083	0.00	0.0638	.	2	294	33996	46613
W1536	chr1	17819041	17819323	0.0082	0.00	0.0634	.	2	282	33996	46610
W1536	chr1	17819041	17819323	0.0082	0.00	0.0634	.	2	282	33996	46610
W1777	chr1	2564366	2633670	0.9991	0.00	1.1594	.	34	69304	1	70811
W1777	chr1	2753194	2757903	0.0697	0.00	0.2004	.	11	4709	33525	51241
W1777	chr2	33201991	33501785	0.0252	0.00	0.1221	.	2	299794	7346	11381
W1777	chr2	29048022	29047743	0.0195	0.00	0.1205	.	2	-279	7344	8727
W1777	chr2	29048022	29047743	0.0195	0.00	0.1205	.	2	-279	7344	8727
W1777	chr1	42946790	42950732	0.0195	0.00	0.1205	.	2	3942	7346	8727
W1777	chr1	42946790	42950732	0.0195	0.00	0.1205	.	2	3942	7346	8727
W1777	chr2	17064568	17064433	0.0177	0.00	0.0829	.	3	-135	28553	41791
W1783	chr1	2647641	2706490	0.9141	0.00	1.0845	.	33	58849	1	70811
W1783	chr1	2820059	2824784	0.0710	0.00	0.2016	.	13	4725	33525	51236
W1783	chr5	28309225	28309709	0.0138	0.00	0.0886	.	2	484	33814	46623
W1783	chr5	28309225	28309709	0.0138	0.00	0.0886	.	2	484	33814	46623
W1783	chr8	24064871	24065337	0.0131	0.00	0.0861	.	2	466	33832	46621
W1783	chr8	24064871	24065337	0.0131	0.00	0.0861	.	2	466	33832	46621
W1783	chr3	10045504	10045957	0.0128	0.00	0.0848	.	2	453	33832	46610
W1783	chr2	16050774	16050639	0.0179	0.00	0.0836	.	3	-135	28541	41791
W1783	chr1	37771997	37772361	0.0112	0.00	0.0770	.	2	364	33877	46618
W1783	chr1	37771997	37772361	0.0112	0.00	0.0770	.	2	364	33877	46618
W1783	chr5	22058491	22058785	0.0083	0.00	0.0638	.	2	294	33996	46613
W1783	chr5	22058491	22058785	0.0083	0.00	0.0638	.	2	294	33996	46613
W1783	chr1	19053958	19054240	0.0082	0.00	0.0634	.	2	282	33996	46610
W1783	chr1	19053958	19054240	0.0082	0.00	0.0634	.	2	282	33996	46610
W1809	chr1	2645459	2713609	0.9851	0.00	1.1419	.	42	68150	1	70811
W1809	chr1	2830454	2835168	0.0711	0.00	0.2017	.	13	4714	33525	51226
W1809	chr2	32286122	32541330	0.0252	0.00	0.1221	.	2	255208	7346	11381
W1809	chr5	28008672	28009156	0.0138	0.00	0.0886	.	2	484	33814	46623
W1809	chr5	28008672	28009156	0.0138	0.00	0.0886	.	2	484	33814	46623
W1809	chr8	24434261	24434727	0.0131	0.00	0.0861	.	2	466	33832	46621
W1809	chr8	24434261	24434727	0.0131	0.00	0.0861	.	2	466	33832	46621
W1809	chr3	9789313	9789766	0.0128	0.00	0.0848	.	2	453	33832	46610
W1809	chr3	9789313	9789766	0.0128	0.00	0.0848	.	2	453	33832	46610
W1809	chr2	15956478	15956343	0.0179	0.00	0.0836	.	3	-135	28541	41791
W1809	chr1	36848788	36849152	0.0112	0.00	0.0770	.	2	364	33877	46618
W1809	chr1	36848788	36849152	0.0112	0.00	0.0770	.	2	364	33877	46618
W1809	chr1	18240599	18240881	0.0082	0.00	0.0634	.	2	282	33996	46610
W1809	chr1	18240599	18240881	0.0082	0.00	0.0634	.	2	282	33996	46610
W2005	chr1	2694105	2775333	0.9995	0.00	1.1637	.	38	81228	1	70811
W2005	chr1	2894024	2898749	0.0710	0.00	0.2016	.	13	4725	33525	51236
W2005	chr2	31121016	31388040	0.0252	0.00	0.1221	.	2	267024	7346	11381
W2005	chr5	28059639	28060123	0.0138	0.00	0.0886	.	2	484	33814	46623
W2005	chr5	28059639	28060123	0.0138	0.00	0.0886	.	2	484	33814	46623
W2005	chr8	24173213	24173679	0.0131	0.00	0.0861	.	2	466	33832	46621
W2005	chr8	24173213	24173679	0.0131	0.00	0.0861	.	2	466	33832	46621
W2005	chr3	10111274	10111727	0.0128	0.00	0.0848	.	2	453	33832	46610
W2005	chr2	15892904	15892769	0.0179	0.00	0.0836	.	3	-135	28541	41791
W2005	chr2	15892904	15892769	0.0179	0.00	0.0836	.	3	-135	28541	41791
W2005	chr1	37151529	37151893	0.0112	0.00	0.0770	.	2	364	33877	46618
W2005	chr1	37151529	37151893	0.0112	0.00	0.0770	.	2	364	33877	46618
W2005	chr5	21746607	21746901	0.0083	0.00	0.0638	.	2	294	33996	46613
W2005	chr1	18579506	18579788	0.0082	0.00	0.0634	.	2	282	33996	46610
W2005	chr1	18579506	18579788	0.0082	0.00	0.0634	.	2	282	33996	46610
W2066	chr1	2640721	2708549	0.9953	0.00	1.1501	.	41	67828	1	70811
W2066	chr1	2874821	2822618	0.0442	0.00	0.1293	.	13	-52203	33518	49419
W2066	chr1	43476977	43480919	0.0195	0.00	0.1205	.	2	3942	7346	8727
W2066	chr1	43476977	43480919	0.0195	0.00	0.1205	.	2	3942	7346	8727
W2066	chr2	17408164	17408029	0.0177	0.00	0.0829	.	3	-135	28553	41791
W2311	chr1	2605957	2690227	1.0000	0.00	1.1557	.	41	84270	1	70811
W2311	chr1	2808216	2806592	0.0454	0.00	0.1746	.	12	-1624	33525	49419
W2311	chr2	33113440	33387988	0.0252	0.00	0.1221	.	2	274548	7346	11381
W2311	chr5	28817139	28817623	0.0138	0.00	0.0886	.	2	484	33814	46623
W2311	chr5	28817139	28817623	0.0138	0.00	0.0886	.	2	484	33814	46623
W2311	chr8	26923157	26923623	0.0131	0.00	0.0861	.	2	466	33832	46621
W2311	chr8	26923157	26923623	0.0131	0.00	0.0861	.	2	466	33832	46621
W2311	chr3	9850848	9851301	0.0128	0.00	0.0848	.	2	453	33832	46610
W2311	chr2	16224698	16224563	0.0177	0.00	0.0829	.	3	-135	28553	41791
W2311	chr1	38808999	38809363	0.0112	0.00	0.0770	.	2	364	33877	46618
W2311	chr1	38808999	38809363	0.0112	0.00	0.0770	.	2	364	33877	46618
W2311	chr1	19006285	19006665	0.0109	0.00	0.0760	.	2	380	33901	46610
W2311	chr1	19006285	19006665	0.0109	0.00	0.0760	.	2	380	33901	46610
W2311	chr5	22739482	22739776	0.0083	0.00	0.0638	.	2	294	33996	46613
W2311	chr5	22739482	22739776	0.0083	0.00	0.0638	.	2	294	33996	46613
W0157	chr1	2420683	2491434	1.0000	0.00	1.1638	.	29	70751	1	70811
W0157	chr1	2604054	2599108	0.0710	0.00	0.2019	.	11	-4946	33525	51348
W0157	chr2	32076418	32328414	0.0252	0.00	0.1221	.	2	251996	7346	11381
W0157	chr2	16278042	16277907	0.0179	0.00	0.0837	.	3	-135	28541	41791
W1668	chr1	2533287	2659395	0.9589	0.00	1.1260	.	35	126108	1	70584
W1668	chr1	2533287	2659395	0.9589	0.00	1.1193	.	48	126108	1	70584
W1668	chr1	2588980	2659395	0.8959	0.00	1.0489	.	45	70415	6758	70584
W1668	chr1	2777096	2781803	0.0714	0.00	0.2019	.	13	4707	33525	51241
W1668	chr1	723418	699466	0.0266	0.00	0.1845	.	2	-23952	25845	56693
W1668	chr1	41740762	41744704	0.0195	0.00	0.1205	.	2	3942	7346	8727
W1668	chr1	41740762	41744704	0.0195	0.00	0.1205	.	2	3942	7346	8727
W1668	chr2	28695207	28698265	0.0195	0.00	0.1205	.	2	3058	7346	8727
W1668	chr2	28695207	28698265	0.0195	0.00	0.1205	.	2	3058	7346	8727
W1668	chr5	29189052	29189536	0.0138	0.00	0.0886	.	2	484	33814	46623
W1668	chr5	29189052	29189536	0.0138	0.00	0.0886	.	2	484	33814	46623
W1668	chr3	10088027	10088480	0.0128	0.00	0.0848	.	2	453	33832	46610
W1668	chr2	17019276	17019141	0.0179	0.00	0.0837	.	3	-135	28541	41791
W1668	chr8	25504541	25504984	0.0124	0.00	0.0829	.	2	443	33861	46621
W1668	chr1	37294682	37295046	0.0106	0.00	0.0743	.	2	364	33919	46618
W1668	chr1	37294682	37295046	0.0106	0.00	0.0743	.	2	364	33919	46618
W1668	chr1	18484268	18484625	0.0103	0.00	0.0730	.	2	357	33924	46610
W1668	chr1	18484268	18484625	0.0103	0.00	0.0730	.	2	357	33924	46610
W1668	chr5	23323879	23324173	0.0083	0.00	0.0638	.	2	294	33996	46613
W1748	chr1	2678166	2743506	0.9558	0.00	1.1107	.	37	65340	1	70811
W1748	chr1	2678166	2743506	0.9558	0.00	1.1051	.	50	65340	1	70811
W1748	chr1	2678166	2688764	0.8198	0.00	0.9600	.	35	10598	1	61180
W1748	chr1	2875010	2892694	0.0711	0.00	0.2016	.	13	17684	33525	51241
W1748	chr2	27954289	27954010	0.0195	0.00	0.1205	.	2	-279	7344	8727
W1748	chr2	27954289	27954010	0.0195	0.00	0.1205	.	2	-279	7344	8727
W1748	chr5	29032875	29033359	0.0138	0.00	0.0886	.	2	484	33814	46623
W1748	chr5	29032875	29033359	0.0138	0.00	0.0886	.	2	484	33814	46623
W1748	chr3	9963958	9964411	0.0128	0.00	0.0848	.	2	453	33832	46610
W1748	chr2	16014837	16014702	0.0177	0.00	0.0829	.	3	-135	28553	41791
W1748	chr8	25687514	25687957	0.0124	0.00	0.0829	.	2	443	33861	46621
W1748	chr1	38291162	38291526	0.0112	0.00	0.0770	.	2	364	33877	46618
W1748	chr1	38291162	38291526	0.0112	0.00	0.0770	.	2	364	33877	46618
W1748	chr1	18643204	18643561	0.0103	0.00	0.0730	.	2	357	33924	46610
W1748	chr1	18643204	18643561	0.0103	0.00	0.0730	.	2	357	33924	46610
W1748	chr5	22826827	22827121	0.0083	0.00	0.0638	.	2	294	33996	46613
W1748	chr5	22826827	22827121	0.0083	0.00	0.0638	.	2	294	33996	46613
W1750	W1750_321	90199	187611	0.9992	0.00	1.1658	.	30	97412	1	70811
W1750	chr1	2716692	2782053	0.9558	0.00	1.1137	.	32	65361	1	70811
W1750	chr1	2716692	2782053	0.9558	0.00	1.1107	.	37	65361	1	70811
W1750	chr1	2913606	2912083	0.0326	0.00	0.1369	.	5	-1523	45846	49419
W1750	chr2	28400542	28400263	0.0195	0.00	0.1205	.	2	-279	7344	8727
W1750	chr2	28400542	28400263	0.0195	0.00	0.1205	.	2	-279	7344	8727
W1750	chr2	16149470	16149335	0.0179	0.00	0.0837	.	3	-135	28541	41791
W0145	chr1	2653302	2737574	1.0000	0.00	1.1557	.	41	84272	1	70811
W0145	chr1	2855519	2853895	0.0454	0.00	0.1746	.	12	-1624	33525	49419
W0145	chr1	41919195	41923137	0.0195	0.00	0.1205	.	2	3942	7346	8727
W0145	chr1	41919195	41923137	0.0195	0.00	0.1205	.	2	3942	7346	8727
W0145	chr2	32837398	33131410	0.0246	0.00	0.1196	.	2	294012	7346	11342
W0145	chr5	30447425	30447909	0.0138	0.00	0.0886	.	2	484	33814	46623
W0145	chr5	30447425	30447909	0.0138	0.00	0.0886	.	2	484	33814	46623
W0145	chr8	27114996	27115462	0.0131	0.00	0.0861	.	2	466	33832	46621
W0145	chr8	27114996	27115462	0.0131	0.00	0.0861	.	2	466	33832	46621
W0145	chr3	9898877	9899330	0.0128	0.00	0.0848	.	2	453	33832	46610
W0145	chr2	17237226	17237091	0.0177	0.00	0.0829	.	3	-135	28553	41791
W0145	chr1	37495946	37496310	0.0112	0.00	0.0770	.	2	364	33877	46618
W0145	chr1	37495946	37496310	0.0112	0.00	0.0770	.	2	364	33877	46618
W0145	chr1	18762745	18763102	0.0103	0.00	0.0730	.	2	357	33924	46610
W0145	chr1	18762745	18763102	0.0103	0.00	0.0730	.	2	357	33924	46610
W0145	chr5	24449520	24449814	0.0083	0.00	0.0638	.	2	294	33996	46613
W0145	chr5	24449520	24449814	0.0083	0.00	0.0638	.	2	294	33996	46613
W0164	chr1	2649654	2733787	1.0000	0.00	1.1550	.	43	84133	1	70811
W0164	chr1	2900236	2848053	0.0442	0.00	0.1293	.	14	-52183	33518	49419
W0164	chr2	33346250	33598710	0.0252	0.00	0.1221	.	2	252460	7346	11381
W0164	chr1	42383860	42387802	0.0195	0.00	0.1205	.	2	3942	7346	8727
W0164	chr1	42383860	42387802	0.0195	0.00	0.1205	.	2	3942	7346	8727
W0164	chr5	29740045	29740529	0.0138	0.00	0.0886	.	2	484	33814	46623
W0164	chr5	29740045	29740529	0.0138	0.00	0.0886	.	2	484	33814	46623
W0164	chr8	26103670	26104136	0.0131	0.00	0.0861	.	2	466	33832	46621
W0164	chr8	26103670	26104136	0.0131	0.00	0.0861	.	2	466	33832	46621
W0164	chr3	10471662	10472115	0.0128	0.00	0.0848	.	2	453	33832	46610
W0164	chr2	15758116	15757981	0.0177	0.00	0.0829	.	3	-135	28553	41791
W0164	chr1	38005599	38005963	0.0112	0.00	0.0770	.	2	364	33877	46618
W0164	chr1	38005599	38005963	0.0112	0.00	0.0770	.	2	364	33877	46618
W0164	chr1	18723188	18723568	0.0109	0.00	0.0760	.	2	380	33901	46610
W0164	chr1	18723188	18723568	0.0109	0.00	0.0760	.	2	380	33901	46610
W0164	chr5	23781959	23782253	0.0083	0.00	0.0638	.	2	294	33996	46613
W0234	chr1	2704564	2788837	1.0000	0.00	1.1557	.	41	84273	1	70811
W0234	chr1	2906604	2904980	0.0454	0.00	0.1746	.	12	-1624	33525	49419
W0234	chr2	32342493	32594531	0.0252	0.00	0.1221	.	2	252038	7346	11381
W0234	chr1	41520418	41524360	0.0195	0.00	0.1205	.	2	3942	7346	8727
W0234	chr1	41520418	41524360	0.0195	0.00	0.1205	.	2	3942	7346	8727
W0234	chr5	30040314	30040798	0.0138	0.00	0.0886	.	2	484	33814	46623
W0234	chr5	30040314	30040798	0.0138	0.00	0.0886	.	2	484	33814	46623
W0234	chr3	10007670	10008123	0.0128	0.00	0.0848	.	2	453	33832	46610
W0234	chr8	24933479	24933922	0.0124	0.00	0.0829	.	2	443	33861	46621
W0234	chr8	24933479	24933922	0.0124	0.00	0.0829	.	2	443	33861	46621
W0234	chr1	37059215	37059579	0.0112	0.00	0.0770	.	2	364	33877	46618
W0234	chr1	37059215	37059579	0.0112	0.00	0.0770	.	2	364	33877	46618
W0234	chr1	18330270	18330627	0.0103	0.00	0.0730	.	2	357	33924	46610
W0234	chr1	18330270	18330627	0.0103	0.00	0.0730	.	2	357	33924	46610
W0234	chr5	23935598	23935892	0.0083	0.00	0.0638	.	2	294	33996	46613
W0234	chr5	23935598	23935892	0.0083	0.00	0.0638	.	2	294	33996	46613
W0594	chr1	2545226	2629504	1.0000	0.00	1.1557	.	41	84278	1	70811
W0594	chr1	2747306	2745682	0.0454	0.00	0.1746	.	12	-1624	33525	49419
W0594	chr2	32458156	32736618	0.0252	0.00	0.1221	.	2	278462	7346	11381
W0594	chr1	42211529	42215472	0.0195	0.00	0.1205	.	2	3943	7346	8727
W0594	chr1	42211529	42215472	0.0195	0.00	0.1205	.	2	3943	7346	8727
W0594	chr5	29561181	29561665	0.0138	0.00	0.0886	.	2	484	33814	46623
W0594	chr5	29561181	29561665	0.0138	0.00	0.0886	.	2	484	33814	46623
W0594	chr3	10220951	10221404	0.0128	0.00	0.0848	.	2	453	33832	46610
W0594	chr2	16494471	16494336	0.0177	0.00	0.0829	.	3	-135	28553	41791
W0594	chr8	25497379	25497822	0.0124	0.00	0.0829	.	2	443	33861	46621
W0594	chr1	37735193	37735557	0.0112	0.00	0.0770	.	2	364	33877	46618
W0594	chr1	37735193	37735557	0.0112	0.00	0.0770	.	2	364	33877	46618
W0594	chr1	18799948	18800305	0.0103	0.00	0.0730	.	2	357	33924	46610
W0594	chr1	18799948	18800305	0.0103	0.00	0.0730	.	2	357	33924	46610
W0594	chr5	23271834	23272128	0.0083	0.00	0.0638	.	2	294	33996	46613
W0594	chr5	23271834	23272128	0.0083	0.00	0.0638	.	2	294	33996	46613
W0596	chr1	2542224	2626504	1.0000	0.00	1.1551	.	42	84280	1	70811
W0596	chr1	2744307	2742683	0.0454	0.00	0.1746	.	12	-1624	33525	49419
W0596	chr8	28430854	28552264	0.0235	0.00	0.1247	.	2	121410	25845	27508
W0596	chr2	32132947	32411410	0.0252	0.00	0.1221	.	2	278463	7346	11381
W0596	chr1	41954092	41958034	0.0195	0.00	0.1205	.	2	3942	7346	8727
W0596	chr1	41954092	41958034	0.0195	0.00	0.1205	.	2	3942	7346	8727
W0596	chr5	29266090	29266574	0.0138	0.00	0.0886	.	2	484	33814	46623
W0596	chr5	29266090	29266574	0.0138	0.00	0.0886	.	2	484	33814	46623
W0596	chr3	10221464	10221917	0.0128	0.00	0.0848	.	2	453	33832	46610
W0596	chr2	16017640	16017505	0.0177	0.00	0.0829	.	3	-135	28553	41791
W0596	chr8	25523427	25523870	0.0124	0.00	0.0829	.	2	443	33861	46621
W0596	chr8	25523427	25523870	0.0124	0.00	0.0829	.	2	443	33861	46621
W0596	chr1	37446923	37447287	0.0112	0.00	0.0770	.	2	364	33877	46618
W0596	chr1	37446923	37447287	0.0112	0.00	0.0770	.	2	364	33877	46618
W0596	chr1	18076359	18076716	0.0103	0.00	0.0730	.	2	357	33924	46610
W0596	chr1	18076359	18076716	0.0103	0.00	0.0730	.	2	357	33924	46610
W0596	chr5	22957240	22957534	0.0083	0.00	0.0638	.	2	294	33996	46613
W0596	chr5	22957240	22957534	0.0083	0.00	0.0638	.	2	294	33996	46613
W1557	chr1	2573686	2641563	0.9933	0.00	1.1539	.	40	67877	1	70811
W1557	chr1	2764753	2763132	0.0454	0.00	0.1746	.	12	-1621	33525	49419
W1557	chr1	42138420	42142362	0.0195	0.00	0.1205	.	2	3942	7346	8727
W1557	chr1	42138420	42142362	0.0195	0.00	0.1205	.	2	3942	7346	8727
W1557	chr5	30372698	30373182	0.0138	0.00	0.0886	.	2	484	33814	46623
W1557	chr5	30372698	30373182	0.0138	0.00	0.0886	.	2	484	33814	46623
W1557	chr8	27095425	27095891	0.0131	0.00	0.0861	.	2	466	33832	46621
W1557	chr8	27095425	27095891	0.0131	0.00	0.0861	.	2	466	33832	46621
W1557	chr3	9906108	9906561	0.0128	0.00	0.0848	.	2	453	33832	46610
W1557	chr3	9906108	9906561	0.0128	0.00	0.0848	.	2	453	33832	46610
W1557	chr2	16870967	16870832	0.0177	0.00	0.0829	.	3	-135	28553	41791
W1557	chr1	37706190	37706554	0.0112	0.00	0.0770	.	2	364	33877	46618
W1557	chr1	37706190	37706554	0.0112	0.00	0.0770	.	2	364	33877	46618
W1557	chr1	18817576	18817933	0.0103	0.00	0.0730	.	2	357	33924	46610
W1557	chr1	18817576	18817933	0.0103	0.00	0.0730	.	2	357	33924	46610
W1557	chr5	24171424	24171718	0.0083	0.00	0.0638	.	2	294	33996	46613
W1557	chr5	24171424	24171718	0.0083	0.00	0.0638	.	2	294	33996	46613
W1810	chr1	2550248	2635348	0.9992	0.00	1.1629	.	43	85100	1	70811
W1810	chr1	2801614	2749401	0.0442	0.00	0.1293	.	13	-52213	33518	49419
W1810	chr2	33736080	34002804	0.0252	0.00	0.1221	.	2	266724	7346	11381
W1810	chr2	17409602	17409467	0.0177	0.00	0.0829	.	3	-135	28553	41791
W2310	chr1	2861535	2924667	0.9905	0.00	1.1372	.	39	63132	1	70811
W2310	chr1	3057474	3055850	0.0454	0.00	0.1746	.	12	-1624	33525	49419
W2310	chr1	42387467	42391409	0.0195	0.00	0.1205	.	2	3942	7346	8727
W2310	chr1	42387467	42391409	0.0195	0.00	0.1205	.	2	3942	7346	8727
W2310	chr5	29153225	29153709	0.0138	0.00	0.0886	.	2	484	33814	46623
W2310	chr5	29153225	29153709	0.0138	0.00	0.0886	.	2	484	33814	46623
W2310	chr3	9889563	9890016	0.0128	0.00	0.0848	.	2	453	33832	46610
W2310	chr8	26101386	26101829	0.0124	0.00	0.0829	.	2	443	33861	46621
W2310	chr1	37862142	37862539	0.0116	0.00	0.0785	.	2	397	33877	46609
W2310	chr1	37862142	37862539	0.0116	0.00	0.0785	.	2	397	33877	46609
W2310	chr1	18520214	18520571	0.0103	0.00	0.0730	.	2	357	33924	46610
W2310	chr1	18520214	18520571	0.0103	0.00	0.0730	.	2	357	33924	46610
W2310	chr5	22905967	22906261	0.0083	0.00	0.0638	.	2	294	33996	46613
W1666	chr1	2564445	2635329	0.9960	0.00	1.1531	.	41	70884	1	70811
W1666	chr1	2801809	2749618	0.0442	0.00	0.1293	.	13	-52191	33518	49419
W1666	chr1	41671518	41675460	0.0195	0.00	0.1205	.	2	3942	7346	8727
W1666	chr1	41671518	41675460	0.0195	0.00	0.1205	.	2	3942	7346	8727
W1666	chr2	16858652	16858517	0.0177	0.00	0.0829	.	3	-135	28553	41791
W1737	chr1	2667123	2738014	0.9960	0.00	1.1540	.	40	70891	1	70811
W1737	chr1	2904500	2852306	0.0442	0.00	0.1293	.	13	-52194	33518	49419
W1737	chr2	33136874	33403590	0.0252	0.00	0.1221	.	2	266716	7346	11381
W1737	chr1	42058689	42062631	0.0195	0.00	0.1205	.	2	3942	7346	8727
W1737	chr1	42058689	42062631	0.0195	0.00	0.1205	.	2	3942	7346	8727
W1737	chr2	16492497	16492362	0.0177	0.00	0.0829	.	3	-135	28553	41791
W1825	chr1	2655621	2746388	0.9928	0.00	1.1394	.	41	90767	1	70811
W1825	chr1	2887369	2885747	0.0454	0.00	0.1746	.	12	-1622	33525	49419
W1825	chr2	32792812	33067040	0.0252	0.00	0.1221	.	2	274228	7346	11381
W1825	chr1	42477702	42481644	0.0195	0.00	0.1205	.	2	3942	7346	8727
W1825	chr1	42477702	42481644	0.0195	0.00	0.1205	.	2	3942	7346	8727
W1825	chr5	29061318	29061802	0.0138	0.00	0.0886	.	2	484	33814	46623
W1825	chr5	29061318	29061802	0.0138	0.00	0.0886	.	2	484	33814	46623
W1825	chr8	26115699	26116165	0.0131	0.00	0.0861	.	2	466	33832	46621
W1825	chr3	10038462	10038915	0.0128	0.00	0.0848	.	2	453	33832	46610
W1825	chr2	16441062	16440927	0.0177	0.00	0.0829	.	3	-135	28553	41791
W1825	chr1	38065887	38066251	0.0112	0.00	0.0770	.	2	364	33877	46618
W1825	chr1	38065887	38066251	0.0112	0.00	0.0770	.	2	364	33877	46618
W1825	chr1	18844505	18844862	0.0103	0.00	0.0730	.	2	357	33924	46610
W1825	chr1	18844505	18844862	0.0103	0.00	0.0730	.	2	357	33924	46610
W1825	chr5	23167519	23167813	0.0083	0.00	0.0638	.	2	294	33996	46613
W1970	chr1	2651201	2731177	0.9990	0.00	1.1583	.	42	79976	1	70811
W1970	chr1	2908053	2912196	0.0693	0.00	0.2000	.	14	4143	33525	51241
W1970	chr1	42263331	42267273	0.0195	0.00	0.1205	.	2	3942	7346	8727
W1970	chr1	42263331	42267273	0.0195	0.00	0.1205	.	2	3942	7346	8727
W1970	chr5	29643010	29643494	0.0138	0.00	0.0886	.	2	484	33814	46623
W1970	chr5	29643010	29643494	0.0138	0.00	0.0886	.	2	484	33814	46623
W1970	chr8	25235615	25236081	0.0131	0.00	0.0861	.	2	466	33832	46621
W1970	chr3	10135917	10136370	0.0128	0.00	0.0848	.	2	453	33832	46610
W1970	chr2	16390879	16390744	0.0177	0.00	0.0829	.	3	-135	28553	41791
W1970	chr2	18332240	18332105	0.0177	0.00	0.0829	.	3	-135	28553	41791
W1970	chr2	18332240	18332105	0.0177	0.00	0.0829	.	3	-135	28553	41791
W1970	chr1	37771380	37771744	0.0112	0.00	0.0770	.	2	364	33877	46618
W1970	chr1	37771380	37771744	0.0112	0.00	0.0770	.	2	364	33877	46618
W1970	chr1	18873360	18873717	0.0103	0.00	0.0730	.	2	357	33924	46610
W1970	chr1	18873360	18873717	0.0103	0.00	0.0730	.	2	357	33924	46610
W1970	chr5	23736299	23736593	0.0083	0.00	0.0638	.	2	294	33996	46613
W1970	chr5	23736299	23736593	0.0083	0.00	0.0638	.	2	294	33996	46613
W1736	chr1	2485653	2549200	0.9913	0.00	1.1398	.	41	63547	1	70811
W1736	chr1	2693906	2692282	0.0454	0.00	0.1747	.	10	-1624	33525	49419
W1736	chr1	41100796	41104738	0.0195	0.00	0.1205	.	2	3942	7346	8727
W1736	chr1	41100796	41104738	0.0195	0.00	0.1205	.	2	3942	7346	8727
W1736	chr5	29346383	29346867	0.0138	0.00	0.0886	.	2	484	33814	46623
W1736	chr5	29346383	29346867	0.0138	0.00	0.0886	.	2	484	33814	46623
W1736	chr8	25158063	25158529	0.0131	0.00	0.0861	.	2	466	33832	46621
W1736	chr8	25158063	25158529	0.0131	0.00	0.0861	.	2	466	33832	46621
W1736	chr3	9758687	9759140	0.0128	0.00	0.0848	.	2	453	33832	46610
W1736	chr3	9758687	9759140	0.0128	0.00	0.0848	.	2	453	33832	46610
W1736	chr1	36747997	36748361	0.0112	0.00	0.0770	.	2	364	33877	46618
W1736	chr1	36747997	36748361	0.0112	0.00	0.0770	.	2	364	33877	46618
W1736	chr1	17934228	17934608	0.0109	0.00	0.0760	.	2	380	33901	46610
W1736	chr1	17934228	17934608	0.0109	0.00	0.0760	.	2	380	33901	46610
W1736	chr5	23461070	23461364	0.0083	0.00	0.0638	.	2	294	33996	46613
W1742	chr1	2707856	2778585	0.9936	0.00	1.1523	.	41	70729	1	70811
W1742	chr1	2945010	2892815	0.0442	0.00	0.1293	.	13	-52195	33518	49419
W1742	chr2	32278464	32596783	0.0252	0.00	0.1221	.	2	318319	7346	11381
W1742	chr2	28199523	28202583	0.0195	0.00	0.1205	.	2	3060	7346	8727
W1742	chr2	28199523	28202583	0.0195	0.00	0.1205	.	2	3060	7346	8727
