query	3	95.321	4253	2242	6474	40140694	40144918	0.0	6708
query	3	86.816	5666	88400	93932	40200730	40206290	0.0	6106
query	3	90.768	3856	9353	13091	40148156	40151922	0.0	4959
query	3	91.256	3511	47394	50881	40184820	40188310	0.0	4743
query	3	89.450	3583	25975	29460	40168826	40172316	0.0	4348
query	3	90.576	2727	81945	84627	40185727	40188440	0.0	3559
query	3	93.522	2161	13104	15242	40151974	40154117	0.0	3179
query	3	90.508	1791	66409	68184	40186523	40188310	0.0	2350
query	3	84.871	2439	16132	18424	40154302	40156690	0.0	2279
query	3	90.185	1569	41414	42937	40175548	40177066	0.0	1956
query	3	86.736	1719	64676	66384	40184820	40186531	0.0	1895
query	3	86.268	1624	65	1634	40138054	40139624	0.0	1664
query	3	88.388	1309	18191	19467	40156535	40157810	0.0	1515
query	3	94.701	887	8355	9230	40147281	40148164	0.0	1365
query	3	91.324	899	78811	79707	40184820	40185711	0.0	1219
query	3	90.040	743	24273	25003	40165883	40166624	0.0	950
query	3	95.000	580	43081	43660	40177079	40177658	0.0	911
query	3	92.248	645	46699	47338	40184177	40184815	0.0	904
query	3	93.277	595	7479	8065	40145830	40146420	0.0	867
query	3	89.403	670	74285	74945	40180598	40181263	0.0	832
query	3	84.553	861	6589	7427	40144916	40145721	0.0	782
query	3	80.815	1006	84782	85781	40756964	40756024	0.0	723
query	3	74.859	1591	32662	34234	17024991	17026560	0.0	686
query	3	78.063	1167	84649	85781	2117552	2118673	0.0	664
query	3	84.692	699	21980	22653	40163090	40163750	8.33e-180	640
query	3	74.931	1448	32658	34087	1689190	1687778	5.05e-172	614
query	3	79.188	985	84649	85620	40183154	40184074	1.82e-171	612
query	3	90.652	460	44176	44633	40179255	40179695	2.37e-165	592
query	3	77.157	1182	84649	85781	4757974	4759099	8.51e-165	590
query	3	81.534	769	84776	85540	40183348	40184073	8.51e-165	590
query	3	77.135	1159	84649	85781	33883316	33884403	1.42e-162	582
query	3	90.596	436	78320	78755	40184380	40184815	1.84e-161	579
query	3	89.381	452	40585	41035	40173019	40173452	4.02e-153	551
query	3	80.545	771	84776	85540	39318709	39319431	6.72e-151	544
query	3	76.379	1033	33211	34234	13860220	13859198	3.13e-149	538
query	3	77.620	983	85034	85990	40756961	40756024	5.23e-147	531
query	3	81.223	687	84858	85540	39640595	39639939	8.76e-145	523
query	3	76.670	1093	84649	85698	2246546	2247585	4.07e-143	518
query	3	78.033	915	84887	85781	6983238	6984108	4.07e-143	518
query	3	83.922	566	23726	24273	40165001	40165557	1.47e-142	516
query	3	77.497	951	84864	85794	660091	660989	3.17e-139	505
query	3	77.612	938	84864	85781	7964617	7965505	3.17e-139	505
query	3	77.672	945	84864	85781	6360589	6361476	1.48e-137	499
query	3	90.374	374	45829	46197	40182570	40182943	1.15e-133	486
query	3	77.629	894	85592	86445	40183301	40184170	4.13e-133	484
query	3	77.303	912	85109	85996	3311818	3310944	5.35e-132	481
query	3	79.679	748	84805	85536	6803272	6802574	1.92e-131	479
query	3	92.560	336	43651	43986	40177682	40178010	2.49e-130	475
query	3	76.142	1073	84652	85709	39318384	39319369	1.16e-128	470
query	3	89.323	384	1772	2144	40139767	40140145	4.16e-128	468
query	3	92.308	325	59537	59861	34375273	34375594	2.50e-125	459
query	3	85.747	435	64188	64621	40184380	40184813	2.50e-125	459
query	3	78.129	791	85016	85781	33052958	33052192	9.01e-125	457
query	3	75.470	1117	84718	85781	34636960	34635887	9.01e-125	457
query	3	79.104	737	84776	85508	3741433	3740751	3.24e-124	455
query	3	76.823	919	85105	85990	39318635	39319516	1.17e-123	453
query	3	76.638	916	85105	85990	2117791	2118673	5.42e-122	448
query	3	90.964	332	59544	59875	15427683	15427355	7.01e-121	444
query	3	91.385	325	59537	59861	10583119	10583439	2.52e-120	442
query	3	90.964	332	59537	59864	37425017	37424688	2.52e-120	442
query	3	91.358	324	59537	59860	6088256	6088576	9.07e-120	440
query	3	84.314	459	85993	86447	2118238	2118687	1.17e-118	436
query	3	75.731	1026	84772	85781	40387858	40386902	1.17e-118	436
query	3	91.049	324	59537	59860	12107477	12107157	4.22e-118	435
query	3	89.971	339	59537	59875	29214626	29214291	4.22e-118	435
query	3	75.810	1050	84776	85781	2153619	2152633	1.52e-117	433
query	3	92.079	303	59576	59877	2818330	2818630	9.14e-115	424
query	3	88.587	368	55976	56318	40177105	40177472	9.14e-115	424
query	3	89.150	341	59537	59877	34822957	34822621	3.29e-114	422
query	3	90.154	325	59537	59861	35203258	35203580	3.29e-114	422
query	3	97.189	249	29506	29754	40172553	40172801	3.29e-114	422
query	3	89.118	340	59537	59875	31434823	31434487	1.18e-113	420
query	3	90.566	318	59537	59854	22302656	22302968	1.53e-112	416
query	3	90.093	323	59539	59861	38164346	38164665	1.53e-112	416
query	3	89.602	327	59536	59861	26022942	26023265	1.98e-111	412
query	3	75.380	987	85034	85990	40387849	40386902	1.98e-111	412
query	3	89.783	323	59537	59859	22880107	22880425	7.11e-111	411
query	3	88.496	339	59537	59875	37188830	37189166	2.56e-110	409
query	3	75.245	1022	84776	85781	5313722	5314669	1.19e-108	403
query	3	89.024	328	59537	59864	12662993	12662670	1.19e-108	403
query	3	89.329	328	59537	59864	27791902	27792220	1.19e-108	403
query	3	77.937	698	84856	85540	33052951	33052277	1.19e-108	403
query	3	78.367	698	85034	85712	2153687	2153028	1.54e-107	399
query	3	89.231	325	59537	59859	3809878	3809559	1.54e-107	399
query	3	82.863	461	85993	86446	6983670	6984121	1.54e-107	399
query	3	88.720	328	59537	59864	37930097	37929775	1.99e-106	396
query	3	82.751	458	85993	86446	39319084	39319529	7.16e-106	394
query	3	75.320	1017	84776	85756	37507648	37506699	2.58e-105	392
query	3	88.580	324	59538	59861	12010131	12010450	9.27e-105	390
query	3	78.428	649	85141	85781	2503239	2503857	3.33e-104	388
query	3	75.964	882	84867	85709	39640849	39640001	3.33e-104	388
query	3	75.248	1010	84786	85780	5070205	5071125	4.31e-103	385
query	3	83.333	438	85035	85469	13033108	13032689	4.31e-103	385
query	3	82.468	462	85993	86445	7965072	7965517	5.58e-102	381
query	3	76.190	840	84864	85665	2117677	2118483	7.21e-101	377
query	3	76.020	809	85204	85990	2503072	2503857	7.21e-101	377
query	3	82.589	448	85993	86433	6361043	6361476	2.59e-100	375
query	3	77.174	736	84996	85709	6360631	6361329	9.33e-100	374
query	3	76.638	809	84996	85781	5394687	5395434	1.21e-98	370
query	3	78.723	611	85105	85699	35087134	35086549	1.21e-98	370
query	3	75.808	835	84867	85665	4443729	4442921	1.56e-97	366
query	3	78.798	599	85190	85781	39364080	39364646	1.56e-97	366
query	3	81.562	461	85993	86447	4758667	4759112	7.27e-96	361
query	3	82.143	448	85993	86433	660549	660976	2.61e-95	359
query	3	77.131	704	85025	85709	5394642	5395310	2.61e-95	359
query	3	87.859	313	59537	59840	735596	735905	9.40e-95	357
query	3	78.609	575	85137	85709	6983257	6983807	9.40e-95	357
query	3	75.714	840	85191	85990	33053002	33052192	9.40e-95	357
query	3	78.660	567	85148	85711	2117912	2118453	4.37e-93	351
query	3	76.970	660	85049	85699	2246804	2247435	2.63e-90	342
query	3	74.724	906	85571	86445	2503000	2503869	2.63e-90	342
query	3	93.450	229	52854	53082	25015724	25015952	9.47e-90	340
query	3	76.771	706	85091	85781	6803146	6802489	1.22e-88	337
query	3	79.487	507	85198	85699	278897	278416	1.58e-87	333
query	3	92.340	235	52844	53077	19406657	19406423	1.58e-87	333
query	3	87.762	286	45833	46117	40180861	40181146	1.58e-87	333
query	3	77.815	604	85141	85736	4444486	4443923	2.05e-86	329
query	3	80.349	458	85993	86445	34636317	34635875	2.05e-86	329
query	3	77.362	614	85105	85707	2246785	2247370	7.37e-86	327
query	3	84.412	340	59537	59875	12205865	12205532	7.37e-86	327
query	3	82.368	397	85993	86384	39640290	39639909	7.37e-86	327
query	3	93.213	221	52855	53075	16861243	16861461	9.53e-85	324
query	3	73.210	1243	84785	85965	37507865	37506699	9.53e-85	324
query	3	76.078	719	85035	85737	2116812	2117487	1.23e-83	320
query	3	77.087	611	85105	85704	4443618	4443034	4.43e-83	318
query	3	80.172	464	85997	86444	33883972	33884414	2.06e-81	313
query	3	83.976	337	56733	57058	31327062	31327394	2.67e-80	309
query	3	79.055	487	76740	77213	26565906	26565436	9.60e-80	307
query	3	77.397	584	85137	85709	2153655	2153106	3.45e-79	305
query	3	77.699	565	85137	85699	4758268	4758790	3.45e-79	305
query	3	76.846	596	77726	78301	36093252	36093833	3.45e-79	305
query	3	88.760	258	74285	74534	40182270	40182523	3.45e-79	305
query	3	81.360	397	86051	86445	2037065	2036689	1.24e-78	303
query	3	77.002	587	77710	78279	11521673	11521105	1.24e-78	303
query	3	77.055	584	77710	78273	39320111	39319543	1.24e-78	303
query	3	79.521	459	85993	86445	40387327	40386890	4.47e-78	302
query	3	84.950	299	86516	86812	29268787	29269083	1.61e-77	300
query	3	76.935	633	84776	85392	660322	660902	5.78e-77	298
query	3	79.303	459	85329	85781	2037137	2036701	2.08e-76	296
query	3	85.567	291	86030	86317	2118199	2118483	2.08e-76	296
query	3	82.044	362	85993	86350	2247233	2247585	2.08e-76	296
query	3	79.274	468	85990	86452	40756443	40756005	2.08e-76	296
query	3	90.222	225	52853	53077	10835474	10835698	7.47e-76	294
query	3	77.063	606	85105	85699	13033400	13032844	7.47e-76	294
query	3	86.447	273	86525	86795	18443480	18443211	7.47e-76	294
query	3	90.826	218	52855	53072	1732356	1732139	2.69e-75	292
query	3	90.498	221	52855	53075	5617232	5617452	2.69e-75	292
query	3	90.498	221	52855	53075	37089666	37089886	2.69e-75	292
query	3	85.223	291	86030	86317	2247194	2247478	9.67e-75	291
query	3	85.121	289	59559	59846	6289641	6289925	9.67e-75	291
query	3	80.500	400	85386	85781	13333177	13332791	9.67e-75	291
query	3	85.121	289	59559	59846	34369046	34369330	9.67e-75	291
query	3	76.617	603	85329	85908	2246782	2247360	3.48e-74	289
query	3	85.211	284	86524	86805	14545900	14546182	3.48e-74	289
query	3	86.692	263	86524	86784	23150967	23150707	3.48e-74	289
query	3	79.767	430	86032	86446	2214297	2214714	1.25e-73	287
query	3	85.211	284	86524	86805	32760964	32760684	1.25e-73	287
query	3	85.870	276	86512	86784	33415930	33416200	1.25e-73	287
query	3	76.087	690	85049	85709	39183276	39183914	1.25e-73	287
query	3	73.537	786	33392	34169	1118311	1119088	4.50e-73	285
query	3	82.738	336	45507	45833	34541164	34541492	4.50e-73	285
query	3	80.679	383	85975	86351	39318622	39318997	4.50e-73	285
query	3	90.455	220	20201	20419	40157958	40158172	4.50e-73	285
query	3	75.980	612	77714	78313	3149823	3150411	1.62e-72	283
query	3	84.228	298	86514	86805	15191806	15191510	1.62e-72	283
query	3	90.278	216	52860	53075	17002199	17002414	1.62e-72	283
query	3	82.866	321	59556	59875	37482915	37483230	1.62e-72	283
query	3	73.888	854	84880	85712	40387919	40387109	1.62e-72	283
query	3	76.206	601	85335	85918	3311819	3311242	5.82e-72	281
query	3	80.697	373	85975	86344	6983206	6983571	5.82e-72	281
query	3	84.536	291	86516	86804	13838786	13838501	5.82e-72	281
query	3	74.449	681	33482	34155	33268580	33267907	5.82e-72	281
query	3	84.247	292	59559	59849	3185128	3184841	2.09e-71	279
query	3	78.681	455	85997	86445	3523263	3523698	2.09e-71	279
query	3	73.410	786	33392	34169	6880770	6881547	2.09e-71	279
query	3	84.244	311	59537	59843	14625441	14625152	2.09e-71	279
query	3	85.305	279	73796	74072	27316158	27316428	2.09e-71	279
query	3	73.008	841	33392	34223	29429888	29429057	2.09e-71	279
query	3	85.932	263	86524	86784	2135167	2134907	7.53e-71	278
query	3	80.098	407	85000	85392	6361004	6361396	7.53e-71	278
query	3	82.196	337	19518	19850	19613762	19613436	7.53e-71	278
query	3	82.555	321	59555	59874	28873965	28874280	7.53e-71	278
query	3	84.138	290	86525	86812	29642616	29642328	7.53e-71	278
query	3	83.228	316	86471	86775	34032513	34032826	7.53e-71	278
query	3	75.138	724	84752	85464	5447582	5446918	2.71e-70	276
query	3	85.000	280	86516	86794	7510745	7510475	2.71e-70	276
query	3	86.800	250	86524	86771	38543334	38543581	2.71e-70	276
query	3	85.978	271	45250	45507	40180598	40180865	2.71e-70	276
query	3	85.768	267	75070	75334	40181390	40181651	2.71e-70	276
query	3	83.612	299	86055	86351	40756977	40756683	2.71e-70	276
query	3	86.220	254	86524	86776	34369078	34369330	9.74e-70	274
query	3	81.586	353	86002	86351	2247101	2247435	3.50e-69	272
query	3	85.496	262	86516	86776	6289665	6289925	3.50e-69	272
query	3	88.312	231	73845	74072	16035067	16034840	3.50e-69	272
query	3	85.551	263	86516	86776	38055074	38054814	3.50e-69	272
query	3	90.278	216	45250	45458	40182270	40182480	3.50e-69	272
query	3	91.414	198	59667	59864	17210992	17210796	1.26e-68	270
query	3	82.958	311	86477	86776	3185152	3184844	4.53e-68	268
query	3	76.367	567	85221	85785	10959122	10958593	4.53e-68	268
query	3	73.901	705	33473	34171	17944844	17945539	4.53e-68	268
query	3	84.229	279	59568	59845	34032551	34032826	4.53e-68	268
query	3	85.827	254	86524	86776	39521923	39521671	4.53e-68	268
query	3	81.982	333	45508	45833	4014044	4014366	1.63e-67	267
query	3	79.703	404	85000	85389	7965033	7965423	1.63e-67	267
query	3	85.827	254	86524	86775	28874001	28874252	1.63e-67	267
query	3	82.484	314	19521	19833	34840181	34839876	1.63e-67	267
query	3	81.791	335	86474	86805	35166211	35166533	1.63e-67	267
query	3	81.602	337	19509	19839	35743857	35743529	1.63e-67	267
query	3	80.315	381	85993	86364	2153392	2153028	5.86e-67	265
query	3	83.803	284	86523	86804	3208618	3208338	5.86e-67	265
query	3	75.614	611	77714	78309	4515871	4515287	5.86e-67	265
query	3	85.214	257	86516	86771	21239965	21239709	2.11e-66	263
query	3	85.547	256	86554	86805	29300895	29300641	2.11e-66	263
query	3	84.791	263	86524	86784	14239613	14239873	7.58e-66	261
query	3	85.433	254	86524	86775	14589808	14590059	7.58e-66	261
query	3	82.886	298	86516	86810	26788111	26787818	7.58e-66	261
query	3	85.057	261	86524	86781	31298271	31298529	7.58e-66	261
query	3	81.121	339	56720	57049	9206055	9205721	2.73e-65	259
query	3	84.733	262	86525	86784	11986616	11986357	2.73e-65	259
query	3	82.201	309	86480	86784	38193628	38193932	2.73e-65	259
query	3	75.748	602	85329	85908	39183254	39183829	2.73e-65	259
query	3	79.156	403	85000	85389	2247194	2247585	9.81e-65	257
query	3	78.959	442	85374	85781	38580499	38580926	9.81e-65	257
query	3	86.864	236	73845	74076	39893346	39893577	9.81e-65	257
query	3	74.961	643	85804	86433	6803100	6802489	3.53e-64	255
query	3	87.013	231	73845	74072	30547957	30547730	3.53e-64	255
query	3	87.069	232	73845	74072	39888829	39889056	3.53e-64	255
query	3	84.015	269	86525	86790	7549918	7550183	1.27e-63	254
query	3	85.317	252	71295	71544	10404408	10404162	1.27e-63	254
query	3	84.706	255	86524	86777	36782113	36782366	1.27e-63	254
query	3	74.713	696	85243	85908	2246773	2247435	4.56e-63	252
query	3	82.877	292	85990	86276	5070760	5071045	4.56e-63	252
query	3	83.453	278	73790	74065	18501654	18501926	4.56e-63	252
query	3	85.950	242	56804	57037	20339624	20339865	4.56e-63	252
query	3	87.611	226	52853	53078	39585652	39585439	4.56e-63	252
query	3	83.158	285	19518	19799	15723905	15724181	1.64e-62	250
query	3	81.105	344	45504	45838	34545597	34545922	1.64e-62	250
query	3	80.112	357	85997	86351	278754	278416	5.90e-62	248
query	3	86.667	225	85559	85781	2236474	2236698	5.90e-62	248
query	3	83.835	266	86521	86784	31484317	31484579	5.90e-62	248
query	3	78.765	405	85000	85390	39640329	39639936	5.90e-62	248
query	3	82.699	289	76740	77020	36871803	36872088	2.12e-61	246
query	3	78.676	408	85000	85390	6983631	6984026	7.63e-61	244
query	3	74.750	701	85093	85781	14135709	14136345	7.63e-61	244
query	3	82.653	294	86514	86805	30299602	30299325	7.63e-61	244
query	3	76.552	580	62912	63436	40182580	40183135	7.63e-61	244
query	3	78.519	405	85000	85390	2118199	2118591	2.75e-60	243
query	3	78.082	438	85276	85704	5447828	5447419	2.75e-60	243
query	3	84.190	253	86524	86774	20793352	20793102	2.75e-60	243
query	3	84.400	250	86529	86776	30158757	30159005	2.75e-60	243
query	3	82.594	293	85990	86276	37507038	37506757	2.75e-60	243
query	3	87.324	213	85781	85990	7965294	7965505	9.88e-60	241
query	3	75.405	618	84779	85376	33883749	33884322	9.88e-60	241
query	3	77.990	418	85295	85710	278875	278481	3.55e-59	239
query	3	83.270	263	86524	86784	12205812	12205552	3.55e-59	239
query	3	85.778	225	52852	53076	12972542	12972318	3.55e-59	239
query	3	84.874	238	86514	86750	14651011	14651247	3.55e-59	239
query	3	81.605	299	86516	86804	4316443	4316740	1.28e-58	237
query	3	77.602	442	85570	85990	2037127	2036701	4.59e-58	235
query	3	82.168	286	73796	74072	10947573	10947291	4.59e-58	235
query	3	72.024	840	33392	34223	13873089	13872258	4.59e-58	235
query	3	82.955	264	86524	86784	2394552	2394291	1.65e-57	233
query	3	93.168	161	72717	72875	40176504	40176662	1.65e-57	233
query	3	75.986	583	84824	85390	40756631	40756106	1.65e-57	233
query	3	90.341	176	52896	53071	629416	629591	5.94e-57	231
query	3	85.333	225	52853	53077	2283725	2283948	5.94e-57	231
query	3	81.271	299	86056	86351	4443549	4443259	5.94e-57	231
query	3	83.936	249	71295	71542	20951728	20951486	5.94e-57	231
query	3	88.889	189	52887	53075	32253315	32253129	5.94e-57	231
query	3	83.333	258	59559	59815	32280325	32280576	5.94e-57	231
query	3	86.161	224	52855	53078	35736997	35736785	5.94e-57	231
query	3	83.333	252	71295	71546	1286721	1286473	2.14e-56	230
query	3	81.786	280	86516	86793	4828246	4827971	2.14e-56	230
query	3	89.888	178	45504	45681	2058420	2058244	7.69e-56	228
query	3	83.333	252	86524	86773	3849327	3849575	7.69e-56	228
query	3	81.786	280	85997	86273	5314311	5314586	7.69e-56	228
query	3	79.701	335	19519	19847	9135418	9135095	2.77e-55	226
query	3	83.721	258	75401	75643	11976040	11975787	2.77e-55	226
query	3	84.848	231	86524	86750	31600601	31600827	2.77e-55	226
query	3	81.017	295	86514	86803	35061540	35061830	2.77e-55	226
query	3	83.396	265	20445	20693	40158245	40158503	2.77e-55	226
query	3	82.745	255	86514	86767	17057835	17057584	9.95e-55	224
query	3	83.398	259	75400	75643	36424914	36425169	9.95e-55	224
query	3	88.360	189	86089	86275	38580665	38580852	9.95e-55	224
query	3	83.270	263	75400	75646	38979181	38979439	9.95e-55	224
query	3	82.745	255	71292	71546	2196130	2196378	3.58e-54	222
query	3	89.326	178	45504	45681	4018447	4018623	3.58e-54	222
query	3	88.587	184	85808	85990	5314487	5314669	3.58e-54	222
query	3	86.765	204	73872	74072	23051895	23051694	3.58e-54	222
query	3	81.206	282	86524	86804	31959055	31959332	3.58e-54	222
query	3	83.142	261	75400	75648	40244519	40244265	3.58e-54	222
query	3	88.889	180	45503	45681	2062881	2062703	1.29e-53	220
query	3	90.058	171	8194	8364	40146736	40146904	1.29e-53	220
query	3	85.446	213	85781	85990	6361264	6361476	4.63e-53	219
query	3	85.990	207	85788	85990	6983902	6984108	4.63e-53	219
query	3	83.012	259	75400	75643	14261694	14261949	4.63e-53	219
query	3	84.141	227	86525	86750	30400710	30400935	4.63e-53	219
query	3	87.047	193	85823	86014	278228	278036	1.66e-52	217
query	3	88.043	184	85808	85990	2236515	2236698	1.66e-52	217
query	3	83.983	231	73845	74073	27553183	27553409	1.66e-52	217
query	3	79.331	329	86024	86349	38358189	38357874	1.66e-52	217
query	3	77.444	399	85000	85385	4758628	4759013	5.99e-52	215
query	3	76.212	433	77278	77701	8709580	8710005	5.99e-52	215
query	3	81.100	291	76738	77020	29233692	29233970	5.99e-52	215
query	3	83.761	234	86516	86746	32280349	32280578	5.99e-52	215
query	3	83.983	231	85776	86003	660765	660989	2.15e-51	213
query	3	82.692	260	75400	75643	4439595	4439851	2.15e-51	213
query	3	79.167	336	86018	86351	4758260	4758575	2.15e-51	213
query	3	89.349	169	71296	71464	10825183	10825351	2.15e-51	213
query	3	81.890	254	86523	86775	14540552	14540804	2.15e-51	213
query	3	80.769	286	86068	86347	33184812	33185092	2.15e-51	213
query	3	79.331	329	45508	45833	40056562	40056873	2.15e-51	213
query	3	72.406	935	84785	85703	2116523	2117379	7.74e-51	211
query	3	80.952	273	86516	86785	22302701	22302970	7.74e-51	211
query	3	88.268	179	45508	45685	30450751	30450575	7.74e-51	211
query	3	82.197	264	75401	75652	38948953	38948695	7.74e-51	211
query	3	82.129	263	75400	75648	522043	521784	2.78e-50	209
query	3	88.043	184	85808	85990	38580751	38580926	2.78e-50	209
query	3	74.579	594	85424	85990	39364082	39364646	2.78e-50	209
query	3	82.041	245	86520	86762	27791951	27792193	3.60e-49	206
query	3	92.361	144	1633	1776	40139584	40139727	3.60e-49	206
query	3	76.962	395	77712	78094	11279065	11279448	1.30e-48	204
query	3	82.895	228	52848	53074	15032573	15032800	1.30e-48	204
query	3	92.414	145	59537	59681	18617843	18617984	1.30e-48	204
query	3	82.700	237	19575	19808	20165799	20166030	1.30e-48	204
query	3	73.826	703	85099	85766	11975360	11976013	4.66e-48	202
query	3	82.143	252	75406	75643	14108378	14108129	4.66e-48	202
query	3	83.486	218	85776	85990	2152849	2152633	1.68e-47	200
query	3	74.183	612	85329	85918	4758227	4758801	1.68e-47	200
query	3	88.166	169	85824	85990	13332959	13332791	1.68e-47	200
query	3	82.283	254	75401	75636	38600432	38600682	1.68e-47	200
query	3	81.343	268	75400	75648	4517045	4516781	6.03e-47	198
query	3	89.241	158	52885	53042	10250174	10250017	6.03e-47	198
query	3	80.451	266	59584	59849	35166246	35166506	6.03e-47	198
query	3	77.657	367	85035	85392	3523260	3523605	2.17e-46	196
query	3	75.676	481	85990	86461	3740922	3740480	2.17e-46	196
query	3	72.569	864	84875	85709	4444824	4444025	2.17e-46	196
query	3	84.286	210	45507	45713	12896127	12895925	2.17e-46	196
query	3	81.673	251	75402	75637	7518801	7518551	7.80e-46	195
query	3	74.286	560	85451	85994	10959122	10958593	7.80e-46	195
query	3	86.517	178	52876	53052	21290595	21290772	7.80e-46	195
query	3	81.467	259	75400	75643	23517121	23516867	7.80e-46	195
query	3	76.244	442	85317	85736	8346385	8346803	2.80e-45	193
query	3	85.561	187	86165	86349	40183298	40183482	2.80e-45	193
query	3	80.556	252	71292	71542	29818814	29819063	1.01e-44	191
query	3	82.051	234	73845	74073	191692	191917	1.30e-43	187
query	3	85.326	184	19533	19716	2090271	2090091	1.30e-43	187
query	3	80.916	262	75400	75643	3053864	3053606	1.30e-43	187
query	3	81.423	253	75401	75636	9509472	9509225	1.30e-43	187
query	3	77.745	337	19509	19839	424286	424604	4.69e-43	185
query	3	80.952	252	75400	75636	34114521	34114772	4.69e-43	185
query	3	72.492	618	33475	34086	32444521	32445127	1.69e-42	183
query	3	80.534	262	75402	75648	38440496	38440239	1.69e-42	183
query	3	83.010	206	85788	85990	34636089	34635887	6.07e-42	182
query	3	86.310	168	85824	85990	4758934	4759099	2.18e-41	180
query	3	80.972	247	75400	75630	8478329	8478085	2.18e-41	180
query	3	76.077	418	84821	85231	39364174	39364557	2.18e-41	180
query	3	96.330	109	56321	56429	40177537	40177645	2.18e-41	180
query	3	94.118	119	53602	53719	2737657	2737772	7.85e-41	178
query	3	81.545	233	75431	75648	3580198	3580427	2.82e-40	176
query	3	76.471	391	86068	86445	8477963	8478327	2.82e-40	176
query	3	81.905	210	55123	55332	10063373	10063166	2.82e-40	176
query	3	75.638	431	85323	85733	26563448	26563856	2.82e-40	176
query	3	80.519	231	55346	55574	10063154	10063382	1.02e-39	174
query	3	87.742	155	75499	75652	13296898	13296751	1.02e-39	174
query	3	80.408	245	84996	85231	3210912	3211150	3.65e-39	172
query	3	91.935	124	85823	85945	4444045	4443923	3.65e-39	172
query	3	75.056	445	85323	85755	36417447	36417028	3.65e-39	172
query	3	75.573	393	86060	86445	36496017	36495642	3.65e-39	172
query	3	79.623	265	75400	75648	9338189	9338447	1.31e-38	171
query	3	72.204	608	33392	33990	10002070	10002668	1.31e-38	171
query	3	81.304	230	75429	75643	24207537	24207310	1.31e-38	171
query	3	75.644	427	85323	85734	36417860	36417465	1.31e-38	171
query	3	92.500	120	53601	53719	28994051	28993934	4.73e-38	169
query	3	79.762	252	75400	75635	37497529	37497278	4.73e-38	169
query	3	94.495	109	45507	45615	38390941	38390833	4.73e-38	169
query	3	73.399	609	85329	85919	279042	278481	1.70e-37	167
query	3	84.000	175	85804	85977	11079711	11079538	1.70e-37	167
query	3	77.778	315	19518	19812	14472518	14472213	1.70e-37	167
query	3	79.377	257	75400	75643	38801444	38801191	1.70e-37	167
query	3	78.884	251	71292	71541	1285627	1285873	6.11e-37	165
query	3	79.767	257	75402	75636	10440246	10439992	6.11e-37	165
query	3	87.075	147	77085	77230	36496219	36496365	6.11e-37	165
query	3	80.357	224	73845	74066	37148621	37148841	6.11e-37	165
query	3	93.103	116	73067	73182	40179585	40179695	6.11e-37	165
query	3	78.623	276	85414	85684	39047845	39048103	2.20e-36	163
query	3	85.806	155	85781	85932	278395	278241	7.91e-36	161
query	3	80.631	222	86137	86351	2037137	2036920	7.91e-36	161
query	3	87.857	140	85808	85946	2117350	2117487	7.91e-36	161
query	3	81.726	197	86537	86731	5852743	5852937	7.91e-36	161
query	3	85.093	161	85830	85990	6802645	6802489	7.91e-36	161
query	3	78.346	254	71291	71542	10403388	10403639	7.91e-36	161
query	3	81.690	213	85781	85990	33884206	33884403	7.91e-36	161
query	3	78.195	266	86125	86386	36496028	36495769	7.91e-36	161
query	3	77.441	297	85416	85703	5070687	5070972	2.84e-35	159
query	3	92.035	113	85878	85990	5395322	5395434	2.84e-35	159
query	3	73.137	577	84834	85392	11080148	11079605	2.84e-35	159
query	3	80.841	214	76740	76948	36496272	36496481	2.84e-35	159
query	3	79.200	250	75401	75635	39193895	39193647	2.84e-35	159
query	3	84.706	170	85824	85990	3740664	3740506	1.02e-34	158
query	3	90.323	124	55567	55689	40176944	40177062	1.02e-34	158
query	3	78.161	261	71291	71546	7897637	7897891	3.68e-34	156
query	3	90.164	122	53600	53719	15539953	15539833	3.68e-34	156
query	3	87.500	136	71407	71542	33528121	33528254	3.68e-34	156
query	3	89.431	123	58705	58826	81807	81929	1.32e-33	154
query	3	79.184	245	75418	75648	3423383	3423142	1.32e-33	154
query	3	78.125	256	71295	71542	8489296	8489042	1.32e-33	154
query	3	82.659	173	52902	53074	18334803	18334975	1.32e-33	154
query	3	91.304	115	40061	40172	40172805	40172918	1.32e-33	154
query	3	83.523	176	76744	76910	4631342	4631171	4.76e-33	152
query	3	81.183	186	52896	53081	19853007	19852822	1.71e-32	150
query	3	77.692	260	71291	71542	29820448	29820190	1.71e-32	150
query	3	89.256	121	60040	60159	35492874	35492993	1.71e-32	150
query	3	86.429	140	75499	75636	36417811	36417949	1.71e-32	150
query	3	76.380	326	86131	86445	5484666	5484360	6.16e-32	148
query	3	86.765	136	75499	75632	26563497	26563364	6.16e-32	148
query	3	77.734	256	71295	71542	33529190	33528936	6.16e-32	148
query	3	79.717	212	85990	86198	278471	278265	2.21e-31	147
query	3	85.034	147	75498	75643	8478068	8477925	2.21e-31	147
query	3	80.203	197	71295	71490	30324616	30324421	2.21e-31	147
query	3	79.717	212	85990	86199	11079810	11079606	7.97e-31	145
query	3	85.714	140	75499	75636	11975619	11975481	7.97e-31	145
query	3	90.265	113	53608	53719	39186404	39186294	7.97e-31	145
query	3	94.624	93	46412	46504	40183043	40183135	7.97e-31	145
query	3	84.828	145	86134	86276	2236474	2236617	2.86e-30	143
query	3	81.421	183	86266	86448	37258651	37258476	2.86e-30	143
query	3	79.111	225	75400	75611	12358898	12359119	1.03e-29	141
query	3	77.903	267	75400	75652	12499047	12499299	1.03e-29	141
query	3	89.286	112	85832	85943	38455581	38455692	1.03e-29	141
query	3	78.166	229	71296	71521	5146547	5146323	3.71e-29	139
query	3	80.500	200	75404	75588	11280093	11280291	3.71e-29	139
query	3	79.327	208	55127	55331	32919317	32919114	3.71e-29	139
query	3	89.286	112	85626	85737	39158662	39158771	3.71e-29	139
query	3	77.519	258	75407	75648	12073403	12073150	1.33e-28	137
query	3	84.722	144	75500	75636	13488513	13488656	1.33e-28	137
query	3	82.143	168	85823	85990	37258651	37258491	1.33e-28	137
query	3	89.189	111	85836	85946	39158662	39158771	1.33e-28	137
query	3	84.028	144	85781	85921	2153170	2153028	4.79e-28	135
query	3	79.279	222	75443	75648	8346818	8346602	4.79e-28	135
query	3	73.211	545	85021	85533	8477714	8478223	4.79e-28	135
query	3	76.689	296	85989	86275	8477960	8478233	4.79e-28	135
query	3	75.301	332	85297	85625	10959122	10958814	4.79e-28	135
query	3	81.319	182	75409	75577	14299328	14299148	4.79e-28	135
query	3	78.696	230	44629	44844	40179725	40179947	1.72e-27	134
query	3	88.393	112	86242	86351	40183298	40183409	1.72e-27	134
query	3	75.385	325	86132	86445	39158518	39158825	6.20e-27	132
query	3	74.687	399	85160	85533	8346385	8346757	2.23e-26	130
query	3	85.271	129	75505	75632	11167861	11167987	2.23e-26	130
query	3	85.714	133	85607	85737	11596924	11596802	2.23e-26	130
query	3	82.667	150	75499	75648	36495973	36496119	2.23e-26	130
query	3	88.182	110	85839	85946	10258239	10258346	8.02e-26	128
query	3	85.606	132	85817	85946	11596924	11596802	8.02e-26	128
query	3	81.437	167	86106	86267	38580499	38580660	8.02e-26	128
query	3	95.062	81	25047	25127	40166635	40166715	8.02e-26	128
query	3	77.824	239	85160	85390	40175118	40175342	8.02e-26	128
query	3	82.781	151	75499	75648	40175324	40175181	8.02e-26	128
query	3	78.140	215	85492	85699	33184815	33185022	1.04e-24	124
query	3	80.319	188	75459	75631	38455693	38455510	1.04e-24	124
query	3	86.726	113	85835	85946	11224038	11223929	3.73e-24	122
query	3	86.842	114	85625	85737	11224038	11223929	3.73e-24	122
query	3	83.099	142	85770	85908	278550	278416	1.34e-23	121
query	3	87.156	109	85801	85908	2118334	2118440	1.34e-23	121
query	3	87.736	106	75402	75505	2121258	2121154	1.34e-23	121
query	3	80.606	165	86285	86446	11224032	11223873	1.34e-23	121
query	3	87.156	109	86282	86389	11596908	11596802	1.34e-23	121
query	3	77.253	233	75417	75633	14296847	14296616	1.34e-23	121
query	3	83.333	138	75499	75634	36417101	36417233	1.34e-23	121
query	3	73.502	317	33854	34169	22068458	22068773	4.83e-23	119
query	3	88.119	101	84889	84989	36642484	36642385	4.83e-23	119
query	3	82.482	137	85989	86124	660769	660902	1.74e-22	117
query	3	77.215	237	86051	86275	8346542	8346767	1.74e-22	117
query	3	74.138	406	85019	85390	34114999	34114616	1.74e-22	117
query	3	75.248	303	86071	86366	36417912	36417634	6.25e-22	115
query	3	93.506	77	45504	45580	38390762	38390838	6.25e-22	115
query	3	77.103	214	85179	85390	2214418	2214621	2.25e-21	113
query	3	82.812	128	75506	75632	8532858	8532732	2.25e-21	113
query	3	81.208	149	85551	85699	13333169	13333028	2.25e-21	113
query	3	76.446	242	85157	85390	38455429	38455657	8.08e-21	111
query	3	83.333	132	86069	86198	38979399	38979277	8.08e-21	111
query	3	85.849	106	85801	85906	40183378	40183482	8.08e-21	111
query	3	81.295	139	75499	75636	5484617	5484753	2.91e-20	110
query	3	81.618	136	85990	86124	6361264	6361396	2.91e-20	110
query	3	82.308	130	85990	86118	7965294	7965420	2.91e-20	110
query	3	74.757	309	86068	86363	11975515	11975805	2.91e-20	110
query	3	76.712	219	85319	85533	14371790	14371999	2.91e-20	110
query	3	74.020	408	85019	85390	40244046	40244428	2.91e-20	110
query	3	77.169	219	85323	85533	5484666	5484462	1.05e-19	108
query	3	72.912	443	85317	85737	8532810	8533225	1.05e-19	108
query	3	82.576	132	86068	86198	14108167	14108289	1.05e-19	108
query	3	82.707	133	86068	86198	34114739	34114616	1.05e-19	108
query	3	76.250	240	85159	85390	36417308	36417083	1.05e-19	108
query	3	76.018	221	85317	85533	36496028	36495812	1.05e-19	108
query	3	82.308	130	85563	85691	38580536	38580660	1.05e-19	108
query	3	84.348	115	85592	85703	38580668	38580780	1.05e-19	108
query	3	75.983	229	86051	86275	14371790	14372009	3.76e-19	106
query	3	93.151	73	74000	74072	31798878	31798807	3.76e-19	106
query	3	87.912	91	86171	86261	36642475	36642386	3.76e-19	106
query	3	82.576	132	86068	86198	40244307	40244428	3.76e-19	106
query	3	78.212	179	85141	85316	3523436	3523605	1.35e-18	104
query	3	76.316	228	86055	86275	5484666	5484452	1.35e-18	104
query	3	82.645	121	85997	86116	6983902	6984020	1.35e-18	104
query	3	75.000	304	85099	85390	8477957	8478233	1.35e-18	104
query	3	79.290	169	75400	75553	40032415	40032247	1.35e-18	104
query	3	92.958	71	86638	86708	40590693	40590623	1.35e-18	104
query	3	81.955	133	86068	86198	4439813	4439690	4.86e-18	102
query	3	81.955	133	86068	86198	8478111	8478233	4.86e-18	102
query	3	82.906	117	84877	84989	9251901	9252017	4.86e-18	102
query	3	81.955	133	86068	86198	11975825	11975947	4.86e-18	102
query	3	81.818	132	86068	86198	14261911	14261789	4.86e-18	102
query	3	76.371	237	85167	85390	24207249	24207471	4.86e-18	102
query	3	81.955	133	86068	86198	24207348	24207471	4.86e-18	102
query	3	80.741	135	85989	86122	39640067	39639936	4.86e-18	102
query	3	81.818	132	86068	86198	40175219	40175342	4.86e-18	102
query	3	80.741	135	85993	86124	3523474	3523605	1.75e-17	100
query	3	83.784	111	85570	85678	10069194	10069301	1.75e-17	100
query	3	81.343	134	85263	85390	11280315	11280185	1.75e-17	100
query	3	75.966	233	86055	86275	11975570	11975793	1.75e-17	100
query	3	81.250	128	85997	86122	2214498	2214621	6.29e-17	99.0
query	3	76.050	238	85167	85390	3053545	3053768	6.29e-17	99.0
query	3	81.343	134	86068	86198	3053644	3053768	6.29e-17	99.0
query	3	81.061	132	86068	86198	7518585	7518709	6.29e-17	99.0
query	3	75.104	241	86131	86366	36417447	36417218	6.29e-17	99.0
query	3	81.343	134	86068	86198	38455533	38455657	6.29e-17	99.0
query	3	91.549	71	59791	59861	39682902	39682832	6.29e-17	99.0
query	3	75.949	237	85167	85390	4439912	4439690	2.26e-16	97.1
query	3	75.820	244	85160	85390	8346540	8346767	2.26e-16	97.1
query	3	81.203	133	86068	86198	8346645	8346767	2.26e-16	97.1
query	3	75.847	236	85167	85390	11975726	11975947	2.26e-16	97.1
query	3	82.609	115	77710	77821	12073850	12073739	2.26e-16	97.1
query	3	75.847	236	85167	85390	38979498	38979277	2.26e-16	97.1
query	3	76.256	219	85182	85390	14296563	14296768	8.14e-16	95.3
query	3	90.541	74	74000	74072	39817493	39817564	8.14e-16	95.3
query	3	89.333	75	86125	86198	3580335	3580262	2.93e-15	93.5
query	3	89.474	76	86125	86198	9338355	9338281	2.93e-15	93.5
query	3	78.621	145	19633	19776	9647165	9647306	2.93e-15	93.5
query	3	79.412	136	85990	86124	11079738	11079605	2.93e-15	93.5
query	3	89.333	75	86125	86198	11280258	11280185	2.93e-15	93.5
query	3	89.333	75	86125	86198	13296843	13296916	2.93e-15	93.5
query	3	73.986	296	86068	86351	26563393	26563671	2.93e-15	93.5
query	3	77.143	175	86645	86814	35125446	35125616	2.93e-15	93.5
query	3	89.189	74	86125	86198	37497362	37497435	2.93e-15	93.5
query	3	75.510	245	85160	85390	3579470	3579243	1.05e-14	91.6
query	3	80.451	133	86068	86198	3579365	3579243	1.05e-14	91.6
query	3	74.110	309	86071	86363	3579669	3579384	1.05e-14	91.6
query	3	83.654	104	85818	85920	3579634	3579538	1.05e-14	91.6
query	3	80.451	133	86068	86198	4516824	4516947	1.05e-14	91.6
query	3	76.757	185	85493	85671	5078784	5078961	1.05e-14	91.6
query	3	75.688	218	86055	86261	8532816	8533024	1.05e-14	91.6
query	3	85.556	90	75499	75586	17917495	17917408	1.05e-14	91.6
query	3	80.833	120	85990	86108	33884206	33884322	1.05e-14	91.6
query	3	91.176	68	86132	86198	38600592	38600526	1.05e-14	91.6
query	3	92.188	64	85317	85380	38801277	38801340	1.05e-14	91.6
query	3	92.308	65	86125	86188	38801277	38801340	1.05e-14	91.6
query	3	80.303	132	86068	86198	38948740	38948863	1.05e-14	91.6
query	3	80.469	128	85997	86122	40756228	40756106	1.05e-14	91.6
query	3	81.148	122	86068	86188	521826	521939	3.79e-14	89.8
query	3	74.400	250	86125	86363	8532810	8533050	3.79e-14	89.8
query	3	89.041	73	86127	86198	14299172	14299243	3.79e-14	89.8
query	3	75.330	227	86055	86275	36417860	36417649	3.79e-14	89.8
query	3	96.226	53	86136	86188	1926529	1926477	1.36e-13	87.9
query	3	87.838	74	85317	85390	3580335	3580262	1.36e-13	87.9
query	3	83.000	100	77085	77182	18881496	18881593	1.36e-13	87.9
query	3	85.057	87	63890	63974	30285284	30285370	1.36e-13	87.9
query	3	86.420	81	86044	86122	38455577	38455657	1.36e-13	87.9
query	3	88.889	72	86043	86112	38801269	38801340	1.36e-13	87.9
query	3	86.842	76	75499	75574	1926485	1926560	4.90e-13	86.1
query	3	79.070	129	85991	86118	2247457	2247582	4.90e-13	86.1
query	3	80.833	120	86071	86188	9509259	9509370	4.90e-13	86.1
query	3	80.000	125	86002	86122	11280306	11280185	4.90e-13	86.1
query	3	89.552	67	86056	86122	11975881	11975947	4.90e-13	86.1
query	3	79.545	132	85260	85390	14108167	14108289	4.90e-13	86.1
query	3	79.545	132	85260	85390	14261911	14261789	4.90e-13	86.1
query	3	94.643	56	74017	74072	31798877	31798931	4.90e-13	86.1
query	3	75.115	217	86055	86265	36417447	36417243	4.90e-13	86.1
query	3	89.706	68	86132	86198	38440339	38440405	4.90e-13	86.1
query	3	79.545	132	85260	85390	38948740	38948863	4.90e-13	86.1
query	3	79.412	136	85999	86122	40175207	40175342	4.90e-13	86.1
query	3	94.643	56	41106	41161	40175496	40175550	4.90e-13	86.1
query	3	89.706	68	85324	85390	3423242	3423307	1.76e-12	84.2
query	3	87.671	73	86051	86122	3579314	3579243	1.76e-12	84.2
query	3	87.500	72	86051	86122	3580333	3580262	1.76e-12	84.2
query	3	83.908	87	76738	76824	4410565	4410651	1.76e-12	84.2
query	3	75.330	227	85167	85380	4516725	4516937	1.76e-12	84.2
query	3	84.615	91	86032	86122	8346684	8346767	1.76e-12	84.2
query	3	85.366	82	86043	86122	8478152	8478233	1.76e-12	84.2
query	3	87.838	74	86125	86196	10258236	10258307	1.76e-12	84.2
query	3	89.706	68	86132	86198	10440083	10440148	1.76e-12	84.2
query	3	76.382	199	76740	76927	10859103	10859287	1.76e-12	84.2
query	3	85.366	82	86043	86122	14299162	14299243	1.76e-12	84.2
query	3	87.500	72	85319	85390	14299172	14299243	1.76e-12	84.2
query	3	74.561	228	85247	85468	14371794	14372009	1.76e-12	84.2
query	3	74.678	233	86055	86275	26563448	26563671	1.76e-12	84.2
query	3	94.340	53	86060	86112	1926529	1926477	6.33e-12	82.4
query	3	94.340	53	85328	85380	1926529	1926477	6.33e-12	82.4
query	3	78.906	128	85990	86116	4758890	4759012	6.33e-12	82.4
query	3	86.842	76	85317	85390	7518635	7518709	6.33e-12	82.4
query	3	87.500	72	86052	86122	7518639	7518709	6.33e-12	82.4
query	3	88.406	69	77396	77463	8709509	8709577	6.33e-12	82.4
query	3	86.842	76	85317	85390	9338355	9338281	6.33e-12	82.4
query	3	86.667	75	86125	86198	12073242	12073316	6.33e-12	82.4
query	3	79.104	134	85260	85390	13296792	13296916	6.33e-12	82.4
query	3	87.500	72	86052	86122	34114686	34114616	6.33e-12	82.4
query	3	86.486	74	85317	85390	37497362	37497435	6.33e-12	82.4
query	3	88.235	68	86055	86122	37497368	37497435	6.33e-12	82.4
query	3	85.366	82	86044	86122	38979358	38979277	6.33e-12	82.4
query	3	88.235	68	86055	86122	40244361	40244428	6.33e-12	82.4
query	3	78.788	132	85260	85390	521826	521949	2.28e-11	80.5
query	3	88.235	68	86056	86122	9338347	9338281	2.28e-11	80.5
query	3	90.323	62	85320	85380	9509310	9509370	2.28e-11	80.5
query	3	90.323	62	86052	86112	9509310	9509370	2.28e-11	80.5
query	3	90.323	62	86138	86198	14296708	14296768	2.28e-11	80.5
query	3	85.714	77	86283	86359	14371793	14371868	2.28e-11	80.5
query	3	88.235	68	86056	86122	24207405	24207471	2.28e-11	80.5
query	3	88.060	67	86132	86198	36417149	36417083	2.28e-11	80.5
query	3	88.235	68	75499	75566	36417398	36417464	2.28e-11	80.5
query	3	88.235	68	86056	86122	38600592	38600526	2.28e-11	80.5
query	3	88.235	68	85324	85390	38600592	38600526	2.28e-11	80.5
query	3	88.406	69	86132	86198	40032254	40032321	2.28e-11	80.5
query	3	78.295	129	85990	86116	2118461	2118585	8.19e-11	78.7
query	3	88.235	68	86132	86198	3423242	3423307	8.19e-11	78.7
query	3	88.235	68	86056	86122	13296851	13296916	8.19e-11	78.7
query	3	88.060	67	86056	86122	14108224	14108289	8.19e-11	78.7
query	3	88.060	67	86056	86122	14261854	14261789	8.19e-11	78.7
query	3	91.228	57	86056	86112	36417149	36417093	8.19e-11	78.7
query	3	88.235	68	86056	86122	38948798	38948863	8.19e-11	78.7
query	3	82.759	87	86113	86198	278228	278143	2.95e-10	76.8
query	3	85.333	75	85901	85975	2121158	2121231	2.95e-10	76.8
query	3	91.379	58	86056	86112	3423242	3423297	2.95e-10	76.8
query	3	87.879	66	86132	86196	7959705	7959641	2.95e-10	76.8
query	3	87.879	66	85324	85388	7959705	7959641	2.95e-10	76.8
query	3	74.257	202	61145	61341	32067251	32067447	2.95e-10	76.8
query	3	86.957	69	86056	86122	3053701	3053768	1.06e-09	75.0
query	3	86.765	68	86056	86122	4439756	4439690	1.06e-09	75.0
query	3	86.765	68	86056	86122	4516881	4516947	1.06e-09	75.0
query	3	88.525	61	86062	86122	14296708	14296768	1.06e-09	75.0
query	3	89.831	59	85329	85387	37258627	37258570	1.06e-09	75.0
query	3	86.765	68	85324	85390	38440339	38440405	1.06e-09	75.0
query	3	86.765	68	86056	86122	38440339	38440405	1.06e-09	75.0
query	3	95.556	45	85692	85736	2121158	2121202	3.81e-09	73.1
query	3	86.765	68	85324	85390	10440083	10440148	3.81e-09	73.1
query	3	86.765	68	86056	86122	10440083	10440148	3.81e-09	73.1
query	3	90.909	55	86061	86115	37258627	37258574	3.81e-09	73.1
query	3	89.655	58	86056	86112	521884	521939	1.37e-08	71.3
query	3	93.617	47	19986	20032	603552	603506	1.37e-08	71.3
query	3	84.211	76	86044	86116	7959720	7959645	1.37e-08	71.3
query	3	86.364	66	85317	85381	12073242	12073307	1.37e-08	71.3
query	3	88.333	60	86055	86113	12073248	12073307	1.37e-08	71.3
query	3	90.566	53	58363	58414	109540	109592	4.93e-08	69.4
query	3	93.478	46	75500	75545	11079626	11079671	4.93e-08	69.4
query	3	92.000	50	77118	77166	14299373	14299324	4.93e-08	69.4
query	3	76.984	126	61145	61269	30837087	30836964	4.93e-08	69.4
query	3	89.286	56	75499	75554	39640181	39640235	4.93e-08	69.4
query	3	85.507	69	85324	85390	40032254	40032321	4.93e-08	69.4
query	3	85.507	69	86056	86122	40032254	40032321	4.93e-08	69.4
query	3	87.500	56	75499	75554	2247342	2247288	2.29e-06	63.9
query	3	84.507	71	75500	75562	5071025	5070955	2.29e-06	63.9
query	3	77.311	119	86068	86186	11167959	11167850	8.25e-06	62.1
query	10	84.132	2275	33569	35828	13980968	13978707	0.0	2176
query	10	78.880	1714	31201	32865	13995942	13994288	0.0	1061
query	10	76.085	1451	32801	34234	2133461	2134892	0.0	725
query	10	74.703	1601	32652	34234	10850873	10849290	0.0	680
query	10	84.362	697	57096	57770	19095179	19094489	0.0	658
query	10	77.863	1170	84652	85781	21977093	21975973	0.0	643
query	10	79.363	974	85034	85990	2174043	2174976	1.39e-177	632
query	10	82.180	679	37230	37898	13978709	13978033	8.57e-160	573
query	10	76.165	1309	84653	85908	25470482	25469247	8.57e-160	573
query	10	80.865	763	84782	85540	25470157	25469435	6.67e-156	560
query	10	83.196	607	32861	33467	13985598	13985010	8.69e-150	540
query	10	79.167	744	84782	85509	26723781	26724492	3.22e-129	472
query	10	76.687	978	84864	85781	26723663	26724616	1.50e-127	466
query	10	78.137	805	84996	85781	19849644	19850410	2.50e-125	459
query	10	77.031	923	84874	85781	25432993	25432134	2.50e-125	459
query	10	82.214	551	84996	85540	26595125	26594590	3.24e-124	455
query	10	91.950	323	59537	59859	17174683	17175000	5.42e-122	448
query	10	91.463	328	59537	59864	21940704	21940381	5.42e-122	448
query	10	89.971	339	59537	59875	22073570	22073905	4.22e-118	435
query	10	75.706	992	85036	85990	26175925	26174978	3.29e-114	422
query	10	90.184	326	59539	59864	19961154	19960834	1.18e-113	420
query	10	89.634	328	59537	59864	26562016	26561692	5.50e-112	414
query	10	89.634	328	59537	59864	15928201	15928523	1.98e-111	412
query	10	83.333	456	85993	86445	21976405	21975961	2.56e-110	409
query	10	89.231	325	59537	59861	24468322	24468001	1.19e-108	403
query	10	77.935	707	85763	86446	26727598	26728284	4.28e-108	401
query	10	90.667	300	59576	59875	10480962	10481260	5.54e-107	398
query	10	77.132	774	85026	85781	24755538	24754804	1.99e-106	396
query	10	90.164	305	59537	59841	24951800	24951499	7.16e-106	394
query	10	75.246	1018	84789	85781	26175919	26174978	9.27e-105	390
query	10	75.575	913	85110	85990	25432994	25432134	9.33e-100	374
query	10	76.705	777	85026	85781	27173238	27173972	9.33e-100	374
query	10	77.511	667	85042	85699	21976845	21976205	4.34e-98	368
query	10	76.688	785	85000	85734	25469822	25469068	2.02e-96	363
query	10	78.929	579	85137	85707	26727419	26727969	7.27e-96	361
query	10	77.033	701	84982	85665	25470210	25469540	2.61e-95	359
query	10	76.636	749	85049	85781	11548745	11549447	9.40e-95	357
query	10	78.383	606	85105	85697	25470237	25469658	9.40e-95	357
query	10	78.073	602	77715	78307	22053478	22052896	3.38e-94	355
query	10	74.946	930	84786	85699	19800776	19801635	5.66e-92	348
query	10	80.645	465	85993	86445	26724171	26724628	2.63e-90	342
query	10	74.865	927	84786	85699	27869686	27868836	3.40e-89	339
query	10	84.706	340	59537	59875	1765370	1765704	4.40e-88	335
query	10	78.066	579	85141	85713	26595121	26594574	5.70e-87	331
query	10	73.136	1247	84785	85990	11548293	11549447	9.53e-85	324
query	10	92.411	224	52853	53076	19532087	19532310	1.23e-83	320
query	10	77.739	566	85143	85704	21976813	21976274	1.23e-83	320
query	10	75.770	714	85673	86365	26595263	26594574	4.43e-83	318
query	10	92.000	225	52851	53075	10952547	10952770	5.74e-82	315
query	10	73.040	1250	84785	85990	27172816	27173972	5.74e-82	315
query	10	76.833	600	77715	78300	23883648	23883063	2.06e-81	313
query	10	86.380	279	86535	86812	19192627	19192904	1.24e-78	303
query	10	77.011	609	85117	85699	26723790	26724374	1.24e-78	303
query	10	90.086	232	52846	53077	3067847	3068077	1.61e-77	300
query	10	86.813	273	86524	86795	22250613	22250880	1.61e-77	300
query	10	83.333	336	19509	19839	20048171	20048497	5.78e-77	298
query	10	86.792	265	86522	86784	10683040	10683302	2.69e-75	292
query	10	88.750	240	52846	53083	22951296	22951535	2.69e-75	292
query	10	85.563	284	73790	74070	436888	437165	3.48e-74	289
query	10	83.819	309	59568	59875	1060493	1060189	3.48e-74	289
query	10	86.022	279	73796	74072	27878620	27878889	3.48e-74	289
query	10	85.357	280	86525	86802	17401804	17402082	1.25e-73	287
query	10	84.407	295	86524	86812	19627998	19627704	4.50e-73	285
query	10	91.262	206	52870	53075	7311168	7310963	5.82e-72	281
query	10	86.719	256	86524	86777	25302741	25302488	5.82e-72	281
query	10	78.788	462	85211	85665	26595132	26594695	5.82e-72	281
query	10	84.589	292	86030	86317	26724132	26724417	5.82e-72	281
query	10	82.405	341	56720	57045	1872995	1872659	2.09e-71	279
query	10	72.944	839	33392	34223	16631960	16631129	2.09e-71	279
query	10	85.053	281	73795	74073	21896753	21897027	2.09e-71	279
query	10	76.285	603	85329	85908	21976860	21976280	2.09e-71	279
query	10	76.285	603	85329	85906	25470240	25469658	2.09e-71	279
query	10	85.932	263	86524	86784	13789330	13789070	7.53e-71	278
query	10	85.053	281	73793	74071	19810269	19810541	7.53e-71	278
query	10	84.536	291	86030	86317	21976444	21976163	7.53e-71	278
query	10	88.889	225	52853	53077	17364656	17364878	2.71e-70	276
query	10	89.545	220	57090	57307	19096902	19096684	2.71e-70	276
query	10	81.337	359	85997	86351	26724030	26724374	2.71e-70	276
query	10	84.192	291	86524	86810	10481545	10481260	9.74e-70	274
query	10	79.657	408	85263	85665	26724028	26724417	3.50e-69	272
query	10	85.992	257	86512	86766	4751375	4751627	1.26e-68	270
query	10	73.189	787	33392	34169	4386708	4387485	4.53e-68	268
query	10	84.838	277	73793	74066	7333981	7334249	4.53e-68	268
query	10	81.143	350	86007	86352	26727400	26727740	4.53e-68	268
query	10	81.763	329	86477	86802	27600109	27600433	4.53e-68	268
query	10	73.133	1031	84785	85781	27869615	27868661	4.53e-68	268
query	10	81.058	359	85997	86351	21976546	21976205	1.63e-67	267
query	10	82.609	322	86071	86386	25469375	25469068	1.63e-67	267
query	10	85.547	256	86524	86777	1060469	1060216	5.86e-67	265
query	10	73.550	862	84880	85712	26176006	26175185	5.86e-67	265
query	10	73.028	786	33392	34169	1793274	1794051	2.11e-66	263
query	10	72.586	839	33392	34223	16260325	16259494	2.11e-66	263
query	10	86.420	243	86524	86764	24018965	24018725	2.11e-66	263
query	10	93.220	177	52899	53075	19773692	19773516	7.58e-66	261
query	10	75.570	614	85146	85752	21125435	21126009	7.58e-66	261
query	10	72.533	841	33392	34223	51155	50324	9.81e-65	257
query	10	82.943	299	73796	74085	4357966	4357672	9.81e-65	257
query	10	83.566	286	73796	74072	4362502	4362220	9.81e-65	257
query	10	87.391	230	52855	53077	25027055	25026826	9.81e-65	257
query	10	76.386	559	85173	85704	26723768	26724305	9.81e-65	257
query	10	84.411	263	86524	86784	19563803	19564063	3.53e-64	255
query	10	76.289	582	84823	85391	26595122	26594587	3.53e-64	255
query	10	84.411	263	86525	86784	27300992	27300732	1.27e-63	254
query	10	84.766	256	71292	71546	17230922	17231172	4.56e-63	252
query	10	83.516	273	86514	86784	3020202	3020471	1.64e-62	250
query	10	86.695	233	73845	74072	15619841	15619614	1.64e-62	250
query	10	75.845	592	85091	85666	24755547	24754995	1.64e-62	250
query	10	80.870	345	45507	45836	26620891	26621226	1.64e-62	250
query	10	80.896	335	19509	19839	26790426	26790749	1.64e-62	250
query	10	86.607	224	52853	53076	25077259	25077482	5.90e-62	248
query	10	81.553	309	86477	86773	1017217	1016909	7.63e-61	244
query	10	83.588	262	86516	86776	4467578	4467838	7.63e-61	244
query	10	86.266	233	73845	74072	15624397	15624170	7.63e-61	244
query	10	86.667	225	73845	74066	21418797	21419018	7.63e-61	244
query	10	86.147	231	73845	74072	26841682	26841455	7.63e-61	244
query	10	82.517	286	86524	86805	7023103	7023383	2.75e-60	243
query	10	82.332	283	86516	86794	24842494	24842776	2.75e-60	243
query	10	85.778	225	52853	53077	21834581	21834805	3.55e-59	239
query	10	72.833	946	84776	85703	23873221	23874092	3.55e-59	239
query	10	90.556	180	86268	86446	2174810	2174989	1.28e-58	237
query	10	78.378	407	85000	85390	26727791	26728184	1.28e-58	237
query	10	76.181	529	84875	85390	21976548	21976055	4.59e-58	235
query	10	81.570	293	86062	86351	21976783	21976497	1.65e-57	233
query	10	84.979	233	86524	86754	25347528	25347758	1.65e-57	233
query	10	81.046	306	85827	86124	2174595	2174895	5.94e-57	231
query	10	85.153	229	86524	86750	26338662	26338889	5.94e-57	231
query	10	75.410	610	84776	85356	26723923	26724492	5.94e-57	231
query	10	74.238	656	84869	85517	1512261	1512872	7.69e-56	228
query	10	86.385	213	85570	85781	2174768	2174976	7.69e-56	228
query	10	80.308	325	45508	45830	3828175	3828482	7.69e-56	228
query	10	86.111	216	85781	85990	24755017	24754804	2.77e-55	226
query	10	74.348	690	84996	85667	25432961	25432327	2.77e-55	226
query	10	82.937	252	86535	86784	1765435	1765684	9.95e-55	224
query	10	89.831	177	57599	57775	19096079	19095907	9.95e-55	224
query	10	89.773	176	45507	45681	2186907	2186734	3.58e-54	222
query	10	71.838	838	33393	34221	3404182	3403358	1.29e-53	220
query	10	82.824	262	75401	75648	22054293	22054036	4.63e-53	219
query	10	86.341	205	52866	53070	22288164	22288360	1.66e-52	217
query	10	74.914	582	85060	85623	25469422	25468877	1.66e-52	217
query	10	83.772	228	86514	86740	27063528	27063301	5.99e-52	215
query	10	84.906	212	85781	85990	19850199	19850410	2.15e-51	213
query	10	82.213	253	71295	71546	25969781	25969533	2.15e-51	213
query	10	82.692	260	75400	75643	26531773	26531521	2.78e-50	209
query	10	83.784	222	52855	53075	10494944	10495158	1.30e-48	204
query	10	75.796	471	85824	86276	25469181	25468733	4.66e-48	202
query	10	82.158	241	86524	86763	22936260	22936027	1.68e-47	200
query	10	80.934	257	21605	21858	452615	452868	6.03e-47	198
query	10	83.886	211	85573	85781	26634591	26634389	2.80e-45	193
query	10	80.524	267	75400	75648	25282831	25282568	4.69e-43	185
query	10	81.124	249	75400	75634	27633747	27633994	4.69e-43	185
query	10	82.511	223	75402	75608	23911691	23911913	6.07e-42	182
query	10	79.004	281	86524	86803	24931845	24931578	2.18e-41	180
query	10	73.818	592	85172	85737	1767054	1767610	7.85e-41	178
query	10	82.326	215	45508	45719	24679977	24679770	7.85e-41	178
query	10	81.739	230	86094	86317	25469423	25469205	2.82e-40	176
query	10	77.811	338	19509	19839	19294357	19294664	1.02e-39	174
query	10	79.051	253	71291	71542	21484470	21484220	1.31e-38	171
query	10	79.918	244	75402	75636	24339539	24339297	1.31e-38	171
query	10	82.000	200	71292	71490	150106	149908	4.73e-38	169
query	10	80.000	250	75410	75643	26012029	26011784	1.70e-37	167
query	10	80.342	234	73845	74070	1365460	1365687	6.11e-37	165
query	10	80.342	234	73845	74072	1373957	1374183	6.11e-37	165
query	10	85.443	158	45504	45661	463172	463020	2.84e-35	159
query	10	79.167	240	71288	71525	17231841	17231607	2.84e-35	159
query	10	80.543	221	73856	74072	20483067	20482855	2.84e-35	159
query	10	79.498	239	86030	86262	21125726	21125956	1.02e-34	158
query	10	82.584	178	86525	86702	22834780	22834603	1.02e-34	158
query	10	80.822	219	75439	75643	26603063	26603279	1.02e-34	158
query	10	79.565	230	73845	74071	18322778	18323001	3.68e-34	156
query	10	80.365	219	73856	74070	20484498	20484288	3.68e-34	156
query	10	78.077	260	71291	71542	21483398	21483656	3.68e-34	156
query	10	82.888	187	86170	86351	25469423	25469247	1.32e-33	154
query	10	87.218	133	56434	56565	452855	452726	6.16e-32	148
query	10	84.768	151	75499	75648	22547554	22547699	2.21e-31	147
query	10	87.121	132	85570	85699	25469376	25469247	2.21e-31	147
query	10	86.466	133	75500	75632	1767248	1767117	7.97e-31	145
query	10	73.695	479	85440	85897	25469423	25468971	2.86e-30	143
query	10	84.211	152	75499	75648	26347531	26347679	2.86e-30	143
query	10	92.079	101	53602	53700	19130383	19130483	1.03e-29	141
query	10	74.933	371	85990	86351	25469226	25468878	1.03e-29	141
query	10	89.286	112	58333	58444	452732	452622	3.71e-29	139
query	10	76.667	270	71287	71546	7098203	7097935	3.71e-29	139
query	10	82.022	178	76740	76907	26041023	26041197	3.71e-29	139
query	10	89.908	109	85801	85908	26724268	26724374	1.33e-28	137
query	10	87.097	124	85257	85377	14287552	14287432	4.79e-28	135
query	10	80.435	184	52893	53076	26901514	26901689	1.72e-27	134
query	10	84.892	139	86140	86275	26634601	26634470	6.20e-27	132
query	10	87.963	108	85801	85908	26724192	26724299	8.02e-26	128
query	10	88.679	106	85804	85908	21976308	21976205	2.89e-25	126
query	10	73.596	356	33738	34086	12531919	12531571	1.04e-24	124
query	10	80.337	178	76740	76907	26571289	26571463	3.73e-24	122
query	10	84.677	124	62412	62534	4336586	4336706	1.34e-23	121
query	10	86.207	116	62420	62533	4374808	4374919	1.34e-23	121
query	10	88.119	101	63868	63968	13117377	13117477	1.34e-23	121
query	10	91.954	87	53632	53717	18215450	18215535	1.34e-23	121
query	10	84.375	128	56818	56945	22961979	22962101	1.34e-23	121
query	10	82.069	145	85781	85922	26594717	26594574	1.34e-23	121
query	10	95.890	73	52855	52927	19773768	19773696	4.83e-23	119
query	10	85.000	120	85993	86109	14287549	14287432	1.74e-22	117
query	10	75.000	308	86068	86366	1767146	1767433	6.25e-22	115
query	10	85.714	112	77119	77230	25395349	25395457	6.25e-22	115
query	10	85.586	111	84870	84976	1298202	1298310	8.08e-21	111
query	10	76.667	240	85160	85390	26531453	26531678	8.08e-21	111
query	10	74.638	276	67836	68104	1960624	1960892	2.91e-20	110
query	10	85.714	105	84889	84989	22595892	22595996	1.05e-19	108
query	10	90.244	82	71400	71481	25968839	25968920	1.05e-19	108
query	10	91.892	74	71410	71483	7096352	7096425	1.35e-18	104
query	10	73.616	307	33720	34025	23613414	23613705	1.35e-18	104
query	10	78.981	157	86184	86338	14287584	14287432	4.86e-18	102
query	10	86.735	98	85184	85279	14287547	14287455	4.86e-18	102
query	10	82.400	125	71424	71545	26931092	26931212	4.86e-18	102
query	10	83.471	121	86161	86277	20225519	20225408	1.75e-17	100
query	10	80.142	141	75506	75643	22208588	22208725	1.75e-17	100
query	10	83.621	116	85594	85706	25469422	25469314	1.75e-17	100
query	10	80.556	144	86056	86198	26531546	26531678	1.75e-17	100
query	10	82.353	119	72157	72275	25968956	25968844	6.29e-17	99.0
query	10	74.216	287	85997	86275	1767150	1767418	2.26e-16	97.1
query	10	73.379	293	50516	50801	1960607	1960892	2.26e-16	97.1
query	10	79.851	134	85990	86122	21976184	21976055	2.93e-15	93.5
query	10	75.701	214	85989	86198	23911985	23911783	2.93e-15	93.5
query	10	80.000	130	85990	86118	26594717	26594591	2.93e-15	93.5
query	10	81.667	120	85800	85915	25469427	25469314	1.05e-14	91.6
query	10	94.915	59	86141	86198	27357037	27357094	1.05e-14	91.6
query	10	84.211	95	75400	75491	24703335	24703428	3.79e-14	89.8
query	10	91.176	68	86132	86198	27633906	27633841	3.79e-14	89.8
query	10	79.231	130	85263	85392	2174769	2174895	1.36e-13	87.9
query	10	72.632	380	85162	85522	22208790	22208437	1.76e-12	84.2
query	10	74.400	250	86125	86363	25281305	25281539	1.76e-12	84.2
query	10	86.667	75	86125	86198	22547609	22547536	6.33e-12	82.4
query	10	74.884	215	85179	85390	23911983	23911783	6.33e-12	82.4
query	10	85.185	81	86044	86122	26531598	26531678	6.33e-12	82.4
query	10	74.654	217	86051	86261	22208634	22208429	2.28e-11	80.5
query	10	84.524	84	85840	85921	25281310	25281391	2.28e-11	80.5
query	10	86.486	74	86126	86198	26011872	26011945	2.28e-11	80.5
query	10	91.525	59	86131	86188	26347581	26347523	2.28e-11	80.5
query	10	74.000	250	86125	86363	22208636	22208402	8.19e-11	78.7
query	10	88.235	68	86056	86122	27633906	27633841	8.19e-11	78.7
query	10	88.235	68	85324	85390	27633906	27633841	8.19e-11	78.7
query	10	85.526	76	85317	85390	22547609	22547536	2.95e-10	76.8
query	10	84.337	83	86044	86122	26011864	26011945	2.95e-10	76.8
query	10	91.228	57	85335	85390	27357039	27357094	2.95e-10	76.8
query	10	91.228	57	86067	86122	27357039	27357094	2.95e-10	76.8
query	10	86.957	69	86056	86122	23911850	23911783	1.06e-09	75.0
query	10	85.135	74	85318	85390	26011872	26011945	1.06e-09	75.0
query	10	89.831	59	86055	86112	26347581	26347523	1.06e-09	75.0
query	10	89.831	59	85323	85380	26347581	26347523	1.06e-09	75.0
query	10	88.525	61	86052	86112	22547605	22547546	3.81e-09	73.1
query	10	78.049	123	19728	19847	17618874	17618757	1.37e-08	71.3
query	10	90.566	53	85837	85889	23241700	23241648	1.37e-08	71.3
query	10	84.211	76	86125	86198	25282660	25282734	1.37e-08	71.3
query	10	77.344	128	85990	86116	26728055	26728178	1.37e-08	71.3
query	10	78.195	133	75429	75544	11546237	11546368	4.93e-08	69.4
query	10	78.195	133	75429	75545	19801854	19801723	4.93e-08	69.4
query	10	79.630	108	86068	86173	27355611	27355710	4.93e-08	69.4
query	10	74.545	220	75429	75622	27173957	27173743	1.77e-07	67.6
query	10	100.000	36	75499	75534	27357076	27357041	1.77e-07	67.6
query	10	88.889	54	85627	85680	23241700	23241648	6.38e-07	65.8
query	10	79.000	100	85990	86088	26724395	26724492	6.38e-07	65.8
query	10	86.667	60	75496	75554	2174437	2174380	2.29e-06	63.9
query	10	88.462	52	86281	86332	23241699	23241648	2.29e-06	63.9
query	10	91.489	47	75499	75544	23874146	23874100	2.29e-06	63.9
query	10	91.489	47	75499	75544	24754904	24754950	2.29e-06	63.9
query	10	85.714	63	85317	85377	25282660	25282721	2.29e-06	63.9
query	10	86.441	59	86052	86109	25282664	25282721	2.29e-06	63.9
query	10	87.500	56	75499	75554	26727939	26727885	2.29e-06	63.9
query	10	88.679	53	86044	86094	27355654	27355706	2.29e-06	63.9
query	10	91.489	47	85317	85362	27355661	27355706	2.29e-06	63.9
query	2	89.264	1332	34411	35738	1878569	1879897	0.0	1661
query	2	79.331	1316	31522	32797	7931364	7930084	0.0	854
query	2	75.706	1593	32662	34234	117421	118993	0.0	761
query	2	75.391	1597	32656	34234	36718052	36719629	0.0	737
query	2	76.019	1447	32804	34234	20743057	20741628	0.0	719
query	2	75.934	1446	32804	34234	10356508	10355079	0.0	713
query	2	75.709	1445	32804	34234	19581217	19579787	0.0	699
query	2	78.390	1180	84649	85781	38255693	38256820	0.0	675
query	2	74.684	1584	32662	34229	22653222	22654769	0.0	656
query	2	75.069	1452	32801	34234	8921367	8922799	2.32e-180	641
query	2	79.113	1015	84782	85781	33004683	33003721	3.00e-179	638
query	2	77.749	1173	84652	85781	6347095	6345971	1.08e-178	636
query	2	81.065	845	84782	85622	33004607	33003803	3.88e-178	634
query	2	82.937	715	57097	57796	5994379	5995079	3.90e-173	617
query	2	81.641	768	84782	85540	30751672	30750950	3.06e-164	588
query	2	78.564	975	85049	85990	33004668	33003721	3.06e-164	588
query	2	77.187	1166	84653	85781	1059541	1058444	1.42e-162	582
query	2	77.533	1046	84776	85781	4545793	4544795	1.44e-152	549
query	2	80.574	767	84776	85536	38256004	38256731	1.44e-152	549
query	2	77.745	1002	84799	85781	26853338	26852391	5.20e-152	547
query	2	77.615	1023	84776	85781	6919539	6920496	1.87e-151	545
query	2	80.577	762	84782	85540	3757530	3758241	3.13e-149	538
query	2	80.523	765	84782	85540	28086363	28085647	3.13e-149	538
query	2	78.098	936	84867	85781	30751753	30750865	5.23e-147	531
query	2	81.614	669	84875	85540	4545522	4544880	6.77e-146	527
query	2	73.751	1421	32662	34065	10203877	10202474	6.77e-146	527
query	2	77.384	1017	84782	85781	3499146	3498198	2.43e-145	525
query	2	77.972	917	85105	85990	6330795	6331682	1.13e-143	520
query	2	77.416	983	85041	85990	6919554	6920496	4.07e-143	518
query	2	76.140	1140	84671	85781	33540986	33539919	3.17e-139	505
query	2	76.049	1144	84671	85781	27982948	27981873	4.10e-138	501
query	2	76.032	1139	84671	85781	33249312	33248244	4.10e-138	501
query	2	75.855	1023	33224	34234	27927218	27926207	1.48e-137	499
query	2	76.983	1021	84782	85781	32382444	32381498	1.91e-136	496
query	2	75.353	1205	85034	86203	193780	194924	2.47e-135	492
query	2	76.079	1112	84696	85787	1368177	1367146	3.19e-134	488
query	2	80.702	684	84782	85458	3859714	3859072	3.19e-134	488
query	2	76.339	1027	85000	85990	3499184	3498198	5.35e-132	481
query	2	76.673	986	85034	85990	32382441	32381498	5.35e-132	481
query	2	75.702	1140	84668	85781	23778987	23780053	1.92e-131	479
query	2	75.859	1135	84668	85781	26309636	26310681	6.91e-131	477
query	2	75.912	1096	84652	85710	885648	884612	8.94e-130	473
query	2	76.505	1030	84776	85781	3391116	3392073	8.94e-130	473
query	2	76.297	983	85042	85996	1368092	1367146	1.50e-127	466
query	2	77.165	924	84875	85781	2787994	2787131	1.50e-127	466
query	2	91.496	341	59537	59877	15839701	15840038	1.50e-127	466
query	2	85.619	452	85998	86445	33004154	33003709	1.50e-127	466
query	2	76.316	1026	84776	85781	30380579	30381530	1.94e-126	462
query	2	78.618	767	85243	85990	2872046	2872773	3.24e-124	455
query	2	77.427	855	84880	85712	6919478	6920292	1.17e-123	453
query	2	76.094	983	85034	85990	2788071	2787131	4.19e-123	451
query	2	84.716	458	85993	86446	3757889	3758339	5.42e-122	448
query	2	84.698	464	85993	86450	6331247	6331699	5.42e-122	448
query	2	76.162	1011	84785	85781	29978546	29979479	5.42e-122	448
query	2	91.385	325	59537	59861	485845	486166	2.52e-120	442
query	2	90.294	340	59537	59876	5656444	5656108	2.52e-120	442
query	2	91.385	325	59537	59861	19150134	19150455	2.52e-120	442
query	2	78.629	744	85049	85781	2872077	2872773	9.07e-120	440
query	2	75.859	990	85034	85990	3391125	3392073	1.17e-118	436
query	2	75.887	987	85034	85990	41463197	41462254	1.17e-118	436
query	2	76.760	895	84903	85781	38476708	38477543	5.46e-117	431
query	2	76.004	996	84776	85752	193771	194691	1.96e-116	429
query	2	76.712	876	85141	85990	26853229	26852391	1.96e-116	429
query	2	90.769	325	59537	59861	38373143	38373462	1.96e-116	429
query	2	75.855	1023	84782	85781	41463200	41462254	1.96e-116	429
query	2	75.795	975	85034	85982	29978545	29979471	2.54e-115	425
query	2	75.684	987	85034	85990	30380588	30381530	2.54e-115	425
query	2	90.432	324	59537	59859	13421884	13421564	9.14e-115	424
query	2	83.983	462	85993	86445	28085997	28085548	9.14e-115	424
query	2	75.558	986	85034	85990	4659466	4660411	3.29e-114	422
query	2	75.702	1033	84776	85781	4659457	4660411	1.18e-113	420
query	2	90.184	326	59539	59864	13407506	13407189	4.25e-113	418
query	2	78.947	665	85800	86444	38256184	38256831	4.25e-113	418
query	2	76.471	867	85142	85990	38476716	38477543	4.25e-113	418
query	2	76.337	879	85141	85990	33540761	33539919	7.11e-111	411
query	2	91.892	296	59537	59832	32361450	32361740	2.56e-110	409
query	2	76.250	880	85141	85990	33249087	33248244	9.20e-110	407
query	2	89.058	329	59537	59864	2536003	2536328	3.31e-109	405
query	2	74.915	1172	84652	85781	4305051	4303981	1.19e-108	403
query	2	78.243	740	85034	85755	27764876	27764201	1.54e-107	399
query	2	89.744	312	59548	59859	3249395	3249088	1.99e-106	396
query	2	79.000	600	33643	34234	37258536	37259128	1.99e-106	396
query	2	75.558	941	85034	85940	32244539	32243640	7.16e-106	394
query	2	79.153	614	85105	85707	33004687	33004096	7.16e-106	394
query	2	78.313	664	85049	85699	38255949	38256587	7.16e-106	394
query	2	74.883	1071	84653	85698	39584926	39585919	7.16e-106	394
query	2	75.640	977	84782	85731	32244542	32243640	2.58e-105	392
query	2	90.333	300	59537	59836	15986207	15985914	3.33e-104	388
query	2	78.176	669	85799	86446	30751498	30750852	1.20e-103	387
query	2	76.973	773	84880	85625	26853347	26852610	4.31e-103	385
query	2	88.235	323	59537	59859	37030010	37029691	1.55e-102	383
query	2	76.368	859	84880	85703	33249203	33248398	5.58e-102	381
query	2	88.535	314	59537	59850	1989939	1990248	7.21e-101	377
query	2	75.972	849	84890	85713	31377681	31378488	7.21e-101	377
query	2	78.723	611	85105	85704	38255930	38256518	7.21e-101	377
query	2	88.308	325	59537	59861	39864529	39864837	2.59e-100	375
query	2	82.314	458	85993	86447	6920075	6920510	9.33e-100	374
query	2	73.713	1282	84649	85906	901200	902362	4.34e-98	368
query	2	76.590	786	84940	85709	3757448	3758179	4.34e-98	368
query	2	75.480	885	85141	85990	27982722	27981873	4.34e-98	368
query	2	84.010	394	86056	86445	4304353	4303969	1.56e-97	366
query	2	79.298	570	85143	85704	4545636	4545095	1.56e-97	366
query	2	77.496	671	85042	85699	4545668	4545026	5.62e-97	364
query	2	74.263	1154	84649	85781	1163337	1164378	2.02e-96	363
query	2	76.380	779	84950	85709	30751747	30751012	2.02e-96	363
query	2	74.466	1077	84653	85710	39973187	39974170	2.02e-96	363
query	2	81.878	458	85993	86445	39973892	39974328	2.02e-96	363
query	2	74.754	1018	84782	85781	4666502	4665570	7.27e-96	361
query	2	75.682	843	84890	85712	2788132	2787337	2.61e-95	359
query	2	76.508	779	84880	85625	33540877	33540137	2.61e-95	359
query	2	75.579	864	85141	85982	26309865	26310673	3.38e-94	355
query	2	78.297	599	85105	85693	26949789	26950363	3.38e-94	355
query	2	88.255	298	59539	59836	29432739	29432446	1.22e-93	353
query	2	74.542	1037	84782	85781	31614439	31615404	1.22e-93	353
query	2	78.514	619	84776	85390	2872132	2872692	1.57e-92	350
query	2	87.789	303	86148	86447	2872489	2872787	5.66e-92	348
query	2	74.797	984	84649	85620	26949552	26950444	5.66e-92	348
query	2	86.462	325	59537	59861	21538446	21538759	2.03e-91	346
query	2	77.238	659	85049	85699	1059299	1058678	7.32e-91	344
query	2	77.211	667	85141	85794	27267970	27268600	7.32e-91	344
query	2	76.923	663	85049	85699	6346840	6346203	2.63e-90	342
query	2	77.868	619	85101	85708	3757449	3758028	3.40e-89	339
query	2	74.863	915	84874	85781	901820	902656	1.22e-88	337
query	2	74.260	1014	85049	86003	27267625	27268600	1.22e-88	337
query	2	75.742	775	84880	85625	23779100	23779838	2.05e-86	329
query	2	75.414	846	84880	85703	26309749	26310529	2.05e-86	329
query	2	75.147	849	85105	85919	885413	884612	9.53e-85	324
query	2	92.825	223	52855	53077	7456995	7457217	9.53e-85	324
query	2	77.414	611	85105	85706	1059318	1058745	3.43e-84	322
query	2	74.942	858	84880	85712	29978466	29979270	3.43e-84	322
query	2	80.392	459	85993	86447	32381917	32381484	3.43e-84	322
query	2	77.705	610	85105	85702	2872058	2872621	1.23e-83	320
query	2	82.039	412	86030	86433	26852776	26852391	1.23e-83	320
query	2	75.062	810	85000	85781	21931577	21932351	4.43e-83	318
query	2	81.265	427	86024	86445	1163990	1164390	1.60e-82	316
query	2	77.100	607	85105	85699	6346859	6346278	1.60e-82	316
query	2	92.000	225	52853	53077	30714182	30714406	1.60e-82	316
query	2	74.675	924	84874	85781	194164	194999	5.74e-82	315
query	2	78.517	526	85810	86317	4545494	4544984	5.74e-82	315
query	2	74.971	863	84880	85703	27982838	27982027	5.74e-82	315
query	2	78.014	564	85804	86351	1059211	1058678	2.06e-81	313
query	2	77.288	590	85329	85908	2872055	2872617	2.06e-81	313
query	2	91.266	229	52849	53077	27086509	27086281	2.06e-81	313
query	2	79.956	459	85324	85781	893940	893511	7.42e-81	311
query	2	74.969	819	84824	85625	193740	194501	2.67e-80	309
query	2	73.089	1230	84781	85990	901547	902656	2.67e-80	309
query	2	76.300	654	85037	85671	21931541	21932167	9.60e-80	307
query	2	89.540	239	52838	53076	38768168	38768406	1.24e-78	303
query	2	73.684	969	84671	85625	2788250	2787350	4.47e-78	302
query	2	81.462	383	85975	86351	26949776	26950150	4.47e-78	302
query	2	73.779	1003	84649	85625	30380386	30381312	4.47e-78	302
query	2	79.574	470	85324	85781	32495325	32495769	4.47e-78	302
query	2	86.738	279	73796	74072	36735740	36736011	4.47e-78	302
query	2	74.476	858	84878	85712	193710	194513	1.61e-77	300
query	2	74.353	850	84889	85712	1178399	1177592	1.61e-77	300
query	2	81.365	381	85975	86351	2872045	2872418	1.61e-77	300
query	2	86.572	283	73794	74072	11200613	11200340	1.61e-77	300
query	2	77.320	582	85763	86317	38256069	38256630	1.61e-77	300
query	2	76.744	602	85329	85908	4545683	4545101	5.78e-77	298
query	2	85.764	288	86524	86807	31177631	31177915	5.78e-77	298
query	2	90.351	228	52855	53082	37638315	37638090	5.78e-77	298
query	2	78.992	476	85202	85665	1059090	1058634	2.08e-76	296
query	2	73.322	1132	84671	85781	1121320	1120299	2.08e-76	296
query	2	73.647	979	84668	85625	4659283	4660192	2.08e-76	296
query	2	85.050	301	56800	57092	15312762	15313059	2.08e-76	296
query	2	85.563	284	86524	86805	36440994	36440711	2.08e-76	296
query	2	86.380	279	73796	74072	36715218	36715489	2.08e-76	296
query	2	82.906	351	56720	57058	40141090	40141431	2.08e-76	296
query	2	73.596	1015	84785	85781	32250708	32249779	7.47e-76	294
query	2	77.113	568	85808	86362	885153	884612	2.69e-75	292
query	2	74.531	852	84890	85712	11401752	11402546	2.69e-75	292
query	2	73.664	786	33392	34169	21417290	21416513	9.67e-75	291
query	2	74.519	832	84909	85712	26950866	26951648	9.67e-75	291
query	2	73.641	975	84668	85620	29978353	29979256	9.67e-75	291
query	2	84.039	307	86470	86771	4241584	4241888	3.48e-74	289
query	2	90.135	223	52855	53076	23886763	23886542	3.48e-74	289
query	2	76.910	576	84891	85449	31614379	31614928	1.25e-73	287
query	2	81.944	360	85997	86351	38256243	38256587	1.25e-73	287
query	2	74.054	925	84797	85703	42064319	42063477	1.25e-73	287
query	2	76.042	672	85254	85908	4304831	4304213	4.50e-73	285
query	2	81.894	359	85997	86351	4545369	4545026	4.50e-73	285
query	2	73.299	985	85034	85990	4666499	4665570	4.50e-73	285
query	2	84.775	289	59559	59846	24348377	24348661	4.50e-73	285
query	2	73.434	990	84668	85625	31614254	31615182	4.50e-73	285
query	2	75.680	662	85049	85699	885394	884774	1.62e-72	283
query	2	84.694	294	86030	86317	1058921	1058634	1.62e-72	283
query	2	74.190	833	84889	85695	7500827	7500039	1.62e-72	283
query	2	82.927	328	86472	86788	10522796	10522472	1.62e-72	283
query	2	81.870	353	86472	86812	18614514	18614165	1.62e-72	283
query	2	90.000	220	52855	53074	19694628	19694410	1.62e-72	283
query	2	83.019	318	59559	59875	12465305	12465616	5.82e-72	281
query	2	90.233	215	52853	53067	37086693	37086907	5.82e-72	281
query	2	82.301	339	86477	86803	9930538	9930203	2.09e-71	279
query	2	82.164	342	56720	57053	27464200	27463866	2.09e-71	279
query	2	84.247	292	59559	59849	41619243	41618956	2.09e-71	279
query	2	85.714	266	86522	86786	28732807	28732544	7.53e-71	278
query	2	77.754	472	77246	77709	6294266	6294730	2.71e-70	276
query	2	81.285	358	85997	86351	6346548	6346203	2.71e-70	276
query	2	89.140	221	52856	53076	30940699	30940479	2.71e-70	276
query	2	86.220	254	86524	86776	24348409	24348661	9.74e-70	274
query	2	84.028	288	59563	59849	28732834	28732550	9.74e-70	274
query	2	74.869	764	85035	85785	30388345	30389042	9.74e-70	274
query	2	80.716	363	85993	86351	33004682	33004326	9.74e-70	274
query	2	85.240	271	86524	86792	35506366	35506100	9.74e-70	274
query	2	84.138	290	76738	77020	3533999	3533713	3.50e-69	272
query	2	74.026	847	84887	85712	4666563	4665776	3.50e-69	272
query	2	84.752	282	73796	74072	5019933	5020208	3.50e-69	272
query	2	80.052	381	85975	86351	6330782	6331155	3.50e-69	272
query	2	75.902	610	85329	85913	6346862	6346272	3.50e-69	272
query	2	85.496	262	86516	86776	9622760	9622500	3.50e-69	272
query	2	83.849	291	86516	86803	22233257	22233544	3.50e-69	272
query	2	85.606	264	86524	86784	35839760	35839499	3.50e-69	272
query	2	83.224	304	86516	86811	22231233	22231534	1.26e-68	270
query	2	77.203	522	85810	86316	885229	884732	4.53e-68	268
query	2	77.579	504	85256	85752	26951637	26952108	4.53e-68	268
query	2	73.191	981	84662	85625	4666690	4665788	1.63e-67	267
query	2	83.986	281	86524	86803	9066941	9067219	1.63e-67	267
query	2	85.827	254	86524	86776	12465337	12465588	1.63e-67	267
query	2	92.857	182	52896	53077	2122067	2121886	5.86e-67	265
query	2	85.115	262	86525	86784	14881131	14880872	5.86e-67	265
query	2	81.105	344	86472	86805	34931343	34931002	5.86e-67	265
query	2	85.433	254	86524	86776	3551411	3551663	2.11e-66	263
query	2	88.182	220	52856	53075	6185149	6184930	2.11e-66	263
query	2	81.034	348	45497	45833	21257951	21257608	2.11e-66	263
query	2	81.982	333	45508	45832	32407883	32408201	2.11e-66	263
query	2	92.432	185	59602	59786	37180987	37180804	2.11e-66	263
query	2	77.059	510	85200	85699	38476690	38477176	2.11e-66	263
query	2	85.433	254	86524	86776	41619211	41618959	2.11e-66	263
query	2	88.426	216	52855	53070	252694	252909	7.58e-66	261
query	2	85.433	254	86524	86775	414359	414610	7.58e-66	261
query	2	75.902	610	85329	85915	1059321	1058745	7.58e-66	261
query	2	84.528	265	71283	71546	3270677	3270414	7.58e-66	261
query	2	84.191	272	86524	86795	4364475	4364208	7.58e-66	261
query	2	81.493	335	45508	45833	21769004	21769331	7.58e-66	261
query	2	81.287	342	45504	45833	25765257	25765592	7.58e-66	261
query	2	79.404	403	85000	85388	28086036	28085646	7.58e-66	261
query	2	94.152	171	85611	85781	32243642	32243472	7.58e-66	261
query	2	84.791	263	86524	86784	13749238	13749497	2.73e-65	259
query	2	80.692	347	86024	86360	901347	901690	9.81e-65	257
query	2	75.753	631	84776	85390	6331020	6331600	9.81e-65	257
query	2	84.191	272	85512	85781	22970180	22970445	9.81e-65	257
query	2	83.566	286	73796	74072	29945543	29945826	9.81e-65	257
query	2	83.566	286	73796	74072	34930449	34930167	9.81e-65	257
query	2	72.901	786	33392	34169	36218127	36218904	9.81e-65	257
query	2	87.168	226	52853	53077	16972230	16972006	3.53e-64	255
query	2	78.636	440	85781	86203	26951923	26952339	3.53e-64	255
query	2	82.594	293	86516	86805	30528883	30529174	3.53e-64	255
query	2	75.671	633	84776	85390	38256154	38256738	3.53e-64	255
query	2	84.411	263	86524	86784	40195384	40195644	3.53e-64	255
query	2	84.411	263	86524	86784	41615057	41615317	3.53e-64	255
query	2	81.121	339	45508	45832	4339434	4339767	1.27e-63	254
query	2	84.980	253	86524	86774	13917780	13917530	1.27e-63	254
query	2	91.444	187	86264	86446	32243642	32243456	1.27e-63	254
query	2	86.695	233	73845	74072	688816	688587	4.56e-63	252
query	2	75.544	597	85329	85908	885416	884849	4.56e-63	252
query	2	82.333	300	86055	86351	885347	885055	4.56e-63	252
query	2	83.000	300	86055	86351	4304755	4304474	4.56e-63	252
query	2	75.150	668	85141	85773	10179484	10178850	4.56e-63	252
query	2	84.291	261	71284	71542	12574123	12574381	4.56e-63	252
query	2	83.333	288	73796	74072	19405040	19405323	4.56e-63	252
query	2	73.151	730	34516	35238	8923138	8923860	1.64e-62	250
query	2	86.580	231	73845	74072	15323594	15323367	1.64e-62	250
query	2	90.860	186	52893	53078	27868235	27868050	1.64e-62	250
query	2	85.081	248	86529	86773	32335337	32335091	1.64e-62	250
query	2	84.706	255	86524	86775	37455712	37455963	1.64e-62	250
query	2	86.580	231	73845	74072	41464169	41464396	1.64e-62	250
query	2	86.580	231	73845	74072	41468696	41468923	1.64e-62	250
query	2	77.951	449	85557	85988	1163947	1164377	5.90e-62	248
query	2	76.460	531	85259	85781	26951922	26952416	5.90e-62	248
query	2	82.746	284	86523	86803	31029291	31029011	5.90e-62	248
query	2	92.982	171	85821	85990	32243642	32243472	5.90e-62	248
query	2	87.907	215	85781	85990	6346182	6345971	2.12e-61	246
query	2	84.898	245	21606	21849	24552786	24552542	2.12e-61	246
query	2	84.898	245	21606	21849	24556054	24555810	2.12e-61	246
query	2	81.613	310	86477	86775	2062034	2061727	7.63e-61	244
query	2	86.344	227	52853	53077	7456980	7456756	7.63e-61	244
query	2	85.957	235	73845	74076	15319060	15318830	7.63e-61	244
query	2	77.252	444	77277	77709	36066093	36065657	7.63e-61	244
query	2	74.223	772	84874	85625	1554115	1554819	2.75e-60	243
query	2	80.480	333	86024	86351	4545644	4545320	2.75e-60	243
query	2	84.462	251	71292	71542	13187455	13187700	2.75e-60	243
query	2	80.769	338	45504	45833	23453299	23453621	2.75e-60	243
query	2	80.769	338	45504	45833	23457728	23458050	2.75e-60	243
query	2	84.400	250	86524	86771	33077920	33078167	2.75e-60	243
query	2	87.500	216	85781	85990	22970233	22970445	9.88e-60	241
query	2	80.838	334	45508	45833	23448874	23449192	9.88e-60	241
query	2	83.794	253	86524	86775	754635	754384	3.55e-59	239
query	2	76.316	532	84875	85390	3757746	3758244	3.55e-59	239
query	2	84.127	252	71291	71542	12575252	12575006	3.55e-59	239
query	2	85.714	231	73845	74072	19294564	19294791	3.55e-59	239
query	2	85.714	231	73845	74072	29941039	29941267	3.55e-59	239
query	2	73.858	788	84776	85540	38074899	38074171	3.55e-59	239
query	2	84.064	251	86514	86763	9345079	9344833	1.28e-58	237
query	2	84.146	246	86524	86768	21300175	21299932	4.59e-58	235
query	2	82.079	279	59559	59836	35506398	35506123	4.59e-58	235
query	2	75.081	618	84776	85388	39973668	39974232	4.59e-58	235
query	2	77.027	444	85557	85990	893940	893511	1.65e-57	233
query	2	81.544	298	86514	86806	2207140	2206852	1.65e-57	233
query	2	81.481	297	86523	86810	11794005	11793711	1.65e-57	233
query	2	81.169	308	45537	45832	24219321	24219624	1.65e-57	233
query	2	73.885	762	84867	85607	34079419	34078714	1.65e-57	233
query	2	78.740	381	85975	86351	3757438	3757797	5.94e-57	231
query	2	82.955	264	86514	86771	23692840	23692579	5.94e-57	231
query	2	83.673	245	21606	21849	1090448	1090692	2.14e-56	230
query	2	82.879	257	86523	86777	4488442	4488186	2.14e-56	230
query	2	83.951	243	86524	86764	7718623	7718863	2.14e-56	230
query	2	86.385	213	85781	85990	30751077	30750865	2.14e-56	230
query	2	81.544	298	86470	86754	39882730	39883023	2.14e-56	230
query	2	86.829	205	85569	85773	8947912	8947709	7.69e-56	228
query	2	87.562	201	52876	53076	24356923	24356729	7.69e-56	228
query	2	81.404	285	86524	86803	31132474	31132191	7.69e-56	228
query	2	82.772	267	86516	86777	31164984	31165243	7.69e-56	228
query	2	82.824	262	86525	86784	24070258	24070512	2.77e-55	226
query	2	88.649	185	52893	53077	28006713	28006897	2.77e-55	226
query	2	85.388	219	52861	53078	28321586	28321368	2.77e-55	226
query	2	86.111	216	85781	85990	194789	194999	3.58e-54	222
query	2	86.047	215	45508	45716	6488986	6488776	3.58e-54	222
query	2	82.937	252	86514	86762	9609484	9609236	3.58e-54	222
query	2	87.065	201	73872	74070	9883794	9883597	3.58e-54	222
query	2	82.222	270	86083	86347	30387094	30387357	3.58e-54	222
query	2	89.385	179	45508	45685	31620180	31620004	3.58e-54	222
query	2	91.824	159	85623	85781	36736493	36736335	3.58e-54	222
query	2	90.909	165	59695	59859	2061311	2061148	1.29e-53	220
query	2	81.720	279	73796	74070	37253725	37253457	1.29e-53	220
query	2	82.490	257	86100	86349	901347	901600	1.66e-52	217
query	2	83.142	261	75401	75643	2868562	2868817	1.66e-52	217
query	2	82.692	260	75402	75648	37915558	37915302	1.66e-52	217
query	2	76.344	465	84897	85344	901341	901784	5.99e-52	215
query	2	85.000	220	85781	85990	31615185	31615404	5.99e-52	215
query	2	84.141	227	52852	53078	5853541	5853323	2.15e-51	213
query	2	81.315	289	85993	86276	26852742	26852472	2.15e-51	213
query	2	85.377	212	45508	45713	4756125	4755918	7.74e-51	211
query	2	74.682	628	85172	85766	42240963	42240377	7.74e-51	211
query	2	87.166	187	19509	19693	35518019	35517835	2.78e-50	209
query	2	90.566	159	85833	85990	36736493	36736335	2.78e-50	209
query	2	78.747	367	86068	86418	42240720	42240377	2.78e-50	209
query	2	85.096	208	85781	85982	8947915	8947709	3.60e-49	206
query	2	88.068	176	85818	85990	23779879	23780053	3.60e-49	206
query	2	80.769	286	85997	86276	27982221	27981954	4.66e-48	202
query	2	76.733	404	85000	85390	885011	884623	1.68e-47	200
query	2	80.702	285	85997	86276	33248591	33248325	1.68e-47	200
query	2	83.486	218	86137	86351	39585175	39585390	6.03e-47	198
query	2	81.298	262	86524	86784	424557	424313	2.17e-46	196
query	2	83.962	212	45504	45713	19703640	19703436	7.80e-46	195
query	2	80.420	286	85997	86276	33540266	33540000	7.80e-46	195
query	2	81.526	249	86106	86351	885011	884774	2.80e-45	193
query	2	79.667	300	86055	86351	1059251	1058974	2.80e-45	193
query	2	76.267	434	85105	85522	4304829	4304422	2.80e-45	193
query	2	72.294	924	84796	85704	22969183	22970018	2.80e-45	193
query	2	85.714	189	86132	86317	4304353	4304171	1.01e-44	191
query	2	77.647	340	33897	34234	8888638	8888315	1.01e-44	191
query	2	82.403	233	73845	74072	34577204	34576981	1.01e-44	191
query	2	80.709	254	71292	71543	36408469	36408717	1.01e-44	191
query	2	81.323	257	75404	75643	41604242	41603989	1.01e-44	191
query	2	80.460	261	86516	86774	10240712	10240963	3.63e-44	189
query	2	83.732	209	85788	85990	32495565	32495769	3.63e-44	189
query	2	75.052	485	84877	85344	1163465	1163924	1.30e-43	187
query	2	79.931	289	85994	86270	32495414	32495686	1.30e-43	187
query	2	74.372	597	85172	85737	35133849	35133296	1.30e-43	187
query	2	80.000	285	85997	86276	3498541	3498279	4.69e-43	185
query	2	80.682	264	75400	75648	38174555	38174298	4.69e-43	185
query	2	80.162	247	86525	86770	22233827	22233582	1.69e-42	183
query	2	85.000	180	85816	85994	30388864	30389042	6.07e-42	182
query	2	82.063	223	75402	75611	199960	200182	7.85e-41	178
query	2	72.822	769	84887	85633	1121208	1120509	7.85e-41	178
query	2	80.159	252	85141	85390	4304304	4304063	7.85e-41	178
query	2	81.116	233	73845	74073	4869997	4869771	7.85e-41	178
query	2	94.068	118	53601	53717	25653544	25653428	7.85e-41	178
query	2	80.478	251	75407	75643	29254066	29254315	7.85e-41	178
query	2	84.000	200	75402	75587	38906812	38906614	7.85e-41	178
query	2	75.271	461	85329	85767	41603780	41604217	7.85e-41	178
query	2	78.322	286	85993	86276	27267611	27267888	2.82e-40	176
query	2	81.223	229	73848	74072	30386668	30386447	1.02e-39	174
query	2	83.163	196	86159	86351	30387094	30387287	1.02e-39	174
query	2	78.968	252	71292	71542	28398396	28398646	1.31e-38	171
query	2	88.652	141	85850	85990	32249918	32249779	1.31e-38	171
query	2	87.500	152	77082	77230	38749845	38749993	1.31e-38	171
query	2	83.173	208	85777	85975	42240572	42240377	1.31e-38	171
query	2	81.532	222	75404	75611	2870300	2870520	4.73e-38	169
query	2	88.194	144	85842	85982	10178993	10178850	4.73e-38	169
query	2	73.729	590	85172	85737	29779729	29780274	4.73e-38	169
query	2	78.824	255	71290	71542	8952056	8951805	1.70e-37	167
query	2	79.200	250	71295	71541	37234116	37233871	1.70e-37	167
query	2	88.889	135	56431	56565	1090690	1090557	6.11e-37	165
query	2	79.231	260	75404	75648	31896740	31896484	6.11e-37	165
query	2	91.057	123	59537	59659	2061432	2061313	2.20e-36	163
query	2	80.804	224	75437	75648	6858709	6858490	7.91e-36	161
query	2	90.323	124	60040	60162	38084426	38084304	7.91e-36	161
query	2	80.000	230	73845	74070	2940363	2940141	2.84e-35	159
query	2	86.301	146	52914	53059	22347168	22347023	2.84e-35	159
query	2	87.770	139	45507	45645	30281435	30281300	2.84e-35	159
query	2	78.175	252	71292	71542	3269571	3269819	1.02e-34	158
query	2	74.828	437	85321	85737	3533785	3534197	1.02e-34	158
query	2	86.897	145	85557	85699	4304353	4304213	1.02e-34	158
query	2	80.357	224	73845	74063	7459054	7459269	1.02e-34	158
query	2	81.443	194	71289	71481	8950985	8951178	1.02e-34	158
query	2	78.988	257	75402	75643	26856460	26856208	1.02e-34	158
query	2	80.804	224	75401	75611	35943318	35943535	1.02e-34	158
query	2	87.407	135	56431	56565	24552544	24552677	1.32e-33	154
query	2	87.407	135	56431	56565	24555812	24555945	1.32e-33	154
query	2	78.906	256	75401	75643	32531109	32530863	1.32e-33	154
query	2	85.430	151	85562	85709	39585175	39585325	1.32e-33	154
query	2	90.083	121	53601	53718	22020940	22021058	4.76e-33	152
query	2	89.516	124	53597	53719	650533	650650	1.71e-32	150
query	2	72.814	629	84776	85392	6919848	6920416	6.16e-32	148
query	2	79.565	230	75434	75648	25489113	25489339	6.16e-32	148
query	2	80.729	192	71291	71481	28399441	28399250	6.16e-32	148
query	2	90.991	111	85836	85946	30216527	30216636	6.16e-32	148
query	2	77.903	267	75400	75648	6293572	6293834	2.21e-31	147
query	2	86.232	138	86140	86276	26952201	26952336	2.21e-31	147
query	2	81.218	197	52856	53052	30668702	30668884	2.21e-31	147
query	2	87.023	131	85836	85965	41604077	41604206	2.21e-31	147
query	2	85.714	140	86140	86276	8947919	8947781	7.97e-31	145
query	2	95.556	90	86187	86276	32243642	32243553	7.97e-31	145
query	2	72.370	637	84996	85620	901852	902434	1.03e-29	141
query	2	84.932	146	86208	86351	4304353	4304213	1.03e-29	141
query	2	81.443	194	75452	75630	4690710	4690899	1.03e-29	141
query	2	77.091	275	85429	85699	21588146	21587887	1.03e-29	141
query	2	80.208	192	71292	71482	36057495	36057683	1.03e-29	141
query	2	78.829	222	85400	85620	893940	893729	3.71e-29	139
query	2	84.354	147	85847	85990	21932207	21932351	3.71e-29	139
query	2	74.468	423	84821	85240	29506733	29507110	3.71e-29	139
query	2	79.327	208	85990	86196	39974031	39974232	3.71e-29	139
query	2	84.783	138	75499	75636	36156542	36156406	1.33e-28	137
query	2	78.696	230	73845	74072	11387650	11387862	4.79e-28	135
query	2	75.449	334	85303	85625	32495237	32495552	4.79e-28	135
query	2	75.221	339	85804	86122	33004134	33003803	4.79e-28	135
query	2	84.962	133	85842	85974	35133400	35133269	1.72e-27	134
query	2	84.286	140	86281	86420	41119001	41118866	1.72e-27	134
query	2	85.827	127	85788	85908	1058802	1058678	8.02e-26	128
query	2	80.328	183	85446	85625	1163990	1164163	8.02e-26	128
query	2	82.278	158	86108	86261	11385383	11385534	8.02e-26	128
query	2	84.848	132	75499	75630	29779915	29779789	8.02e-26	128
query	2	82.895	152	86055	86198	36845143	36844993	8.02e-26	128
query	2	81.818	165	19594	19758	38817647	38817800	8.02e-26	128
query	2	88.679	106	85804	85908	884877	884774	2.89e-25	126
query	2	83.453	139	75500	75636	3533834	3533697	2.89e-25	126
query	2	88.679	106	85804	85908	4545129	4545026	2.89e-25	126
query	2	83.217	143	85836	85976	29701426	29701287	2.89e-25	126
query	2	87.850	107	62412	62517	16929723	16929829	1.04e-24	124
query	2	82.000	150	63645	63792	21539258	21539405	1.04e-24	124
query	2	81.212	165	86285	86445	29701419	29701261	1.04e-24	124
query	2	89.109	101	85836	85936	35943478	35943379	1.04e-24	124
query	2	80.682	176	76741	76907	38749902	38750073	1.04e-24	124
query	2	80.203	197	86161	86351	42000734	42000558	1.04e-24	124
query	2	87.156	109	53600	53706	3243892	3244000	3.73e-24	122
query	2	76.000	275	85414	85683	16798605	16798862	3.73e-24	122
query	2	86.607	112	85836	85946	25489246	25489136	3.73e-24	122
query	2	94.872	78	86199	86276	36736493	36736416	3.73e-24	122
query	2	78.182	220	86205	86408	36844895	36844679	3.73e-24	122
query	2	88.350	103	84874	84976	11385420	11385518	1.34e-23	121
query	2	84.252	127	78180	78304	30982839	30982714	1.34e-23	121
query	2	75.405	309	86068	86363	3533731	3534019	4.83e-23	119
query	2	86.239	109	58335	58443	4694511	4694619	4.83e-23	119
query	2	87.037	108	85626	85732	29701426	29701321	4.83e-23	119
query	2	77.612	201	71284	71481	37232869	37233068	4.83e-23	119
query	2	79.474	190	84782	84966	28965965	28966140	1.74e-22	117
query	2	86.792	106	85804	85908	6346306	6346203	6.25e-22	115
query	2	79.545	176	76740	76906	7037740	7037568	6.25e-22	115
query	2	82.270	141	85247	85380	36845143	36845003	6.25e-22	115
query	2	83.846	130	85818	85946	37915383	37915503	6.25e-22	115
query	2	84.252	127	85788	85908	38256464	38256587	6.25e-22	115
query	2	76.444	225	19539	19761	26504208	26504424	2.25e-21	113
query	2	75.532	282	86071	86341	29779814	29780079	2.25e-21	113
query	2	85.841	113	85836	85946	38308878	38308984	2.25e-21	113
query	2	77.376	221	76740	76949	3391395	3391185	8.08e-21	111
query	2	93.506	77	77711	77785	4600431	4600505	8.08e-21	111
query	2	73.890	383	85172	85533	36156347	36156705	8.08e-21	111
query	2	84.685	111	85034	85143	569374	569483	2.91e-20	110
query	2	82.812	128	75499	75625	32530009	32529886	2.91e-20	110
query	2	76.923	221	86131	86341	36156493	36156705	2.91e-20	110
query	2	82.707	133	86068	86198	2868779	2868656	1.05e-19	108
query	2	91.250	80	45506	45584	19708028	19707949	1.05e-19	108
query	2	75.806	248	85224	85469	26951827	26952056	1.05e-19	108
query	2	75.368	272	84880	85143	30387088	30387342	1.05e-19	108
query	2	73.427	429	85324	85737	38308599	38308984	1.05e-19	108
query	2	90.244	82	85842	85923	3533788	3533868	3.76e-19	106
query	2	85.714	105	86285	86389	32528466	32528564	3.76e-19	106
query	2	82.258	124	60040	60162	33545612	33545490	3.76e-19	106
query	2	81.343	134	85993	86124	6920286	6920416	1.35e-18	104
query	2	83.036	112	71372	71483	5862659	5862548	4.86e-18	102
query	2	81.818	132	86068	86198	6858532	6858655	4.86e-18	102
query	2	84.762	105	85801	85904	30387256	30387357	4.86e-18	102
query	2	81.955	133	86068	86198	41604027	41604150	4.86e-18	102
query	2	76.303	211	85992	86198	200252	200052	1.75e-17	100
query	2	78.212	179	85512	85684	16799434	16799603	1.75e-17	100
query	2	88.750	80	58367	58446	1090615	1090694	6.29e-17	99.0
query	2	90.541	74	86125	86198	30216526	30216599	6.29e-17	99.0
query	2	76.233	223	86055	86265	36156493	36156705	6.29e-17	99.0
query	2	75.847	236	85167	85390	2868878	2868656	2.26e-16	97.1
query	2	81.746	126	85260	85384	6858532	6858649	2.26e-16	97.1
query	2	92.647	68	86132	86198	25489239	25489173	2.26e-16	97.1
query	2	75.610	246	86032	86265	29779850	29780079	2.26e-16	97.1
query	2	74.910	279	86125	86388	32528458	32528718	2.26e-16	97.1
query	2	83.962	106	9231	9334	32891678	32891576	2.26e-16	97.1
query	2	88.889	81	77710	77788	36938855	36938934	2.26e-16	97.1
query	2	71.970	528	84797	85316	6919947	6920416	8.14e-16	95.3
query	2	75.417	240	86032	86261	3533770	3533993	2.93e-15	93.5
query	2	79.851	134	85990	86122	3758115	3758244	2.93e-15	93.5
query	2	89.474	76	85842	85915	4304353	4304280	2.93e-15	93.5
query	2	82.301	113	85594	85703	22970183	22970292	2.93e-15	93.5
query	2	77.976	168	19984	20138	26373205	26373039	2.93e-15	93.5
query	2	75.214	234	86053	86275	32528463	32528687	2.93e-15	93.5
query	2	91.176	68	86131	86198	35943473	35943406	2.93e-15	93.5
query	2	75.587	213	85180	85390	200251	200052	1.05e-14	91.6
query	2	80.000	135	85989	86122	6858530	6858655	1.05e-14	91.6
query	2	91.176	68	85324	85390	25489239	25489173	1.05e-14	91.6
query	2	80.000	130	85990	86118	28085772	28085648	1.05e-14	91.6
query	2	91.176	68	86132	86198	38174395	38174461	1.05e-14	91.6
query	2	87.500	80	86038	86116	39974150	39974228	1.05e-14	91.6
query	2	79.688	128	85990	86116	38256608	38256732	3.79e-14	89.8
query	2	93.333	60	86140	86198	32530961	32531019	1.36e-13	87.9
query	2	89.706	68	86132	86198	26856303	26856369	4.90e-13	86.1
query	2	80.328	122	86068	86188	31083814	31083700	4.90e-13	86.1
query	2	78.621	145	86132	86275	32528397	32528531	4.90e-13	86.1
query	2	79.389	131	86068	86198	37915344	37915467	4.90e-13	86.1
query	2	89.706	68	86132	86198	38906655	38906721	4.90e-13	86.1
query	2	79.389	131	85260	85390	41119054	41118932	4.90e-13	86.1
query	2	79.699	133	85260	85390	41604027	41604150	4.90e-13	86.1
query	2	78.358	134	85990	86122	6331470	6331600	1.76e-12	84.2
query	2	93.103	58	86140	86196	32529969	32530025	1.76e-12	84.2
query	2	86.076	79	86044	86122	32530943	32531019	1.76e-12	84.2
query	2	89.552	67	86056	86122	41118996	41118932	1.76e-12	84.2
query	2	85.366	82	86044	86122	2868737	2868656	6.33e-12	82.4
query	2	78.358	134	85990	86122	4304192	4304063	6.33e-12	82.4
query	2	88.406	69	56436	56504	4694613	4694546	6.33e-12	82.4
query	2	89.231	65	85317	85381	30216526	30216590	6.33e-12	82.4
query	2	91.525	59	86055	86113	30216532	30216590	6.33e-12	82.4
query	2	86.667	75	86044	86118	32529951	32530023	6.33e-12	82.4
query	2	91.525	59	85332	85390	32530961	32531019	6.33e-12	82.4
query	2	82.000	100	53602	53698	22141686	22141589	2.28e-11	80.5
query	2	88.235	68	86056	86122	25489239	25489173	2.28e-11	80.5
query	2	79.508	122	85260	85380	31083814	31083700	2.28e-11	80.5
query	2	78.195	133	77083	77212	32527901	32527771	2.28e-11	80.5
query	2	91.379	58	86055	86112	35943473	35943416	2.28e-11	80.5
query	2	91.379	58	85323	85380	35943473	35943416	2.28e-11	80.5
query	2	88.235	68	85324	85390	38174395	38174461	2.28e-11	80.5
query	2	88.235	68	86056	86122	38174395	38174461	2.28e-11	80.5
query	2	88.406	69	85324	85390	38906655	38906721	2.28e-11	80.5
query	2	88.235	68	86056	86122	41604084	41604150	2.28e-11	80.5
query	2	89.062	64	58366	58428	4694467	4694405	8.19e-11	78.7
query	2	75.455	220	75429	75622	22970430	22970216	8.19e-11	78.7
query	2	88.235	68	86132	86198	31896584	31896649	8.19e-11	78.7
query	2	91.228	57	85332	85388	32529969	32530025	8.19e-11	78.7
query	2	91.379	58	86056	86112	38906655	38906711	8.19e-11	78.7
query	2	88.235	68	85248	85314	41118996	41118932	8.19e-11	78.7
query	2	84.146	82	86044	86122	26856288	26856369	2.95e-10	76.8
query	2	83.951	81	9274	9353	31361370	31361290	2.95e-10	76.8
query	2	92.308	52	38868	38919	1880986	1880935	1.06e-09	75.0
query	2	92.308	52	30188	30239	1880986	1880935	1.06e-09	75.0
query	2	86.765	68	85324	85390	26856303	26856369	1.06e-09	75.0
query	2	72.509	291	76740	77019	32527847	32527567	1.06e-09	75.0
query	2	89.655	58	76740	76796	30216037	30215981	3.81e-09	73.1
query	2	82.558	86	85823	85907	39585836	39585919	3.81e-09	73.1
query	2	89.474	57	86056	86112	200117	200062	1.37e-08	71.3
query	2	86.364	66	86135	86198	6293732	6293667	1.37e-08	71.3
query	2	77.160	162	75429	75566	22970155	22969995	1.37e-08	71.3
query	2	89.474	57	85324	85380	31896584	31896638	1.37e-08	71.3
query	2	89.474	57	86056	86112	31896584	31896638	1.37e-08	71.3
query	2	80.000	105	85260	85364	37915344	37915441	1.37e-08	71.3
query	2	89.286	56	75499	75554	6331356	6331302	4.93e-08	69.4
query	2	84.507	71	63901	63971	8193878	8193947	4.93e-08	69.4
query	2	82.278	79	86038	86115	884707	884630	1.77e-07	67.6
query	2	89.091	55	75500	75554	2028355	2028303	1.77e-07	67.6
query	2	91.837	49	74024	74072	9874452	9874405	1.77e-07	67.6
query	2	87.719	57	76744	76800	26998934	26998878	1.77e-07	67.6
query	2	87.931	58	86056	86112	31083756	31083700	1.77e-07	67.6
query	2	90.196	51	75499	75549	39974216	39974166	1.77e-07	67.6
query	2	87.719	57	75499	75554	1058771	1058827	6.38e-07	65.8
query	2	93.333	45	60019	60063	38084459	38084416	6.38e-07	65.8
query	2	97.297	37	58780	58816	27160202	27160166	2.29e-06	63.9
query	2	95.122	41	86056	86096	37915402	37915441	2.29e-06	63.9
query	2	86.207	58	75499	75554	2872599	2872542	8.25e-06	62.1
query	11	84.410	1610	76740	78297	31009828	31008241	0.0	1515
query	11	75.920	1603	32657	34234	10051937	10050361	0.0	774
query	11	76.605	1449	32801	34234	7782891	7784324	0.0	771
query	11	76.491	1425	32824	34234	22824774	22823364	0.0	750
query	11	76.240	1452	32801	34234	15149892	15151325	0.0	737
query	11	75.330	1593	32658	34234	7903065	7901490	0.0	734
query	11	75.220	1590	32662	34234	11768270	11766698	0.0	723
query	11	75.691	1448	32801	34234	13727674	13729107	0.0	699
query	11	76.483	1433	85032	86433	471640	470278	0.0	686
query	11	78.443	1169	84652	85781	29379971	29378861	0.0	673
query	11	80.736	924	84782	85700	26939257	26940130	0.0	669
query	11	75.184	1491	32658	34129	10446949	10448417	0.0	665
query	11	75.190	1447	32804	34234	21783604	21782173	0.0	654
query	11	77.627	1180	84649	85781	7933693	7934829	3.88e-178	634
query	11	77.672	1160	84649	85781	8100174	8101278	1.39e-177	632
query	11	74.861	1444	32801	34230	19081480	19082909	5.02e-177	630
query	11	81.097	857	84776	85622	645693	646496	6.49e-176	627
query	11	80.597	871	84831	85699	31101894	31101086	5.05e-172	614
query	11	77.327	1182	84648	85781	16855325	16856458	6.53e-171	610
query	11	81.429	770	84776	85540	8100474	8101194	5.12e-162	580
query	11	78.104	1023	84776	85781	645617	646578	6.63e-161	577
query	11	81.201	766	84776	85536	26937926	26938650	2.38e-160	575
query	11	81.102	762	84782	85536	26933600	26932880	1.43e-157	566
query	11	80.754	769	84776	85540	1136314	1137043	6.67e-156	560
query	11	80.713	757	85034	85781	30356629	30355902	3.11e-154	555
query	11	80.683	761	85034	85781	25931748	25931017	1.12e-153	553
query	11	77.148	1094	84736	85781	29337238	29338290	1.12e-153	553
query	11	80.545	771	84776	85537	27415343	27416072	5.20e-152	547
query	11	77.872	940	84864	85781	26799371	26800263	1.13e-143	520
query	11	80.498	723	84823	85540	29369105	29369786	1.90e-141	512
query	11	74.909	1379	84785	86124	471637	470358	1.14e-138	503
query	11	77.505	938	84864	85781	31251881	31252769	1.48e-137	499
query	11	78.103	854	85160	85990	26937914	26938739	6.87e-136	494
query	11	76.333	1069	84654	85709	1194774	1193784	3.19e-134	488
query	11	77.827	911	84890	85781	3153426	3152581	1.15e-133	486
query	11	75.838	1134	84668	85773	30598013	30599073	1.49e-132	483
query	11	77.412	912	84895	85781	370534	371399	6.91e-131	477
query	11	80.145	690	84782	85468	30356632	30355984	2.49e-130	475
query	11	77.140	923	84874	85781	469468	468599	8.94e-130	473
query	11	76.115	1076	84649	85709	2533308	2534300	8.94e-130	473
query	11	77.074	916	85105	85990	16855577	16856458	1.16e-128	470
query	11	77.174	920	85102	85990	29379740	29378861	1.16e-128	470
query	11	91.740	339	59537	59875	23482659	23482325	4.16e-128	468
query	11	76.965	916	85105	85990	7933947	7934829	5.38e-127	464
query	11	77.017	905	85105	85980	1194520	1193649	1.94e-126	462
query	11	75.885	1074	84649	85709	370251	371241	6.96e-126	460
query	11	79.200	750	84797	85540	2372970	2372287	3.24e-124	455
query	11	92.000	325	59537	59861	22794753	22795073	1.17e-123	453
query	11	91.743	327	59537	59863	2345293	2344970	4.19e-123	451
query	11	90.855	339	59537	59875	17299488	17299822	4.19e-123	451
query	11	77.819	807	85207	85990	31113957	31114728	1.95e-121	446
query	11	84.683	457	85997	86446	646148	646591	3.26e-119	438
query	11	91.331	323	59537	59859	8749380	8749699	3.26e-119	438
query	11	78.403	764	85034	85781	31114012	31114728	3.26e-119	438
query	11	75.943	981	85034	85990	3153511	3152581	1.17e-118	436
query	11	79.351	678	85034	85699	645702	646345	4.22e-118	435
query	11	75.822	1034	84786	85781	31472743	31473706	2.54e-115	425
query	11	83.836	464	85993	86451	16856029	16856476	3.29e-114	422
query	11	91.503	306	59559	59864	26095794	26095493	4.25e-113	418
query	11	75.350	1071	84652	85709	29429369	29428398	1.98e-111	412
query	11	83.476	466	85993	86448	26799829	26800278	7.11e-111	411
query	11	76.251	939	84867	85781	2373067	2372202	2.56e-110	409
query	11	76.108	925	84878	85772	3722114	3721243	9.20e-110	407
query	11	83.297	455	85993	86444	26938307	26938750	9.20e-110	407
query	11	76.212	887	85049	85908	31102002	31101156	9.20e-110	407
query	11	83.188	458	85993	86447	7934399	7934843	3.31e-109	405
query	11	75.405	1049	84786	85796	27045067	27044092	3.31e-109	405
query	11	76.295	869	85141	85982	30598242	30599073	3.31e-109	405
query	11	75.292	1028	84776	85781	3618181	3617228	1.19e-108	403
query	11	76.322	870	84864	85708	8100305	8101131	1.19e-108	403
query	11	75.906	938	84782	85704	31102017	31101152	1.54e-107	399
query	11	88.957	326	59537	59861	26847196	26847516	5.54e-107	398
query	11	77.437	749	85049	85781	30257095	30257805	5.54e-107	398
query	11	82.895	456	85993	86444	8100847	8101289	7.16e-106	394
query	11	78.152	682	85781	86446	29428893	29428240	7.16e-106	394
query	11	90.333	300	59537	59836	1985605	1985902	2.58e-105	392
query	11	78.249	708	85781	86447	27044321	27043647	1.20e-103	387
query	11	82.684	462	85993	86445	31252339	31252781	4.31e-103	385
query	11	77.794	698	85018	85699	29379753	29379094	5.58e-102	381
query	11	77.988	686	84999	85665	2893842	2893194	2.01e-101	379
query	11	82.379	454	85997	86445	29337861	29338302	2.01e-101	379
query	11	75.000	1036	84786	85781	2132380	2133346	7.21e-101	377
query	11	74.951	1030	84776	85781	26974602	26975551	7.21e-101	377
query	11	74.854	1026	84776	85781	312564	311617	2.59e-100	375
query	11	74.805	1024	84776	85781	2629595	2628650	9.33e-100	374
query	11	77.025	753	85049	85781	7248133	7247427	3.36e-99	372
query	11	75.450	945	84735	85665	29368818	29369681	3.36e-99	372
query	11	75.480	885	84867	85709	30925953	30925099	1.56e-97	366
query	11	79.962	529	85141	85665	25931712	25931207	5.62e-97	364
query	11	77.760	643	85810	86433	2836731	2837357	2.02e-96	363
query	11	74.738	1049	84785	85781	26014032	26015016	2.02e-96	363
query	11	86.866	335	59536	59859	4322005	4321676	7.27e-96	361
query	11	81.579	456	85997	86446	4891433	4891877	7.27e-96	361
query	11	75.385	910	84887	85781	471115	470278	2.61e-95	359
query	11	73.414	1245	84785	85990	312783	311617	9.40e-95	357
query	11	81.545	466	85993	86443	370958	371409	9.40e-95	357
query	11	76.448	777	84880	85625	30598126	30598863	9.40e-95	357
query	11	78.197	610	85105	85704	31102021	31101439	3.38e-94	355
query	11	76.788	741	84996	85709	31251923	31252624	3.38e-94	355
query	11	78.347	605	85105	85699	29429133	29428560	1.22e-93	353
query	11	74.776	1003	84797	85781	3345219	3344307	4.37e-93	351
query	11	73.461	1251	84785	85990	26974386	26975551	4.37e-93	351
query	11	81.410	468	85993	86454	3152999	3152561	1.57e-92	350
query	11	78.109	603	77710	78300	27407238	27407817	1.57e-92	350
query	11	81.514	449	85339	85781	611420	610989	5.66e-92	348
query	11	80.404	495	85298	85781	27371326	27370852	5.66e-92	348
query	11	87.097	310	59537	59845	3552936	3552632	2.03e-91	346
query	11	77.033	701	85119	85781	1543468	1542793	7.32e-91	344
query	11	76.046	789	84942	85712	29379739	29379005	7.32e-91	344
query	11	75.969	774	85026	85781	28250309	28251038	2.63e-90	342
query	11	73.151	1244	84785	85990	3618394	3617228	9.47e-90	340
query	11	79.198	524	85179	85699	25931751	25931250	9.47e-90	340
query	11	74.305	1043	84785	85781	3998133	3997158	1.22e-88	337
query	11	77.724	615	85057	85665	30492062	30492638	1.22e-88	337
query	11	73.161	1237	84785	85982	30256641	30257797	4.40e-88	335
query	11	77.112	651	85799	86433	31114108	31114728	4.40e-88	335
query	11	75.716	803	85562	86317	645616	646388	5.70e-87	331
query	11	78.087	575	85143	85709	30925797	30925250	5.70e-87	331
query	11	73.068	1255	84785	85990	469776	468599	2.05e-86	329
query	11	73.344	1238	84785	85982	1543939	1542801	2.05e-86	329
query	11	82.979	376	86076	86445	2372559	2372190	2.05e-86	329
query	11	74.250	1033	84786	85781	31505934	31506886	2.65e-85	326
query	11	83.908	348	86474	86810	18866520	18866175	1.23e-83	320
query	11	76.046	693	85034	85712	30102697	30103359	1.23e-83	320
query	11	75.000	848	84867	85684	2629971	2629173	4.43e-83	318
query	11	73.921	1043	84785	85781	27040688	27041664	1.60e-82	316
query	11	91.964	224	52854	53077	14975784	14975561	5.74e-82	315
query	11	76.453	688	85119	85781	3843057	3842411	2.06e-81	313
query	11	80.045	446	85263	85704	25931746	25931319	7.42e-81	311
query	11	76.998	613	85761	86351	645757	646345	2.67e-80	309
query	11	79.823	451	85339	85781	4891431	4891864	3.45e-79	305
query	11	86.926	283	73796	74072	26562451	26562176	3.45e-79	305
query	11	82.913	357	86470	86813	28597465	28597113	3.45e-79	305
query	11	86.054	294	86030	86317	29379338	29379051	3.45e-79	305
query	11	77.699	565	85804	86351	29379631	29379094	3.45e-79	305
query	11	86.738	279	73798	74074	8716736	8716464	1.24e-78	303
query	11	74.354	967	84786	85699	26013959	26014856	1.61e-77	300
query	11	79.060	468	85191	85651	27415208	27415659	1.61e-77	300
query	11	80.332	422	85360	85773	1179135	1179541	5.78e-77	298
query	11	76.634	612	85329	85918	29429136	29428549	2.08e-76	296
query	11	74.601	815	85417	86199	2373060	2372283	7.47e-76	294
query	11	87.072	263	86524	86784	25551656	25551396	7.47e-76	294
query	11	87.072	263	86524	86784	25568799	25568539	7.47e-76	294
query	11	87.072	263	86524	86784	25585943	25585683	7.47e-76	294
query	11	77.799	527	85810	86317	25931718	25931207	7.47e-76	294
query	11	81.102	381	85975	86351	29429146	29428774	7.47e-76	294
query	11	90.667	225	52853	53077	30529729	30529511	7.47e-76	294
query	11	85.000	300	19518	19813	31041624	31041915	7.47e-76	294
query	11	83.133	332	19521	19847	20313452	20313127	2.69e-75	292
query	11	82.934	334	56716	57038	2471731	2471403	1.25e-73	287
query	11	86.692	263	86524	86784	3579633	3579374	1.25e-73	287
query	11	81.894	359	85997	86351	25931594	25931250	1.25e-73	287
query	11	76.499	617	85331	85918	30925842	30925250	1.25e-73	287
query	11	81.067	375	85329	85699	370504	370867	4.50e-73	285
query	11	85.978	271	86524	86794	3959848	3959583	4.50e-73	285
query	11	84.965	286	59559	59843	20945631	20945911	4.50e-73	285
query	11	85.663	279	73796	74072	26567304	26567034	4.50e-73	285
query	11	74.836	763	84786	85540	47909	47206	1.62e-72	283
query	11	84.429	289	86516	86803	2382625	2382912	1.62e-72	283
query	11	87.059	255	57516	57767	3538456	3538707	1.62e-72	283
query	11	86.312	263	86524	86784	22162284	22162024	1.62e-72	283
query	11	73.964	941	84786	85703	27371863	27371005	1.62e-72	283
query	11	77.737	539	84868	85392	31252190	31252691	1.62e-72	283
query	11	84.946	279	86524	86798	3612741	3613019	2.09e-71	279
query	11	83.784	296	86516	86810	3968730	3968436	2.09e-71	279
query	11	84.429	289	59559	59846	26097832	26098116	2.09e-71	279
query	11	84.806	283	86524	86804	21888881	21888605	7.53e-71	278
query	11	85.348	273	73796	74066	19394531	19394796	9.74e-70	274
query	11	76.190	630	84776	85392	29337631	29338210	9.74e-70	274
query	11	82.059	340	45507	45832	3903424	3903091	3.50e-69	272
query	11	80.052	381	85975	86351	7933934	7934307	3.50e-69	272
query	11	82.282	333	45507	45832	18790685	18790363	3.50e-69	272
query	11	85.551	263	86524	86784	31457378	31457118	3.50e-69	272
query	11	84.643	280	73796	74072	13743235	13742963	1.26e-68	270
query	11	83.333	306	19518	19817	29969492	29969789	1.26e-68	270
query	11	84.477	277	85507	85781	1658838	1658566	4.53e-68	268
query	11	73.712	951	84781	85703	3618249	3617382	4.53e-68	268
query	11	76.090	619	84785	85390	645927	646496	1.63e-67	267
query	11	79.607	407	85000	85392	26799790	26800183	1.63e-67	267
query	11	78.837	430	84975	85392	8100785	8101199	5.86e-67	265
query	11	84.559	272	86530	86798	21757060	21757328	5.86e-67	265
query	11	86.000	250	86529	86776	26097868	26098116	5.86e-67	265
query	11	82.524	309	85478	85781	7436164	7435861	2.11e-66	263
query	11	84.173	278	73797	74072	8722515	8722244	2.11e-66	263
query	11	82.838	303	86053	86351	26937918	26938215	2.11e-66	263
query	11	78.781	443	85374	85781	27044096	27043661	2.73e-65	259
query	11	85.098	255	71288	71542	6907076	6907327	9.81e-65	257
query	11	79.781	366	85990	86351	16855578	16855937	9.81e-65	257
query	11	81.682	333	45508	45833	26213471	26213788	9.81e-65	257
query	11	83.566	286	73796	74072	27377599	27377317	9.81e-65	257
query	11	87.013	231	73845	74072	1895452	1895679	3.53e-64	255
query	11	87.444	223	52853	53075	2380507	2380728	3.53e-64	255
query	11	86.498	237	86044	86276	3617543	3617309	3.53e-64	255
query	11	87.013	231	73845	74072	27900371	27900144	3.53e-64	255
query	11	87.013	231	73845	74072	1899861	1900087	1.27e-63	254
query	11	88.426	216	85781	85990	3344521	3344307	1.27e-63	254
query	11	81.009	337	86478	86802	26272209	26272542	1.27e-63	254
query	11	84.825	257	86516	86771	28412096	28411844	1.27e-63	254
query	11	84.861	251	86524	86773	48632	48382	4.56e-63	252
query	11	83.451	284	85997	86276	611342	611069	4.56e-63	252
query	11	83.158	285	86514	86795	4070747	4070470	4.56e-63	252
query	11	86.463	229	52849	53077	22358094	22357866	4.56e-63	252
query	11	88.263	213	85781	85990	26800051	26800263	4.56e-63	252
query	11	83.704	270	86524	86790	500346	500080	1.64e-62	250
query	11	84.030	263	86524	86784	22743912	22744172	1.64e-62	250
query	11	83.895	267	86529	86793	28647396	28647134	1.64e-62	250
query	11	82.353	306	76740	77034	30062676	30062974	1.64e-62	250
query	11	83.774	265	86524	86786	960450	960712	5.90e-62	248
query	11	87.907	215	85781	85990	4891651	4891864	5.90e-62	248
query	11	75.444	619	85326	85917	29379743	29379158	2.12e-61	246
query	11	82.867	286	85993	86275	30356261	30355984	2.12e-61	246
query	11	85.039	254	75402	75643	79768	80018	7.63e-61	244
query	11	74.781	686	84999	85665	2373025	2372391	7.63e-61	244
query	11	87.558	217	85781	85990	3997373	3997158	7.63e-61	244
query	11	90.761	184	85808	85990	7247610	7247427	7.63e-61	244
query	11	86.147	231	73845	74072	10101522	10101750	7.63e-61	244
query	11	86.207	232	73845	74072	26446549	26446776	7.63e-61	244
query	11	86.207	232	73845	74072	26451076	26451303	7.63e-61	244
query	11	90.374	187	85596	85781	29036079	29035893	7.63e-61	244
query	11	90.710	183	85809	85990	611170	610989	2.75e-60	243
query	11	87.500	216	85781	85990	1658780	1658566	2.75e-60	243
query	11	80.357	336	19509	19839	7351626	7351953	2.75e-60	243
query	11	86.087	230	73847	74072	19804250	19804477	2.75e-60	243
query	11	85.062	241	86524	86762	23157680	23157442	2.75e-60	243
query	11	83.969	262	71290	71550	23717497	23717244	2.75e-60	243
query	11	82.624	282	85503	85781	25932212	25931935	2.75e-60	243
query	11	87.500	216	85781	85990	27371065	27370852	2.75e-60	243
query	11	78.624	407	85000	85392	370919	371308	9.88e-60	241
query	11	86.087	230	73845	74072	10096849	10097073	9.88e-60	241
query	11	72.519	786	33392	34169	19912651	19913428	9.88e-60	241
query	11	90.164	183	85808	85990	470460	470278	3.55e-59	239
query	11	90.217	184	85808	85990	7436044	7435861	3.55e-59	239
query	11	80.723	332	45508	45832	11945105	11945421	3.55e-59	239
query	11	83.846	260	71292	71550	23716148	23716399	3.55e-59	239
query	11	76.438	539	84870	85390	26938158	26938657	3.55e-59	239
query	11	85.714	231	73845	74072	27895859	27895632	3.55e-59	239
query	11	79.112	383	85975	86351	29379751	29379391	3.55e-59	239
query	11	79.032	372	85988	86351	612291	611931	1.28e-58	237
query	11	78.554	401	85000	85386	7934360	7934744	1.28e-58	237
query	11	82.131	291	85990	86276	3344666	3344388	4.59e-58	235
query	11	83.794	253	71295	71546	14256214	14255966	4.59e-58	235
query	11	80.357	336	45504	45832	18701948	18701628	4.59e-58	235
query	11	89.785	186	85808	85990	26014832	26015016	4.59e-58	235
query	11	76.083	531	85141	85663	26957587	26957094	4.59e-58	235
query	11	89.730	185	85808	85990	29036077	29035893	4.59e-58	235
query	11	89.785	186	85808	85990	31473521	31473706	4.59e-58	235
query	11	80.422	332	45508	45832	1726360	1726676	1.65e-57	233
query	11	88.265	196	52885	53078	24079958	24079763	1.65e-57	233
query	11	74.875	601	85331	85908	31102022	31101443	1.65e-57	233
query	11	82.784	273	86514	86784	3282876	3283136	5.94e-57	231
query	11	78.961	385	85021	85390	16856011	16856376	5.94e-57	231
query	11	81.849	292	85990	86276	30257445	30257724	2.14e-56	230
query	11	84.914	232	73845	74072	11071036	11070809	7.69e-56	228
query	11	84.914	232	73845	74072	19397516	19397288	7.69e-56	228
query	11	89.130	184	85808	85990	25932118	25931935	7.69e-56	228
query	11	86.175	217	85781	85990	27041449	27041664	7.69e-56	228
query	11	78.590	383	85021	85390	29428701	29428333	7.69e-56	228
query	11	82.264	265	59585	59849	29644305	29644567	7.69e-56	228
query	11	83.740	246	86035	86276	468923	468681	2.77e-55	226
query	11	79.762	336	19509	19839	3832891	3832571	2.77e-55	226
query	11	85.333	225	86056	86276	7247729	7247508	2.77e-55	226
query	11	85.333	225	52855	53077	31183093	31183311	2.77e-55	226
query	11	88.710	186	85808	85990	3842596	3842411	9.95e-55	224
query	11	72.314	791	33392	34169	11926396	11927173	9.95e-55	224
query	11	80.667	300	86068	86359	612289	611994	3.58e-54	222
query	11	81.250	288	85990	86273	2836995	2837274	3.58e-54	222
query	11	89.385	179	45508	45685	18706343	18706167	3.58e-54	222
query	11	87.629	194	86086	86276	26014742	26014934	3.58e-54	222
query	11	85.915	213	85781	85990	31252560	31252769	3.58e-54	222
query	11	82.443	262	86532	86792	972114	972367	1.29e-53	220
query	11	86.935	199	85788	85982	1179343	1179541	1.29e-53	220
query	11	84.211	228	52853	53079	11065725	11065952	1.29e-53	220
query	11	84.279	229	86524	86750	24316478	24316252	1.29e-53	220
query	11	75.836	538	84868	85392	31114157	31114649	1.29e-53	220
query	11	85.446	213	85781	85990	8101067	8101278	4.63e-53	219
query	11	84.932	219	86524	86740	10558219	10558435	4.63e-53	219
query	11	83.830	235	86046	86276	28250724	28250957	4.63e-53	219
query	11	85.446	213	85781	85990	29338078	29338290	4.63e-53	219
query	11	81.625	283	85504	85781	31162800	31162530	4.63e-53	219
query	11	82.490	257	85526	85781	1215956	1216204	1.66e-52	217
query	11	84.862	218	85776	85990	2372418	2372202	1.66e-52	217
query	11	84.889	225	86129	86349	2533555	2533772	1.66e-52	217
query	11	85.253	217	85781	85990	27043876	27043661	1.66e-52	217
query	11	85.321	218	85781	85990	31506670	31506886	1.66e-52	217
query	11	79.331	329	86028	86351	3721780	3721464	5.99e-52	215
query	11	88.636	176	85808	85982	28250855	28251030	2.15e-51	213
query	11	90.625	160	45508	45666	1286024	1285867	2.78e-50	209
query	11	82.869	251	75400	75636	29439946	29440192	2.78e-50	209
query	11	87.709	179	85808	85982	2133160	2133338	3.60e-49	206
query	11	85.437	206	45508	45709	30392440	30392640	3.60e-49	206
query	11	82.283	254	75404	75643	29341289	29341039	1.30e-48	204
query	11	84.577	201	52870	53070	2268329	2268129	1.68e-47	200
query	11	80.623	289	85994	86276	30598731	30599000	1.68e-47	200
query	11	80.695	259	86524	86780	2016664	2016920	6.03e-47	198
query	11	81.707	246	86035	86276	2628966	2628725	6.03e-47	198
query	11	86.096	187	85805	85990	1216022	1216204	2.17e-46	196
query	11	76.136	440	85490	85908	25931748	25931325	2.17e-46	196
query	11	72.183	985	84776	85703	1543872	1542947	7.80e-46	195
query	11	85.789	190	45507	45694	26618758	26618574	7.80e-46	195
query	11	81.061	264	75400	75648	2073146	2072888	2.80e-45	193
query	11	88.199	161	86525	86685	22622524	22622364	2.80e-45	193
query	11	82.203	236	75419	75643	842734	842966	1.01e-44	191
query	11	77.174	368	85036	85392	4891431	4891784	1.01e-44	191
query	11	73.849	608	85110	85703	28250321	28250884	3.63e-44	189
query	11	78.078	333	84905	85228	30664089	30664407	3.63e-44	189
query	11	81.081	259	75400	75643	1099906	1100158	1.30e-43	187
query	11	76.201	437	85323	85737	3751777	3751366	1.30e-43	187
query	11	74.055	582	85114	85684	10540592	10541129	1.30e-43	187
query	11	81.301	246	75400	75631	23912048	23911803	1.30e-43	187
query	11	82.791	215	86138	86351	25931754	25931545	1.30e-43	187
query	11	83.920	199	86082	86276	25932212	25932016	4.69e-43	185
query	11	77.681	345	85993	86332	29379657	29379336	4.69e-43	185
query	11	82.589	224	85781	85990	371177	371399	1.69e-42	183
query	11	87.898	157	85836	85990	31162685	31162530	6.07e-42	182
query	11	94.118	119	53602	53719	15578519	15578636	2.18e-41	180
query	11	80.228	263	75400	75648	27403680	27403937	2.18e-41	180
query	11	79.310	261	71288	71546	27013460	27013203	7.85e-41	178
query	11	83.333	198	85577	85773	29938150	29938343	7.85e-41	178
query	11	81.116	233	73845	74072	4124430	4124204	2.82e-40	176
query	11	84.239	184	85801	85982	29938164	29938343	1.02e-39	174
query	11	91.270	126	53595	53719	26855302	26855426	1.31e-38	171
query	11	87.755	147	77085	77230	29340934	29340788	1.31e-38	171
query	11	74.060	532	84785	85308	7934256	7934742	4.73e-38	169
query	11	79.061	277	73798	74072	6524079	6524331	1.70e-37	167
query	11	92.500	120	53601	53719	19387428	19387313	1.70e-37	167
query	11	78.623	276	86125	86389	23911726	23911991	2.20e-36	163
query	11	91.667	120	53601	53719	30657397	30657281	2.20e-36	163
query	11	75.174	431	85198	85620	2836438	2836828	2.84e-35	159
query	11	77.346	309	86062	86349	8100306	8100609	2.84e-35	159
query	11	78.378	259	71291	71547	20841477	20841728	2.84e-35	159
query	11	85.000	160	21690	21848	28706601	28706444	2.84e-35	159
query	11	88.148	135	56431	56565	28706445	28706577	2.84e-35	159
query	11	79.167	264	75400	75648	29967195	29966943	2.84e-35	159
query	11	74.771	436	85198	85623	16919036	16919439	1.02e-34	158
query	11	87.770	139	75507	75643	25993618	25993753	1.02e-34	158
query	11	82.178	202	75404	75589	30111138	30110938	1.02e-34	158
query	11	77.474	293	85424	85706	16928589	16928308	3.68e-34	156
query	11	83.069	189	75399	75572	30282070	30281884	3.68e-34	156
query	11	73.519	540	84785	85316	370816	371308	1.32e-33	154
query	11	76.899	316	85399	85703	611439	611142	4.76e-33	152
query	11	77.663	291	86062	86351	2533434	2533698	4.76e-33	152
query	11	77.003	287	85416	85699	11513004	11512729	4.76e-33	152
query	11	78.295	258	75404	75648	27406389	27406642	1.71e-32	150
query	11	80.095	211	85990	86198	1193923	1193721	6.16e-32	148
query	11	86.232	138	75500	75636	3751729	3751865	6.16e-32	148
query	11	86.567	134	59558	59691	29818516	29818649	6.16e-32	148
query	11	80.628	191	71292	71481	27011996	27012186	2.21e-31	147
query	11	87.805	123	73951	74073	4582406	4582285	2.86e-30	143
query	11	80.000	205	85997	86198	26938459	26938657	2.86e-30	143
query	11	88.889	117	86160	86275	29036091	29035976	2.86e-30	143
query	11	77.947	263	75400	75648	28762905	28762655	1.03e-29	141
query	11	76.892	251	71292	71541	2463307	2463554	3.71e-29	139
query	11	75.072	345	85571	85906	2533443	2533772	3.71e-29	139
query	11	80.000	210	85781	85981	3721443	3721243	3.71e-29	139
query	11	79.592	196	71287	71481	14254931	14255125	3.71e-29	139
query	11	76.632	291	19533	19823	29834232	29833968	1.33e-28	137
query	11	82.716	162	19985	20135	3761534	3761694	1.72e-27	134
query	11	86.614	127	85788	85908	646222	646345	6.20e-27	132
query	11	90.196	102	62417	62517	15593130	15593231	6.20e-27	132
query	11	89.623	106	85804	85908	29379197	29379094	6.20e-27	132
query	11	87.069	116	85804	85918	26938331	26938445	2.23e-26	130
query	11	85.600	125	63851	63974	27892378	27892254	2.23e-26	130
query	11	81.395	172	76740	76903	29340881	29340713	2.23e-26	130
query	11	72.968	529	85810	86317	2372878	2372391	8.02e-26	128
query	11	88.679	106	85804	85908	25931353	25931250	2.89e-25	126
query	11	83.571	140	75499	75636	29857675	29857811	2.89e-25	126
query	11	82.394	142	86108	86248	3889233	3889368	1.74e-22	117
query	11	79.096	177	85141	85316	4891613	4891784	1.74e-22	117
query	11	77.253	233	86138	86351	8100306	8100535	1.74e-22	117
query	11	84.000	125	84868	84989	28594117	28594240	1.74e-22	117
query	11	79.882	169	45543	45709	844891	845052	6.25e-22	115
query	11	82.353	136	85990	86124	26800051	26800183	6.25e-22	115
query	11	81.481	135	85259	85392	470491	470358	2.91e-20	110
query	11	81.618	136	85990	86124	29338078	29338210	2.91e-20	110
query	11	81.618	136	85990	86124	371177	371308	1.05e-19	108
query	11	85.185	108	85801	85906	8100504	8100609	1.05e-19	108
query	11	84.762	105	52985	53089	5384160	5384264	3.76e-19	106
query	11	82.540	126	63851	63971	10288539	10288664	3.76e-19	106
query	11	86.598	97	77088	77182	26907206	26907302	3.76e-19	106
query	11	86.598	97	84875	84971	3889272	3889365	1.35e-18	104
query	11	81.022	137	85990	86124	8101067	8101199	1.35e-18	104
query	11	82.400	125	9230	9353	20304455	20304336	1.35e-18	104
query	11	94.118	68	52985	53052	25457115	25457182	1.35e-18	104
query	11	84.404	109	85592	85698	31162789	31162683	1.35e-18	104
query	11	81.955	133	86068	86198	79980	79858	4.86e-18	102
query	11	75.833	240	85160	85390	1100226	1100001	1.75e-17	100
query	11	91.781	73	73999	74071	4538964	4538894	1.75e-17	100
query	11	81.061	132	86068	86198	2072930	2073054	6.29e-17	99.0
query	11	80.147	136	85990	86124	4891651	4891784	6.29e-17	99.0
query	11	81.250	128	85990	86116	7934619	7934742	6.29e-17	99.0
query	11	81.897	116	52863	52978	29617388	29617503	6.29e-17	99.0
query	11	80.000	135	85990	86124	31252560	31252691	2.26e-16	97.1
query	11	75.000	248	86131	86366	3751777	3751539	8.14e-16	95.3
query	11	81.102	127	85788	85908	612054	611931	2.93e-15	93.5
query	11	89.333	75	86125	86198	842879	842806	2.93e-15	93.5
query	11	75.893	224	86055	86265	3751777	3751564	2.93e-15	93.5
query	11	75.527	237	85167	85390	80079	79858	1.05e-14	91.6
query	11	79.688	128	85997	86124	31114524	31114649	1.05e-14	91.6
query	11	75.527	237	85167	85390	843026	842806	3.79e-14	89.8
query	11	75.325	231	85160	85380	23911726	23911943	3.79e-14	89.8
query	11	73.006	326	84999	85316	470662	470358	1.36e-13	87.9
query	11	92.063	63	86056	86117	2072988	2073049	1.36e-13	87.9
query	11	79.845	129	85990	86116	16856247	16856370	1.36e-13	87.9
query	11	79.688	128	85990	86116	26938529	26938651	1.36e-13	87.9
query	11	90.909	66	86132	86196	30110981	30111045	1.36e-13	87.9
query	11	89.552	67	86056	86122	842872	842806	4.90e-13	86.1
query	11	93.220	59	85324	85381	2072988	2073045	4.90e-13	86.1
query	11	79.545	132	85260	85390	27403895	27403772	4.90e-13	86.1
query	11	80.800	125	85260	85380	29440164	29440050	4.90e-13	86.1
query	11	80.645	124	85842	85964	29949971	29950083	4.90e-13	86.1
query	11	89.706	68	86132	86198	29967035	29967101	4.90e-13	86.1
query	11	78.358	134	85990	86122	646366	646496	1.76e-12	84.2
query	11	81.905	105	85592	85691	1179135	1179238	1.76e-12	84.2
query	11	89.552	67	86136	86201	27406539	27406473	1.76e-12	84.2
query	11	78.358	134	85990	86122	29428463	29428333	1.76e-12	84.2
query	11	89.706	68	86132	86198	29440105	29440040	1.76e-12	84.2
query	11	75.369	203	76740	76933	31169045	31169240	1.76e-12	84.2
query	11	86.486	74	86125	86198	1100074	1100001	6.33e-12	82.4
query	11	81.553	103	85840	85942	29301752	29301851	6.33e-12	82.4
query	11	82.243	107	85632	85737	29949971	29950066	6.33e-12	82.4
query	11	88.060	67	86056	86122	1100067	1100001	2.28e-11	80.5
query	11	94.340	53	74019	74071	4537791	4537740	2.28e-11	80.5
query	11	83.908	87	85836	85920	23911727	23911811	2.28e-11	80.5
query	11	78.947	133	86068	86198	23911831	23911953	2.28e-11	80.5
query	11	79.839	124	86285	86407	29949971	29950083	2.28e-11	80.5
query	11	88.406	69	85324	85390	29967035	29967101	2.28e-11	80.5
query	11	88.235	68	86132	86198	27403837	27403772	8.19e-11	78.7
query	11	91.379	58	86056	86112	29967035	29967091	8.19e-11	78.7
query	11	89.062	64	86056	86118	30110981	30111043	8.19e-11	78.7
query	11	91.379	58	86056	86112	29440105	29440050	2.95e-10	76.8
query	11	87.879	66	85324	85388	30110981	30111045	2.95e-10	76.8
query	11	86.765	68	86056	86122	79923	79858	3.81e-09	73.1
query	11	91.071	56	86056	86110	27403837	27403784	3.81e-09	73.1
query	11	87.500	64	86060	86122	27406539	27406476	3.81e-09	73.1
query	11	87.500	64	85328	85390	27406539	27406476	3.81e-09	73.1
query	11	89.474	57	86056	86112	23911888	23911943	1.37e-08	71.3
query	11	93.750	48	76740	76786	26907257	26907304	1.37e-08	71.3
query	11	93.478	46	86125	86170	29301747	29301792	4.93e-08	69.4
query	11	93.333	45	76740	76784	11511097	11511141	1.77e-07	67.6
query	11	91.837	49	61494	61541	15118612	15118564	1.77e-07	67.6
query	11	93.023	43	75500	75542	26938638	26938596	2.29e-06	63.9
query	11	91.304	46	85317	85362	29301747	29301792	2.29e-06	63.9
query	11	95.000	40	86055	86094	29301753	29301792	2.29e-06	63.9
query	9	75.735	1599	32658	34234	3088045	3089620	0.0	761
query	9	75.392	1593	32662	34234	20588875	20590447	0.0	734
query	9	76.640	1250	84776	85990	23919428	23920611	5.09e-167	597
query	9	76.475	1254	85243	86445	23919418	23920623	8.51e-165	590
query	9	75.316	1264	32983	34234	3810276	3809030	1.84e-161	579
query	9	78.180	1022	84776	85781	26430967	26431917	3.08e-159	571
query	9	76.080	1250	84776	85990	25106898	25108080	2.40e-155	558
query	9	77.323	1076	84655	85699	25106678	25107699	8.63e-155	556
query	9	78.008	964	85049	85990	22126274	22125345	3.11e-154	555
query	9	80.709	762	84782	85540	16780087	16779367	1.12e-153	553
query	9	77.627	961	85049	85990	26430988	26431917	3.13e-149	538
query	9	77.581	1017	84782	85781	22126291	22125345	4.05e-148	534
query	9	76.302	1152	84649	85781	23871903	23872971	3.15e-144	521
query	9	76.600	1094	84649	85699	23919190	23920231	5.27e-142	514
query	9	92.284	324	59537	59860	22955453	22955773	9.01e-125	457
query	9	92.000	325	59537	59861	28652940	28652619	1.17e-123	453
query	9	91.692	325	59537	59861	14156420	14156741	5.42e-122	448
query	9	76.218	1026	84782	85781	21252592	21251647	1.95e-121	446
query	9	75.971	978	85044	85990	23872033	23872971	9.07e-120	440
query	9	89.349	338	59537	59873	16882447	16882113	3.29e-114	422
query	9	75.116	1077	85405	86433	22126374	22125345	1.53e-112	416
query	9	88.824	340	59537	59875	21684624	21684960	5.50e-112	414
query	9	88.791	339	59537	59875	22974945	22975280	1.98e-111	412
query	9	72.776	1315	32933	34230	12045476	12044182	7.11e-111	411
query	9	78.634	688	85788	86445	25107424	25108092	7.11e-111	411
query	9	76.207	891	85049	85907	25106919	25107773	2.56e-110	409
query	9	72.538	1391	32859	34230	8897242	8895883	9.20e-110	407
query	9	76.121	892	85049	85907	23919449	23920305	3.31e-109	405
query	9	74.748	1093	84864	85908	25106797	25107846	3.31e-109	405
query	9	77.386	765	85035	85781	21351878	21352595	7.16e-106	394
query	9	77.670	721	84994	85697	22126256	22125568	7.16e-106	394
query	9	77.686	726	84982	85689	26430996	26431685	7.16e-106	394
query	9	78.450	645	85032	85665	16780089	16779472	1.20e-103	387
query	9	75.661	908	85034	85908	23919513	23920378	1.55e-102	383
query	9	75.851	911	84775	85665	23919579	23920421	1.55e-102	383
query	9	88.615	325	59537	59861	20732396	20732705	5.58e-102	381
query	9	74.706	1020	85000	85982	21252630	21251655	2.01e-101	379
query	9	75.631	911	84775	85665	25107048	25107889	1.21e-98	370
query	9	78.984	571	85143	85707	16780123	16779577	2.02e-96	363
query	9	74.743	974	84671	85625	22126468	22125564	3.38e-94	355
query	9	78.069	611	85103	85703	23919429	23920010	1.57e-92	350
query	9	77.922	616	85103	85707	25106899	25107483	2.03e-91	346
query	9	86.624	314	59537	59849	17800444	17800752	2.63e-90	342
query	9	85.976	328	56720	57039	16841871	16842195	9.47e-90	340
query	9	77.551	588	33664	34234	970566	971149	4.40e-88	335
query	9	81.208	447	85990	86433	21352181	21352595	7.37e-86	327
query	9	76.599	688	85030	85699	23612699	23613344	9.53e-85	324
query	9	85.667	300	59577	59875	6625999	6626292	2.67e-80	309
query	9	76.797	612	77711	78309	21558581	21559168	2.67e-80	309
query	9	75.357	771	84880	85625	23872031	23872756	9.60e-80	307
query	9	75.806	682	85034	85703	20922201	20922847	4.47e-78	302
query	9	84.494	316	86030	86341	26431382	26431685	5.78e-77	298
query	9	82.436	353	86477	86815	22253534	22253183	7.47e-76	294
query	9	79.212	457	85993	86445	23872551	23872983	2.69e-75	292
query	9	83.871	310	59568	59876	20732040	20732345	9.67e-75	291
query	9	84.262	305	86516	86812	23673180	23673484	9.67e-75	291
query	9	81.793	357	85997	86351	12984830	12985174	1.25e-73	287
query	9	82.738	336	19509	19839	21727353	21727026	1.25e-73	287
query	9	86.312	263	86524	86784	6222507	6222247	1.62e-72	283
query	9	77.174	552	85137	85680	23613171	23613689	1.62e-72	283
query	9	86.719	256	86524	86777	20732064	20732317	5.82e-72	281
query	9	76.373	601	85329	85908	25106897	25107473	5.82e-72	281
query	9	84.561	285	86524	86807	25900081	25899798	5.82e-72	281
query	9	82.301	339	86030	86361	12984931	12985260	2.09e-71	279
query	9	76.910	576	85805	86361	26431227	26431770	2.09e-71	279
query	9	83.019	318	19509	19822	26742190	26741881	7.53e-71	278
query	9	78.439	487	85310	85781	16816266	16816719	9.74e-70	274
query	9	86.220	254	86524	86775	6618526	6618777	3.50e-69	272
query	9	85.551	263	86524	86784	9724869	9724609	3.50e-69	272
query	9	76.000	600	85329	85908	23919427	23920005	3.50e-69	272
query	9	80.157	383	85973	86349	25106884	25107256	3.50e-69	272
query	9	89.352	216	52860	53075	9031049	9031263	1.26e-68	270
query	9	83.168	303	86516	86814	17544557	17544259	1.26e-68	270
query	9	82.335	334	45508	45833	16103814	16104131	4.53e-68	268
query	9	75.923	623	84781	85390	23919950	23920529	4.53e-68	268
query	9	82.803	314	86474	86776	25998073	25998384	4.53e-68	268
query	9	82.132	319	59558	59875	6222541	6222229	1.63e-67	267
query	9	83.904	292	86522	86806	20757992	20757707	1.63e-67	267
query	9	83.278	299	59559	59850	23673156	23673452	1.63e-67	267
query	9	83.000	300	86055	86351	16780100	16779806	5.86e-67	265
query	9	84.962	266	86514	86776	28461388	28461650	5.86e-67	265
query	9	72.652	841	33392	34223	431759	430928	2.11e-66	263
query	9	83.630	281	86524	86803	690176	689897	2.11e-66	263
query	9	82.099	324	86474	86784	9303113	9303433	2.11e-66	263
query	9	76.981	530	85810	86317	23919616	23920123	2.11e-66	263
query	9	87.446	231	73845	74072	1995406	1995633	7.58e-66	261
query	9	76.938	529	85810	86317	25107085	25107591	7.58e-66	261
query	9	84.791	263	86524	86784	27614738	27614998	7.58e-66	261
query	9	84.848	264	86524	86784	28642171	28642432	7.58e-66	261
query	9	82.524	309	86514	86810	12307347	12307653	2.73e-65	259
query	9	80.980	347	19509	19847	22449130	22448794	2.73e-65	259
query	9	84.470	264	86516	86777	17800489	17800750	9.81e-65	257
query	9	79.581	382	85975	86349	23919417	23919787	9.81e-65	257
query	9	83.391	289	76738	77020	24050896	24051179	9.81e-65	257
query	9	83.562	292	73796	74074	2256433	2256717	3.53e-64	255
query	9	81.571	331	86024	86351	23919767	23920080	3.53e-64	255
query	9	87.013	231	73845	74072	28187944	28187717	3.53e-64	255
query	9	83.275	287	73796	74073	1999887	2000170	1.27e-63	254
query	9	84.411	263	86524	86784	16354948	16354689	1.27e-63	254
query	9	83.636	275	86512	86784	18621870	18621600	1.27e-63	254
query	9	75.329	608	77711	78307	22136340	22136917	1.27e-63	254
query	9	74.286	805	84996	85781	23419285	23418556	1.27e-63	254
query	9	81.571	331	86024	86351	25107236	25107548	1.27e-63	254
query	9	83.395	271	86516	86784	5197014	5197282	5.90e-62	248
query	9	84.291	261	71286	71546	7498153	7497901	5.90e-62	248
query	9	82.867	286	86526	86806	27807988	27807708	5.90e-62	248
query	9	85.774	239	73839	74072	9639286	9639520	7.63e-61	244
query	9	86.404	228	52855	53075	16504928	16504703	9.88e-60	241
query	9	83.922	255	86524	86776	18083963	18084215	9.88e-60	241
query	9	84.109	258	86530	86784	24183990	24183740	9.88e-60	241
query	9	85.776	232	73845	74073	28682110	28682338	9.88e-60	241
query	9	72.554	787	33392	34169	47107	46331	3.55e-59	239
query	9	87.264	212	52861	53070	19762829	19762619	3.55e-59	239
query	9	87.037	216	86218	86433	21453075	21453285	3.55e-59	239
query	9	83.270	263	86524	86784	6626014	6626272	1.28e-58	237
query	9	82.437	279	73798	74072	23329081	23329352	1.65e-57	233
query	9	83.594	256	59596	59849	27807985	27807735	1.65e-57	233
query	9	85.281	231	73845	74072	28676239	28676466	1.65e-57	233
query	9	72.405	790	33392	34171	11162088	11161311	5.94e-57	231
query	9	82.824	262	86525	86784	12969097	12969356	5.94e-57	231
query	9	79.778	361	45504	45834	16113045	16113401	5.94e-57	231
query	9	84.034	238	86516	86752	841977	842213	7.69e-56	228
query	9	91.124	169	85815	85982	16816543	16816711	7.69e-56	228
query	9	83.594	256	75402	75643	28086631	28086884	2.77e-55	226
query	9	80.124	322	19519	19839	17476984	17477288	9.95e-55	224
query	9	86.538	208	86071	86276	21352311	21352515	9.95e-55	224
query	9	89.773	176	45508	45682	27693161	27693334	3.58e-54	222
query	9	85.646	209	52861	53069	21809199	21808991	1.29e-53	220
query	9	72.278	790	33396	34171	24238376	24239151	1.29e-53	220
query	9	80.645	310	45532	45833	6388289	6387995	4.63e-53	219
query	9	90.798	163	45504	45666	2376015	2376176	1.66e-52	217
query	9	82.490	257	85026	85279	23613573	23613821	5.99e-52	215
query	9	84.052	232	73845	74072	28183643	28183418	5.99e-52	215
query	9	84.581	227	52856	53070	7191004	7190780	2.15e-51	213
query	9	80.678	295	19539	19825	13444854	13444569	2.15e-51	213
query	9	82.625	259	75400	75643	27187278	27187023	2.15e-51	213
query	9	82.625	259	75400	75642	16739056	16738802	7.74e-51	211
query	9	86.364	198	86514	86709	18153463	18153657	7.74e-51	211
query	9	83.065	248	75402	75636	24050646	24050890	7.74e-51	211
query	9	83.065	248	75400	75631	15521497	15521252	2.78e-50	209
query	9	82.422	256	75402	75643	22700496	22700243	2.78e-50	209
query	9	82.308	260	75400	75643	26322894	26323150	1.00e-49	207
query	9	78.371	356	85351	85698	15543675	15544011	3.60e-49	206
query	9	85.167	209	45508	45713	20071332	20071130	3.60e-49	206
query	9	86.885	183	85808	85990	21453107	21453285	4.66e-48	202
query	9	81.746	252	75405	75643	27459839	27460088	2.17e-46	196
query	9	84.390	205	45510	45711	7483320	7483122	2.80e-45	193
query	9	85.714	189	45508	45694	16513639	16513822	2.80e-45	193
query	9	83.902	205	86530	86732	20530178	20530381	2.80e-45	193
query	9	74.576	531	84875	85383	16811986	16812493	1.01e-44	191
query	9	82.684	231	73845	74072	18293904	18294122	1.01e-44	191
query	9	79.333	300	86132	86418	16738740	16739027	1.30e-43	187
query	9	80.620	258	75402	75648	27352970	27352717	4.69e-43	185
query	9	80.498	241	71303	71542	16085343	16085107	2.18e-41	180
query	9	78.694	291	85993	86276	16816359	16816638	7.85e-41	178
query	9	80.469	256	75407	75648	23164386	23164635	7.85e-41	178
query	9	77.879	330	86132	86445	26323211	26322896	7.85e-41	178
query	9	82.160	213	45504	45713	8434286	8434080	1.02e-39	174
query	9	73.957	599	85172	85736	13645234	13644676	1.02e-39	174
query	9	79.570	279	86001	86276	21251981	21251727	1.02e-39	174
query	9	92.683	123	53598	53719	24541499	24541619	1.02e-39	174
query	9	80.000	250	75414	75648	19845864	19846110	4.73e-38	169
query	9	78.884	251	71292	71542	27831947	27832195	4.73e-38	169
query	9	75.000	488	85142	85623	21452779	21453208	1.70e-37	167
query	9	78.292	281	76738	77008	19846107	19846380	6.11e-37	165
query	9	78.715	249	71295	71542	19774789	19774544	2.20e-36	163
query	9	73.778	450	33454	33894	9436350	9435910	7.91e-36	161
query	9	73.483	445	33720	34161	15219844	15220284	7.91e-36	161
query	9	85.714	154	55349	55501	26589373	26589222	2.84e-35	159
query	9	78.175	252	71290	71541	16961748	16961501	1.02e-34	158
query	9	89.600	125	53602	53726	27595805	27595682	1.02e-34	158
query	9	85.526	152	52924	53075	3702099	3702247	3.68e-34	156
query	9	73.120	625	84782	85393	22125988	22125424	3.68e-34	156
query	9	74.886	438	85323	85737	28611493	28611081	3.68e-34	156
query	9	70.839	727	34516	35232	12043853	12043139	6.16e-32	148
query	9	73.662	467	77252	77710	21470715	21471152	2.21e-31	147
query	9	84.932	146	75499	75643	13645037	13645179	7.97e-31	145
query	9	80.676	207	75452	75643	21882924	21883128	7.97e-31	145
query	9	74.533	428	85324	85736	22850452	22850849	7.97e-31	145
query	9	80.526	190	71295	71483	20041709	20041522	2.86e-30	143
query	9	86.154	130	85836	85965	21703899	21704026	3.71e-29	139
query	9	89.286	112	85626	85737	21703899	21704008	3.71e-29	139
query	9	74.713	348	85577	85907	15543669	15544011	4.79e-28	135
query	9	89.091	110	58335	58444	17055685	17055793	4.79e-28	135
query	9	80.682	176	71291	71464	14660075	14659902	1.72e-27	134
query	9	81.548	168	86281	86446	21703901	21704063	6.20e-27	132
query	9	86.667	120	58706	58824	23626337	23626219	6.20e-27	132
query	9	81.356	177	76740	76907	26757141	26757312	6.20e-27	132
query	9	78.302	212	55124	55330	19673905	19674111	8.02e-26	128
query	9	81.503	173	45548	45719	20866517	20866360	8.02e-26	128
query	9	83.688	141	75499	75636	28611444	28611582	8.02e-26	128
query	9	84.328	134	85842	85975	13644775	13644647	2.89e-25	126
query	9	79.412	204	85997	86197	22125615	22125428	2.89e-25	126
query	9	88.462	104	62415	62517	1968472	1968370	1.04e-24	124
query	9	83.217	143	77088	77230	21470391	21470526	1.04e-24	124
query	9	87.273	110	85836	85945	22850741	22850849	1.04e-24	124
query	9	80.460	174	19658	19825	26506166	26505996	1.04e-24	124
query	9	93.902	82	53601	53680	24744504	24744423	3.73e-24	122
query	9	75.484	310	86071	86366	13645138	13644848	1.34e-23	121
query	9	84.211	133	86068	86198	28086846	28086723	4.83e-23	119
query	9	91.667	84	56484	56567	17055608	17055691	1.74e-22	117
query	9	83.459	133	85997	86125	22125552	22125424	1.74e-22	117
query	9	82.707	133	86220	86351	23612704	23612835	1.74e-22	117
query	9	81.579	152	86051	86198	26431689	26431835	1.74e-22	117
query	9	81.333	150	75500	75648	21534861	21535003	6.25e-22	115
query	9	83.333	132	86068	86198	22700281	22700403	2.25e-21	113
query	9	83.333	132	86068	86198	27460050	27459929	8.08e-21	111
query	9	75.405	309	85102	85390	28087009	28086723	8.08e-21	111
query	9	84.746	118	85788	85898	26431571	26431685	2.91e-20	110
query	9	82.906	117	84877	84989	3243403	3243519	4.86e-18	102
query	9	80.537	149	75404	75538	22111915	22111767	4.86e-18	102
query	9	81.955	133	86068	86198	26323112	26322989	4.86e-18	102
query	9	76.068	234	86055	86275	13645086	13644863	1.75e-17	100
query	9	90.667	75	52985	53059	24566259	24566333	1.75e-17	100
query	9	76.364	220	75402	75607	22850905	22850693	6.29e-17	99.0
query	9	77.714	175	76740	76907	27566395	27566567	6.29e-17	99.0
query	9	81.061	132	86068	86198	15521280	15521402	2.26e-16	97.1
query	9	81.061	132	86068	86198	16738839	16738961	2.26e-16	97.1
query	9	73.476	328	84999	85317	22125731	22125424	2.26e-16	97.1
query	9	75.847	236	85167	85390	22700182	22700403	2.26e-16	97.1
query	9	82.569	109	85801	85908	23612728	23612835	8.14e-16	95.3
query	9	75.847	236	85167	85390	27460149	27459929	8.14e-16	95.3
query	9	75.100	249	86131	86366	28611493	28611255	8.14e-16	95.3
query	9	75.424	236	85167	85390	16738740	16738961	1.05e-14	91.6
query	9	80.620	129	85260	85387	27187061	27187180	1.05e-14	91.6
query	9	89.189	74	86125	86198	27352809	27352881	1.05e-14	91.6
query	9	83.505	97	62415	62509	4474231	4474135	3.79e-14	89.8
query	9	79.104	134	85990	86122	23920399	23920529	3.79e-14	89.8
query	9	73.770	305	85102	85390	15521118	15521402	1.36e-13	87.9
query	9	80.000	130	86071	86198	21883087	21882967	4.90e-13	86.1
query	9	75.105	237	85167	85390	26323211	26322989	4.90e-13	86.1
query	9	89.552	67	86056	86122	22700338	22700403	1.76e-12	84.2
query	9	80.328	122	86068	86188	27187061	27187173	1.76e-12	84.2
query	9	89.552	67	86056	86122	27459993	27459929	1.76e-12	84.2
query	9	86.667	75	85846	85919	26823599	26823525	6.33e-12	82.4
query	9	87.500	72	86043	86112	27187102	27187173	6.33e-12	82.4
query	9	85.366	82	86044	86122	28086804	28086723	6.33e-12	82.4
query	9	79.675	123	85801	85918	12985143	12985260	2.28e-11	80.5
query	9	85.185	81	85842	85920	16738740	16738819	2.28e-11	80.5
query	9	88.235	68	86056	86122	26323055	26322989	2.28e-11	80.5
query	9	84.524	84	85842	85923	26323211	26323129	2.28e-11	80.5
query	9	86.486	74	85317	85390	27352809	27352881	2.28e-11	80.5
query	9	91.379	58	86055	86112	28611493	28611436	2.28e-11	80.5
query	9	88.060	67	86056	86122	27352816	27352881	8.19e-11	78.7
query	9	83.951	81	86044	86122	15521322	15521402	2.95e-10	76.8
query	9	83.951	81	86044	86122	16738881	16738961	2.95e-10	76.8
query	9	94.118	51	74026	74076	19066355	19066306	2.95e-10	76.8
query	9	79.339	121	85260	85376	24050858	24050744	2.95e-10	76.8
query	9	86.765	68	86056	86122	21883033	21882967	1.06e-09	75.0
query	9	86.765	68	85324	85390	21883033	21882967	1.06e-09	75.0
query	9	95.745	47	86143	86188	22111769	22111814	1.06e-09	75.0
query	9	91.071	56	86297	86351	23612704	23612759	1.06e-09	75.0
query	9	82.353	85	75429	75511	22420059	22420143	3.81e-09	73.1
query	9	78.512	121	86068	86188	23164595	23164482	3.81e-09	73.1
query	9	88.525	61	86125	86184	24050803	24050744	3.81e-09	73.1
query	9	83.784	74	86125	86198	22850740	22850813	1.37e-08	71.3
query	9	93.617	47	85335	85380	22111769	22111814	4.93e-08	69.4
query	9	93.617	47	86067	86112	22111769	22111814	4.93e-08	69.4
query	9	87.931	58	86051	86108	24050801	24050744	4.93e-08	69.4
query	9	89.091	55	75500	75554	16779606	16779659	1.77e-07	67.6
query	9	93.333	45	75499	75543	22125445	22125489	1.77e-07	67.6
query	9	85.714	63	86136	86198	26823599	26823537	1.77e-07	67.6
query	9	91.489	47	75499	75544	16816619	16816573	2.29e-06	63.9
query	9	93.023	43	75504	75545	22421947	22421989	8.25e-06	62.1
query	4	81.493	1005	84782	85781	17898930	17897995	0.0	758
query	4	75.439	1596	32657	34234	16473169	16474745	0.0	741
query	4	78.803	1170	84653	85781	23243794	23242674	0.0	704
query	4	75.016	1585	32662	34229	5952812	5951245	0.0	702
query	4	74.969	1590	32662	34234	22854854	22853282	0.0	701
query	4	78.638	1175	84649	85781	27883872	27884995	0.0	693
query	4	78.146	1176	84649	85781	18737037	18738154	0.0	654
query	4	77.022	1323	84652	85908	29773767	29775027	2.32e-180	641
query	4	79.188	985	84649	85618	30501894	30500966	3.90e-173	617
query	4	77.588	1169	84652	85781	23580615	23579515	2.35e-170	608
query	4	82.129	761	84785	85539	30501682	30500966	8.45e-170	606
query	4	78.703	1033	84782	85781	31785101	31784125	8.45e-170	606
query	4	77.798	1090	84736	85781	22642231	22641188	8.51e-165	590
query	4	78.600	986	84649	85620	25375328	25376257	3.06e-164	588
query	4	79.229	934	84867	85781	30501765	30500881	3.06e-164	588
query	4	81.414	764	84782	85539	22641998	22641274	1.42e-162	582
query	4	82.815	675	84870	85540	25375614	25376256	3.08e-159	571
query	4	76.792	1172	84652	85779	22992164	22991049	1.43e-157	566
query	4	81.014	769	84776	85536	32191151	32191878	1.43e-157	566
query	4	81.561	743	84776	85509	31604053	31604750	5.16e-157	564
query	4	76.767	1033	33211	34234	2714950	2715973	1.86e-156	562
query	4	80.754	769	84776	85540	18737339	18738069	1.86e-156	562
query	4	78.701	939	84864	85781	25375454	25376339	2.40e-155	558
query	4	77.161	1099	84652	85705	31785418	31784383	8.69e-150	540
query	4	80.364	769	84776	85540	27882154	27882867	1.88e-146	529
query	4	80.289	761	84782	85536	22991848	22991138	8.76e-145	523
query	4	79.948	768	84776	85540	17814921	17815637	1.47e-142	516
query	4	75.501	1298	84776	86024	21880161	21878949	1.90e-141	512
query	4	77.837	943	84864	85781	30568322	30569209	6.82e-141	510
query	4	79.843	764	84776	85536	27883004	27883716	2.45e-140	508
query	4	81.101	672	84876	85540	21916549	21915908	1.14e-138	503
query	4	77.656	913	85109	85990	25375462	25376339	1.91e-136	496
query	4	75.752	1163	84649	85781	25256500	25255413	3.19e-134	488
query	4	80.631	697	84785	85468	29421120	29420468	1.15e-133	486
query	4	76.639	976	85041	85990	20634708	20633774	6.91e-131	477
query	4	76.673	1016	84785	85781	20634712	20633774	2.49e-130	475
query	4	78.385	805	84996	85781	32191192	32191961	8.94e-130	473
query	4	77.124	918	85105	85990	23388552	23387669	3.22e-129	472
query	4	80.243	658	85805	86446	18737524	18738167	4.16e-128	468
query	4	80.150	665	84875	85535	27711521	27712156	1.50e-127	466
query	4	76.358	1049	84776	85781	22659955	22658974	1.94e-126	462
query	4	85.371	458	85993	86445	23579951	23579503	1.94e-126	462
query	4	77.104	891	84895	85770	24282474	24283320	6.96e-126	460
query	4	84.979	466	85993	86453	23243110	23242655	2.50e-125	459
query	4	76.293	1025	84652	85665	25064844	25063907	9.01e-125	457
query	4	80.992	605	85105	85699	31603978	31604563	1.17e-123	453
query	4	90.882	340	59537	59875	31120890	31120555	4.19e-123	451
query	4	90.801	337	59537	59873	29274122	29274454	5.42e-122	448
query	4	84.934	458	85993	86445	27884564	27885007	1.95e-121	446
query	4	90.560	339	59537	59875	22130885	22130552	7.01e-121	444
query	4	91.159	328	59537	59864	16035507	16035183	2.52e-120	442
query	4	76.906	905	84895	85781	25064565	25063722	9.07e-120	440
query	4	79.363	659	85049	85699	18737284	18737920	1.17e-118	436
query	4	76.008	967	85041	85982	30279495	30280416	1.17e-118	436
query	4	91.077	325	59537	59861	25182551	25182869	4.22e-118	435
query	4	74.265	1259	85141	86364	25620374	25619184	4.22e-118	435
query	4	75.879	1024	84776	85781	30279480	30280424	1.52e-117	433
query	4	76.622	894	85592	86445	30501737	30500869	1.52e-117	433
query	4	83.230	483	85061	85540	23580070	23579600	1.96e-116	429
query	4	76.697	884	85137	85990	32191116	32191961	1.96e-116	429
query	4	78.632	702	84982	85665	17814874	17815545	3.29e-114	422
query	4	78.939	660	85049	85699	23243543	23242907	1.18e-113	420
query	4	90.154	325	59537	59861	31247590	31247911	1.18e-113	420
query	4	75.510	1029	84652	85665	25796303	25795353	4.25e-113	418
query	4	78.963	656	85808	86445	22641815	22641176	1.53e-112	416
query	4	76.165	944	84839	85752	25620456	25619570	1.53e-112	416
query	4	84.562	434	85993	86422	27882520	27882941	1.53e-112	416
query	4	75.584	1028	84776	85781	26126292	26125344	5.50e-112	414
query	4	77.778	747	84982	85709	25375483	25376194	7.11e-111	411
query	4	80.208	576	85137	85707	17814885	17815437	9.20e-110	407
query	4	80.208	576	85137	85707	18737303	18737855	9.20e-110	407
query	4	77.290	775	85026	85781	20810054	20810793	9.20e-110	407
query	4	80.243	577	85137	85707	23243524	23242972	9.20e-110	407
query	4	78.802	651	85808	86445	25375722	25376351	9.20e-110	407
query	4	75.971	953	84867	85781	30061763	30060865	9.20e-110	407
query	4	76.345	892	84782	85664	17899006	17898186	3.31e-109	405
query	4	89.905	317	59544	59860	26351427	26351114	3.31e-109	405
query	4	78.378	666	85042	85699	27884123	27884766	3.31e-109	405
query	4	76.196	899	84874	85747	31944010	31943162	3.31e-109	405
query	4	89.024	328	59537	59864	13373082	13372759	1.19e-108	403
query	4	83.937	442	86011	86445	22659387	22658962	4.28e-108	401
query	4	83.007	459	85993	86445	22126144	22126588	5.54e-107	398
query	4	88.012	342	59537	59876	23547867	23547531	5.54e-107	398
query	4	76.126	888	84864	85709	27883997	27884851	1.99e-106	396
query	4	75.928	943	84776	85698	32950359	32951223	7.16e-106	394
query	4	75.901	888	84864	85709	18737150	18738007	3.33e-104	388
query	4	82.751	458	85993	86445	22419036	22419473	4.31e-103	385
query	4	76.913	758	85036	85781	26738934	26738216	1.55e-102	383
query	4	80.377	530	85021	85535	12239611	12239091	5.58e-102	381
query	4	78.030	660	85049	85699	29774016	29774647	5.58e-102	381
query	4	74.611	1028	84776	85781	28470103	28471071	7.21e-101	377
query	4	77.123	730	84996	85709	29774035	29774731	7.21e-101	377
query	4	82.251	462	85993	86446	30568776	30569222	7.21e-101	377
query	4	75.571	876	85141	85990	25256253	25255413	2.59e-100	375
query	4	78.904	602	85117	85707	27884124	27884701	2.59e-100	375
query	4	76.299	789	85143	85914	31785137	31784383	9.33e-100	374
query	4	75.976	845	84864	85665	33554441	33555255	4.34e-98	368
query	4	74.768	971	84668	85625	30279307	30280214	1.56e-97	366
query	4	78.232	611	77711	78307	27133483	27132891	2.02e-96	363
query	4	92.188	256	59577	59832	13022790	13023043	7.27e-96	361
query	4	74.537	1025	84776	85777	25879281	25880232	2.61e-95	359
query	4	77.638	635	85042	85656	28720587	28721208	3.38e-94	355
query	4	75.951	815	84867	85664	31109955	31109194	3.38e-94	355
query	4	78.634	571	85143	85707	22642034	22641486	1.22e-93	353
query	4	78.694	582	85137	85711	29774035	29774584	4.37e-93	351
query	4	78.239	602	85329	85908	17814844	17815427	1.57e-92	350
query	4	78.239	602	85329	85908	18737262	18737845	1.57e-92	350
query	4	77.477	666	85101	85752	25618640	25618015	1.57e-92	350
query	4	80.860	465	85993	86450	32191529	32191978	2.03e-91	346
query	4	74.805	897	85034	85907	32950368	32951223	2.03e-91	346
query	4	75.418	838	84867	85684	26126665	26125876	7.32e-91	344
query	4	77.114	686	85034	85708	17898927	17898290	2.63e-90	342
query	4	76.741	675	85049	85714	31785162	31784519	9.47e-90	340
query	4	77.814	613	85105	85704	33554556	33555140	9.47e-90	340
query	4	76.946	681	85784	86445	20634408	20633762	3.40e-89	339
query	4	76.262	733	85026	85737	31786179	31785486	4.40e-88	335
query	4	77.414	611	85329	85916	23243565	23242972	7.37e-86	327
query	4	83.152	368	85988	86351	31603980	31604341	7.37e-86	327
query	4	73.601	1072	85326	86364	25618641	25617633	9.53e-85	324
query	4	75.857	729	85032	85739	29394109	29393411	9.53e-85	324
query	4	92.105	228	52853	53080	7990220	7989993	3.43e-84	322
query	4	78.585	523	85810	86316	27884298	27884807	4.43e-83	318
query	4	74.514	875	84856	85709	22125605	22126430	1.60e-82	316
query	4	84.830	323	19521	19839	16639320	16639634	5.74e-82	315
query	4	77.604	576	85763	86317	23243423	23242864	5.74e-82	315
query	4	90.909	231	52847	53077	2056677	2056907	7.42e-81	311
query	4	79.668	482	85306	85781	25617874	25617426	7.42e-81	311
query	4	72.865	1253	84785	85990	26126509	26125344	9.60e-80	307
query	4	77.152	604	85105	85699	27882080	27882644	9.60e-80	307
query	4	82.682	358	85997	86351	18737576	18737920	1.24e-78	303
query	4	82.730	359	85997	86351	23243251	23242907	1.24e-78	303
query	4	86.786	280	73796	74072	18362603	18362333	4.47e-78	302
query	4	79.869	457	85336	85781	25581893	25582324	4.47e-78	302
query	4	77.038	601	85118	85707	27882944	27883508	4.47e-78	302
query	4	81.365	381	85975	86351	18737252	18737625	1.61e-77	300
query	4	77.202	579	85763	86317	18737404	18737964	1.61e-77	300
query	4	90.625	224	52853	53076	33787368	33787591	5.78e-77	298
query	4	84.211	323	59537	59859	24068186	24068489	2.08e-76	296
query	4	81.201	383	85975	86351	17814834	17815207	7.47e-76	294
query	4	86.071	280	73795	74072	20472089	20471816	7.47e-76	294
query	4	90.222	225	52853	53077	27300452	27300228	7.47e-76	294
query	4	82.934	334	19509	19838	23241507	23241180	2.69e-75	292
query	4	83.036	336	19509	19839	25309606	25309932	2.69e-75	292
query	4	75.304	741	85026	85752	25619973	25619287	2.69e-75	292
query	4	81.053	380	85975	86349	23243575	23243204	9.67e-75	291
query	4	85.666	293	73792	74072	24724407	24724122	9.67e-75	291
query	4	82.173	359	85997	86351	27884423	27884766	9.67e-75	291
query	4	76.461	616	85329	85920	29773993	29774584	9.67e-75	291
query	4	77.217	575	85763	86317	31785042	31784497	9.67e-75	291
query	4	76.490	604	85329	85908	27884108	27884691	3.48e-74	289
query	4	82.831	332	86023	86351	30501731	30501407	3.48e-74	289
query	4	84.665	313	59572	59860	30904415	30904726	3.48e-74	289
query	4	81.572	369	85993	86357	31784738	31784383	3.48e-74	289
query	4	81.944	360	85997	86351	31784879	31784535	1.25e-73	287
query	4	76.048	668	85051	85704	33629318	33628702	1.25e-73	287
query	4	85.663	279	73796	74072	2777460	2777190	4.50e-73	285
query	4	75.319	705	84776	85462	13051680	13052344	4.50e-73	285
query	4	87.109	256	71292	71546	23186818	23187069	4.50e-73	285
query	4	89.035	228	52849	53076	11433702	11433475	1.62e-72	283
query	4	82.405	341	86478	86805	29816327	29816664	1.62e-72	283
query	4	80.344	407	85000	85392	30568737	30569129	1.62e-72	283
query	4	73.450	1032	84785	85781	31983808	31982855	1.62e-72	283
query	4	82.647	340	45507	45832	6034722	6034390	5.82e-72	281
query	4	84.946	279	86533	86810	11437941	11438219	5.82e-72	281
query	4	77.486	533	85143	85666	20810104	20810603	5.82e-72	281
query	4	85.560	277	73796	74070	28159698	28159967	5.82e-72	281
query	4	86.260	262	86524	86784	31285209	31284950	5.82e-72	281
query	4	76.325	604	85329	85908	33554553	33555134	5.82e-72	281
query	4	84.806	283	86525	86805	2228093	2227814	2.09e-71	279
query	4	82.229	332	86024	86351	22642042	22641715	2.09e-71	279
query	4	77.524	525	85263	85781	25619468	25618978	2.09e-71	279
query	4	82.493	337	45508	45832	29659678	29659347	2.09e-71	279
query	4	83.387	313	86474	86776	30123167	30123478	2.09e-71	279
query	4	81.739	345	85990	86332	31604059	31604396	2.09e-71	279
query	4	85.932	263	86524	86784	9428554	9428814	7.53e-71	278
query	4	85.932	263	86524	86784	15413687	15413947	7.53e-71	278
query	4	85.821	268	86529	86793	27156352	27156089	7.53e-71	278
query	4	78.821	458	85993	86446	30280010	30280437	7.53e-71	278
query	4	86.614	254	86524	86775	33528935	33529186	7.53e-71	278
query	4	82.111	341	45507	45833	21969655	21969319	2.71e-70	276
query	4	83.904	292	86524	86812	24477084	24477374	2.71e-70	276
query	4	76.382	597	85780	86351	30501610	30501038	2.71e-70	276
query	4	84.507	284	86514	86795	31644459	31644739	2.71e-70	276
query	4	84.561	285	85997	86276	26125698	26125419	9.74e-70	274
query	4	76.206	601	85329	85908	31785184	31784611	9.74e-70	274
query	4	76.198	626	84782	85392	27884342	27884918	3.50e-69	272
query	4	85.338	266	86521	86784	27899504	27899767	3.50e-69	272
query	4	80.645	372	85988	86349	28720577	28720941	3.50e-69	272
query	4	85.496	262	86524	86784	30906525	30906265	3.50e-69	272
query	4	82.121	330	19509	19833	19769255	19769576	1.26e-68	270
query	4	76.198	605	85329	85906	23388555	23387977	1.26e-68	270
query	4	73.037	1057	84668	85703	32950186	32951152	1.26e-68	270
query	4	87.773	229	52853	53081	12645751	12645523	4.53e-68	268
query	4	88.053	226	52853	53078	18150060	18149835	4.53e-68	268
query	4	84.099	283	86524	86803	22051253	22050973	4.53e-68	268
query	4	85.882	255	86525	86777	24268749	24268497	4.53e-68	268
query	4	79.562	411	85808	86209	25619441	25619050	4.53e-68	268
query	4	75.074	674	85048	85703	29421182	29420540	4.53e-68	268
query	4	76.153	629	84776	85392	30061536	30060963	4.53e-68	268
query	4	81.845	336	45508	45833	2821207	2820879	1.63e-67	267
query	4	88.000	225	52853	53077	14336467	14336243	1.63e-67	267
query	4	79.947	374	85976	86345	17990635	17991003	1.63e-67	267
query	4	81.058	359	85997	86351	29774306	29774647	1.63e-67	267
query	4	83.860	285	86524	86804	20356879	20356598	5.86e-67	265
query	4	80.381	367	85993	86351	23388547	23388189	5.86e-67	265
query	4	74.652	718	84935	85625	25620445	25619759	5.86e-67	265
query	4	88.106	227	52851	53077	26236027	26235807	5.86e-67	265
query	4	85.115	262	86525	86784	29465282	29465023	5.86e-67	265
query	4	84.701	268	59570	59836	29993858	29994123	5.86e-67	265
query	4	86.000	250	86524	86771	30972872	30972625	5.86e-67	265
query	4	84.191	272	86514	86784	15213912	15213642	2.11e-66	263
query	4	84.173	278	85507	85781	33200768	33201041	2.11e-66	263
query	4	88.053	226	52860	53077	18972220	18971995	7.58e-66	261
query	4	84.674	261	86524	86782	30485957	30486217	2.73e-65	259
query	4	80.328	366	85989	86351	30501610	30501261	2.73e-65	259
query	4	77.632	456	85254	85699	23784388	23784831	9.81e-65	257
query	4	75.000	684	84876	85536	23877155	23877798	9.81e-65	257
query	4	81.269	331	86024	86351	29774033	29774355	9.81e-65	257
query	4	83.630	281	85997	86276	29774524	29774798	9.81e-65	257
query	4	82.492	297	59555	59849	9740395	9740103	3.53e-64	255
query	4	84.528	265	86524	86784	9824496	9824236	3.53e-64	255
query	4	84.229	279	85512	85781	21879253	21878983	3.53e-64	255
query	4	80.870	345	86015	86351	25375483	25375817	3.53e-64	255
query	4	77.406	478	77710	78172	28689531	28689991	3.53e-64	255
query	4	80.453	353	86473	86812	9337327	9336979	1.27e-63	254
query	4	74.264	781	84785	85536	24977132	24976404	1.27e-63	254
query	4	74.749	697	85243	85908	29773984	29774647	1.27e-63	254
query	4	75.594	631	84776	85390	23243337	23242756	4.56e-63	252
query	4	77.941	476	85997	86445	30061306	30060853	4.56e-63	252
query	4	93.491	169	85823	85990	23579682	23579515	1.64e-62	250
query	4	79.670	364	85993	86351	33554561	33554916	1.64e-62	250
query	4	93.413	167	85824	85990	18737988	18738154	5.90e-62	248
query	4	75.520	625	84782	85390	22641846	22641270	5.90e-62	248
query	4	86.017	236	71290	71525	23187984	23187755	5.90e-62	248
query	4	74.749	697	85243	85908	31785193	31784535	5.90e-62	248
query	4	80.409	342	45498	45830	13380587	13380921	2.12e-61	246
query	4	87.793	213	85781	85990	22659186	22658974	2.12e-61	246
query	4	84.739	249	86525	86771	24971108	24970862	2.12e-61	246
query	4	76.515	528	84875	85390	27882377	27882870	2.12e-61	246
query	4	87.736	212	85781	85990	30568998	30569209	2.12e-61	246
query	4	86.937	222	73845	74063	17152205	17151987	7.63e-61	244
query	4	90.761	184	85808	85990	25617609	25617426	7.63e-61	244
query	4	84.375	256	19509	19761	32285594	32285344	7.63e-61	244
query	4	90.761	184	85808	85990	33200858	33201041	7.63e-61	244
query	4	82.639	288	73795	74072	15522039	15521755	2.75e-60	243
query	4	86.147	231	73845	74072	17152888	17152662	2.75e-60	243
query	4	78.571	406	85000	85390	23579990	23579597	2.75e-60	243
query	4	80.712	337	45504	45832	2816900	2816579	9.88e-60	241
query	4	83.721	258	86522	86777	7676887	7677142	9.88e-60	241
query	4	83.026	271	86524	86793	22130222	22130488	9.88e-60	241
query	4	72.554	787	33392	34169	22968924	22969701	9.88e-60	241
query	4	80.180	333	19509	19839	24011015	24011339	9.88e-60	241
query	4	82.909	275	86512	86784	24643194	24643462	9.88e-60	241
query	4	80.299	335	19509	19839	10445961	10446283	3.55e-59	239
query	4	78.378	407	85000	85392	22126105	22126497	3.55e-59	239
query	4	82.069	290	85990	86276	24502562	24502280	3.55e-59	239
query	4	85.714	231	73845	74072	26328715	26328943	3.55e-59	239
query	4	73.256	860	84866	85703	25879283	25880080	1.28e-58	237
query	4	79.213	356	85990	86336	28720808	28721161	1.28e-58	237
query	4	91.379	174	45508	45681	33282317	33282489	1.28e-58	237
query	4	83.908	261	75401	75648	21125501	21125758	4.59e-58	235
query	4	75.123	611	85329	85918	27882077	27882653	4.59e-58	235
query	4	78.820	373	85988	86349	28002000	28001637	1.65e-57	233
query	4	79.501	361	85997	86350	30501680	30501339	1.65e-57	233
query	4	73.024	949	84786	85703	31983881	31983011	1.65e-57	233
query	4	81.818	286	86524	86802	29993880	29994163	5.94e-57	231
query	4	82.707	266	86524	86784	29577490	29577753	2.14e-56	230
query	4	86.385	213	85781	85990	31784336	31784125	2.14e-56	230
query	4	77.887	407	85000	85390	18737678	18738072	7.69e-56	228
query	4	78.437	371	85988	86349	21887959	21887596	7.69e-56	228
query	4	78.962	366	85993	86351	25375538	25375886	7.69e-56	228
query	4	91.018	167	85824	85990	17898161	17897995	2.77e-55	226
query	4	78.250	400	85000	85384	22418997	22419378	2.77e-55	226
query	4	87.129	202	73872	74072	28155043	28155241	2.77e-55	226
query	4	86.047	215	85781	85988	26738430	26738217	9.95e-55	224
query	4	87.755	196	85788	85979	27884793	27884987	9.95e-55	224
query	4	72.620	935	84785	85703	31786455	31785596	9.95e-55	224
query	4	81.250	288	56769	57049	10887224	10886941	3.58e-54	222
query	4	78.385	384	85974	86351	17899024	17898665	3.58e-54	222
query	4	82.836	268	75398	75648	28125047	28125312	3.58e-54	222
query	4	80.719	306	85405	85699	28720568	28720866	3.58e-54	222
query	4	81.818	275	86007	86276	26738565	26738297	1.29e-53	220
query	4	84.483	232	73845	74072	30555719	30555493	1.29e-53	220
query	4	89.714	175	45508	45681	30794696	30794524	1.29e-53	220
query	4	84.120	233	73844	74072	29880465	29880694	4.63e-53	219
query	4	75.651	538	84871	85393	31784885	31784386	4.63e-53	219
query	4	86.275	204	73872	74072	2348855	2348654	1.66e-52	217
query	4	82.707	266	75400	75648	25564219	25563958	1.66e-52	217
query	4	88.043	184	85808	85990	25619160	25618978	1.66e-52	217
query	4	77.419	403	85000	85387	32191490	32191882	1.66e-52	217
query	4	78.142	366	85339	85699	12239594	12239243	5.99e-52	215
query	4	85.577	208	85781	85982	25582109	25582316	2.15e-51	213
query	4	76.389	432	77289	77709	27622324	27621903	2.15e-51	213
query	4	84.722	216	86138	86351	31603976	31604189	2.15e-51	213
query	4	82.400	250	21603	21849	33386367	33386612	7.74e-51	211
query	4	81.618	272	85521	85781	34101577	34101844	7.74e-51	211
query	4	85.366	205	86575	86777	6035352	6035150	2.78e-50	209
query	4	83.621	232	73845	74072	15524524	15524298	2.78e-50	209
query	4	72.458	708	33473	34169	4135984	4135288	1.00e-49	207
query	4	84.091	220	52855	53074	25141402	25141615	1.00e-49	207
query	4	74.461	603	84786	85375	25581261	25581816	3.60e-49	206
query	4	88.690	168	85824	85990	22641354	22641188	1.30e-48	204
query	4	80.216	278	86024	86298	23580343	23580069	1.30e-48	204
query	4	86.885	183	85808	85990	30501062	30500881	1.30e-48	204
query	4	80.488	287	86516	86797	10425433	10425704	4.66e-48	202
query	4	82.979	235	73845	74073	10918752	10918524	4.66e-48	202
query	4	74.729	554	85405	85920	28002009	28001467	4.66e-48	202
query	4	86.813	182	85811	85990	28470890	28471071	4.66e-48	202
query	4	81.818	264	75400	75648	30399542	30399799	4.66e-48	202
query	4	79.279	333	45515	45835	583006	582697	1.68e-47	200
query	4	78.187	353	86472	86812	24676207	24675870	1.68e-47	200
query	4	81.783	258	75401	75643	28311486	28311740	1.68e-47	200
query	4	79.402	301	19518	19812	32277039	32276747	1.68e-47	200
query	4	86.339	183	85808	85990	20810612	20810793	6.03e-47	198
query	4	88.623	167	85824	85990	25063883	25063722	6.03e-47	198
query	4	75.647	464	85169	85625	25618641	25618206	6.03e-47	198
query	4	81.746	252	86524	86773	30850363	30850603	6.03e-47	198
query	4	83.886	211	85781	85986	22991261	22991051	2.17e-46	196
query	4	74.225	613	85172	85756	30398203	30398778	2.17e-46	196
query	4	91.034	145	60019	60162	8125982	8125839	7.80e-46	195
query	4	81.557	244	86524	86766	16258248	16258484	7.80e-46	195
query	4	78.209	335	86469	86792	20694805	20695129	7.80e-46	195
query	4	81.081	259	75400	75648	30380607	30380861	7.80e-46	195
query	4	84.896	192	86090	86276	31983124	31982935	1.30e-43	187
query	4	81.008	258	75400	75643	25194792	25195042	4.69e-43	185
query	4	93.600	125	85823	85946	31785610	31785486	4.69e-43	185
query	4	78.618	304	86124	86418	19342341	19342631	6.07e-42	182
query	4	80.753	239	75402	75636	22955606	22955842	6.07e-42	182
query	4	81.743	241	75400	75624	28771401	28771166	6.07e-42	182
query	4	78.929	280	85990	86264	29393735	29393461	6.07e-42	182
query	4	80.478	251	75400	75636	24279712	24279462	2.18e-41	180
query	4	77.528	356	86068	86408	30398446	30398778	2.18e-41	180
query	4	79.167	264	71285	71547	21344171	21343913	7.85e-41	178
query	4	80.478	251	75401	75636	27712241	27712491	7.85e-41	178
query	4	79.297	256	71288	71542	31814647	31814395	2.82e-40	176
query	4	77.168	346	45508	45832	2905615	2905279	1.02e-39	174
query	4	81.778	225	85781	85990	34101621	34101844	1.02e-39	174
query	4	78.906	256	71287	71542	23187994	23188247	3.65e-39	172
query	4	78.114	297	85405	85690	21887968	21887682	4.73e-38	169
query	4	93.220	118	53603	53719	24151939	24151826	4.73e-38	169
query	4	79.615	260	75400	75643	27623090	27622834	4.73e-38	169
query	4	80.335	239	75400	75625	18364429	18364193	1.70e-37	167
query	4	86.164	159	85808	85961	25880051	25880208	1.70e-37	167
query	4	88.971	136	85823	85956	31943297	31943162	1.70e-37	167
query	4	82.353	204	59536	59739	9428393	9428203	6.11e-37	165
query	4	81.308	214	85990	86199	22126288	22126496	6.11e-37	165
query	4	76.807	332	86125	86445	22529924	22529605	6.11e-37	165
query	4	78.445	283	59568	59849	6035408	6035148	2.20e-36	163
query	4	79.231	260	75404	75648	20422938	20422684	2.20e-36	163
query	4	78.351	291	76740	77019	26815252	26814979	2.20e-36	163
query	4	78.947	266	85451	85709	22659371	22659121	7.91e-36	161
query	4	78.629	248	71295	71541	34031438	34031194	7.91e-36	161
query	4	92.105	114	58594	58707	14439478	14439589	2.84e-35	159
query	4	79.216	255	75404	75643	20181995	20182245	2.84e-35	159
query	4	79.583	240	73845	74079	32101407	32101638	2.84e-35	159
query	4	86.897	145	75500	75643	25730772	25730632	1.02e-34	158
query	4	78.102	274	86125	86389	27175885	27176150	1.02e-34	158
query	4	82.828	198	85777	85965	30398593	30398778	1.02e-34	158
query	4	85.526	152	86214	86362	31603976	31604126	3.68e-34	156
query	4	88.462	130	85583	85710	31603997	31604126	3.68e-34	156
query	4	81.443	194	71290	71481	31813242	31813434	3.68e-34	156
query	4	79.518	249	86032	86276	25617734	25617507	1.32e-33	154
query	4	77.863	262	71289	71542	30595813	30595553	1.32e-33	154
query	4	74.941	423	85335	85737	32141563	32141164	1.32e-33	154
query	4	85.714	147	75499	75643	24277491	24277348	1.71e-32	150
query	4	85.517	145	75499	75643	19342397	19342257	6.16e-32	148
query	4	78.295	258	75405	75648	26571224	26571476	6.16e-32	148
query	4	86.667	135	56431	56565	33386610	33386477	6.16e-32	148
query	4	85.135	148	75493	75636	25819182	25819327	2.21e-31	147
query	4	79.654	231	85781	85990	30061095	30060865	2.21e-31	147
query	4	85.714	140	86631	86769	30574364	30574502	2.21e-31	147
query	4	82.222	180	85490	85665	29774897	29775069	7.97e-31	145
query	4	90.179	112	58333	58444	33386483	33386373	7.97e-31	145
query	4	81.218	197	75460	75642	20630852	20631045	2.86e-30	143
query	4	84.932	146	75500	75643	22529870	22530011	2.86e-30	143
query	4	74.157	445	84776	85208	23784924	23785335	2.86e-30	143
query	4	93.814	97	53624	53719	28678888	28678981	2.86e-30	143
query	4	80.978	184	55385	55566	3889873	3889693	1.03e-29	141
query	4	73.684	513	85049	85530	19342072	19342552	1.03e-29	141
query	4	77.528	267	85451	85709	21879581	21879330	3.71e-29	139
query	4	77.338	278	86125	86389	27621551	27621813	3.71e-29	139
query	4	86.992	123	63852	63974	9378423	9378302	1.33e-28	137
query	4	84.028	144	75500	75643	27175939	27175800	4.79e-28	135
query	4	84.397	141	75499	75636	27621606	27621467	4.79e-28	135
query	4	79.227	207	52860	53066	706984	707179	1.72e-27	134
query	4	82.692	156	86108	86261	12083570	12083418	1.72e-27	134
query	4	79.798	198	85504	85696	25375476	25375666	1.72e-27	134
query	4	86.614	127	85788	85908	27884642	27884766	1.72e-27	134
query	4	79.412	204	75449	75643	30833096	30833297	1.72e-27	134
query	4	84.286	140	75499	75636	32141526	32141664	1.72e-27	134
query	4	87.719	114	86577	86689	9428296	9428184	6.20e-27	132
query	4	84.962	133	85555	85685	12083548	12083418	6.20e-27	132
query	4	77.824	239	86044	86275	19342337	19342565	6.20e-27	132
query	4	77.154	267	75400	75648	32025327	32025586	6.20e-27	132
query	4	85.950	121	63851	63971	11119980	11119860	2.23e-26	130
query	4	83.688	141	75499	75635	22700737	22700597	2.23e-26	130
query	4	76.161	323	85396	85703	25581876	25582170	2.23e-26	130
query	4	86.066	122	62416	62535	7706814	7706696	2.89e-25	126
query	4	87.963	108	9231	9337	18092374	18092268	2.89e-25	126
query	4	88.073	109	85801	85908	18737814	18737920	2.89e-25	126
query	4	80.447	179	76740	76910	20324308	20324134	2.89e-25	126
query	4	74.500	400	85159	85533	22530079	22529708	1.04e-24	124
query	4	77.642	246	86131	86363	25679283	25679053	1.04e-24	124
query	4	83.824	136	85990	86124	30568998	30569129	1.04e-24	124
query	4	75.410	305	85836	86122	24277214	24277509	3.73e-24	122
query	4	87.619	105	86349	86453	31604749	31604852	1.34e-23	121
query	4	86.916	107	56447	56553	3022667	3022771	4.83e-23	119
query	4	86.916	107	56447	56553	3034754	3034858	4.83e-23	119
query	4	86.916	107	56447	56553	3046842	3046946	4.83e-23	119
query	4	77.533	227	85317	85533	27175885	27176102	4.83e-23	119
query	4	91.860	86	86190	86275	31784291	31784207	4.83e-23	119
query	4	77.500	240	86051	86275	22529922	22529698	1.74e-22	117
query	4	84.252	127	85788	85908	23243031	23242907	1.74e-22	117
query	4	76.955	243	86131	86362	32025793	32025563	1.74e-22	117
query	4	92.500	80	58826	58905	14439574	14439652	2.25e-21	113
query	4	88.298	94	63857	63950	15369430	15369337	2.25e-21	113
query	4	76.471	255	86124	86363	22530079	22529838	2.25e-21	113
query	4	85.088	114	85862	85975	30399529	30399420	2.25e-21	113
query	4	83.065	124	86229	86351	687520	687397	8.08e-21	111
query	4	94.595	74	53645	53717	20862553	20862624	8.08e-21	111
query	4	83.065	124	77085	77207	30993053	30992931	8.08e-21	111
query	4	75.758	264	86132	86388	30993395	30993641	8.08e-21	111
query	4	82.707	133	85781	85908	31604059	31604189	8.08e-21	111
query	4	75.170	294	85836	86111	31771255	31771536	8.08e-21	111
query	4	76.623	231	86055	86275	27175891	27176112	2.91e-20	110
query	4	77.056	231	75407	75624	31771632	31771414	2.91e-20	110
query	4	82.707	133	86068	86198	28311702	28311579	1.05e-19	108
query	4	82.707	133	86068	86198	30833259	30833136	1.05e-19	108
query	4	93.151	73	15441	15513	16217550	16217621	3.76e-19	106
query	4	75.277	271	86132	86389	25561104	25561361	3.76e-19	106
query	4	82.540	126	84870	84989	17009362	17009486	1.35e-18	104
query	4	74.837	306	85102	85390	25730507	25730791	1.35e-18	104
query	4	76.050	238	85160	85390	28771084	28771306	1.35e-18	104
query	4	89.412	85	85653	85737	30399529	30399448	1.35e-18	104
query	4	81.955	133	86068	86198	25730668	25730791	4.86e-18	102
query	4	81.429	140	86061	86198	18364210	18364336	1.75e-17	100
query	4	81.250	128	58704	58829	24920168	24920294	1.75e-17	100
query	4	83.478	115	75480	75587	30993466	30993353	1.75e-17	100
query	4	75.745	235	86143	86366	32141563	32141337	1.75e-17	100
query	4	80.435	138	85777	85908	12239378	12239243	6.29e-17	99.0
query	4	80.147	136	85990	86124	22126365	22126497	6.29e-17	99.0
query	4	80.147	136	85990	86124	30061095	30060963	6.29e-17	99.0
query	4	85.714	98	85880	85975	30833080	30832986	6.29e-17	99.0
query	4	78.443	167	19984	20138	31226083	31226249	6.29e-17	99.0
query	4	75.949	237	85167	85390	28311801	28311579	2.26e-16	97.1
query	4	90.541	74	85847	85919	29774888	29774960	2.26e-16	97.1
query	4	82.609	115	85592	85703	34101569	34101681	2.26e-16	97.1
query	4	76.444	225	85167	85380	18364120	18364326	8.14e-16	95.3
query	4	81.967	122	85592	85709	21879252	21879136	8.14e-16	95.3
query	4	80.000	135	85990	86122	22419254	22419384	8.14e-16	95.3
query	4	87.805	82	85840	85920	25679284	25679203	8.14e-16	95.3
query	4	75.197	254	86125	86363	25819244	25819004	8.14e-16	95.3
query	4	79.851	134	85990	86122	27882740	27882870	8.14e-16	95.3
query	4	77.184	206	76736	76928	28470379	28470188	8.14e-16	95.3
query	4	80.645	124	76738	76860	29820582	29820460	8.14e-16	95.3
query	4	87.952	83	85840	85920	27621556	27621635	2.93e-15	93.5
query	4	88.312	77	86122	86198	28771230	28771306	2.93e-15	93.5
query	4	91.304	69	85637	85704	29774888	29774956	2.93e-15	93.5
query	4	75.510	245	85160	85390	27175885	27176112	1.05e-14	91.6
query	4	75.652	230	85317	85534	27621551	27621767	1.05e-14	91.6
query	4	80.000	130	85997	86124	27884793	27884918	1.05e-14	91.6
query	4	85.393	89	85801	85889	31604310	31604396	1.05e-14	91.6
query	4	89.189	74	85592	85665	31784387	31784315	1.05e-14	91.6
query	4	86.585	82	86043	86122	18364255	18364336	3.79e-14	89.8
query	4	86.585	82	85840	85920	22530073	22529992	3.79e-14	89.8
query	4	79.104	134	85990	86122	22641400	22641270	3.79e-14	89.8
query	4	79.286	140	86060	86198	22955816	22955685	3.79e-14	89.8
query	4	79.104	134	85990	86122	23242886	23242756	3.79e-14	89.8
query	4	79.412	136	85990	86122	23579727	23579597	3.79e-14	89.8
query	4	72.304	408	85224	85625	25619568	25619196	3.79e-14	89.8
query	4	74.074	297	85990	86273	27621501	27621774	3.79e-14	89.8
query	4	74.110	309	85102	85390	30833422	30833136	3.79e-14	89.8
query	4	86.585	82	85840	85920	32025794	32025713	3.79e-14	89.8
query	4	80.153	131	86068	86196	20182207	20182087	1.36e-13	87.9
query	4	91.935	62	86135	86196	20630949	20630888	1.36e-13	87.9
query	4	91.935	62	85327	85388	20630949	20630888	1.36e-13	87.9
query	4	79.528	127	85839	85964	20632485	20632362	1.36e-13	87.9
query	4	87.838	74	86125	86198	21125667	21125594	1.36e-13	87.9
query	4	92.063	63	86137	86198	22700693	22700755	1.36e-13	87.9
query	4	71.091	678	85106	85737	30833652	30833014	1.36e-13	87.9
query	4	79.699	133	86068	86198	17955376	17955253	4.90e-13	86.1
query	4	82.828	99	76740	76836	20631194	20631290	4.90e-13	86.1
query	4	90.625	64	86125	86188	26571385	26571322	4.90e-13	86.1
query	4	93.220	59	86132	86189	27622929	27622986	4.90e-13	86.1
query	4	86.076	79	86044	86122	28771228	28771306	4.90e-13	86.1
query	4	82.692	104	85804	85907	30501435	30501339	4.90e-13	86.1
query	4	75.117	213	86056	86265	30993395	30993595	4.90e-13	86.1
query	4	74.897	243	85160	85390	32025648	32025422	4.90e-13	86.1
query	4	75.107	233	85160	85380	20182312	20182095	1.76e-12	84.2
query	4	79.545	132	86068	86198	20422727	20422848	1.76e-12	84.2
query	4	91.667	60	76740	76799	25124299	25124358	1.76e-12	84.2
query	4	89.706	68	86132	86198	30399702	30399637	1.76e-12	84.2
query	4	74.590	244	85160	85390	17955482	17955253	6.33e-12	82.4
query	4	78.740	127	85997	86122	18737949	18738072	6.33e-12	82.4
query	4	78.788	132	86068	86198	24277385	24277509	6.33e-12	82.4
query	4	85.366	82	85842	85921	25561104	25561184	6.33e-12	82.4
query	4	75.000	216	76744	76948	25879405	25879199	6.33e-12	82.4
query	4	89.552	67	86132	86196	27712400	27712335	6.33e-12	82.4
query	4	89.062	64	86055	86118	20182152	20182089	2.28e-11	80.5
query	4	91.379	58	86059	86116	20630949	20630892	2.28e-11	80.5
query	4	89.394	66	85317	85380	24279545	24279608	2.28e-11	80.5
query	4	91.525	59	86055	86112	24279551	24279608	2.28e-11	80.5
query	4	91.525	59	86132	86189	25564059	25564116	2.28e-11	80.5
query	4	89.062	64	85317	85380	26571385	26571322	2.28e-11	80.5
query	4	91.525	59	85324	85381	27622929	27622986	2.28e-11	80.5
query	4	91.525	59	86056	86113	27622929	27622986	2.28e-11	80.5
query	4	88.235	68	86056	86122	28311645	28311579	2.28e-11	80.5
query	4	89.231	65	86059	86122	30833200	30833136	2.28e-11	80.5
query	4	94.340	53	86136	86187	31771485	31771536	2.28e-11	80.5
query	4	74.762	210	85183	85390	22955878	22955685	8.19e-11	78.7
query	4	91.379	58	85324	85380	24277443	24277499	8.19e-11	78.7
query	4	86.486	74	86125	86196	24279545	24279616	8.19e-11	78.7
query	4	88.060	67	86132	86198	25194951	25194887	8.19e-11	78.7
query	4	84.146	82	86043	86122	27176031	27176112	8.19e-11	78.7
query	4	88.060	67	86056	86122	30399702	30399637	8.19e-11	78.7
query	4	88.060	67	85324	85390	30399702	30399637	8.19e-11	78.7
query	4	78.295	129	85990	86116	32191754	32191879	8.19e-11	78.7
query	4	85.135	74	85317	85390	21125667	21125594	2.95e-10	76.8
query	4	84.146	82	86044	86122	22700674	22700755	2.95e-10	76.8
query	4	88.889	63	85329	85390	22700693	22700755	2.95e-10	76.8
query	4	88.889	63	85324	85385	25564059	25564120	2.95e-10	76.8
query	4	91.228	57	86056	86112	26571377	26571322	2.95e-10	76.8
query	4	78.261	138	85987	86118	27712466	27712337	2.95e-10	76.8
query	4	80.374	107	76740	76845	28689178	28689279	2.95e-10	76.8
query	4	74.888	223	76740	76952	28830338	28830543	2.95e-10	76.8
query	4	74.180	244	85160	85390	20422622	20422848	1.06e-09	75.0
query	4	89.831	59	86056	86113	25564059	25564116	1.06e-09	75.0
query	4	86.765	68	86056	86122	25730725	25730791	1.06e-09	75.0
query	4	74.419	215	85324	85533	30993395	30993595	1.06e-09	75.0
query	4	92.453	53	85328	85379	31771485	31771536	1.06e-09	75.0
query	4	86.567	67	86056	86122	21125659	21125594	3.81e-09	73.1
query	4	86.567	67	85324	85390	25194951	25194887	3.81e-09	73.1
query	4	89.831	59	85324	85380	27712400	27712343	3.81e-09	73.1
query	4	88.525	61	76740	76800	30993000	30992941	3.81e-09	73.1
query	4	86.301	73	85804	85874	31784563	31784497	3.81e-09	73.1
query	4	89.286	56	75499	75554	17815409	17815354	1.37e-08	71.3
query	4	89.286	56	75499	75554	17898319	17898374	1.37e-08	71.3
query	4	89.474	57	86067	86122	17955309	17955253	1.37e-08	71.3
query	4	90.741	54	76744	76796	19279120	19279067	1.37e-08	71.3
query	4	82.927	82	86043	86122	20422768	20422848	1.37e-08	71.3
query	4	89.286	56	75499	75554	23243000	23243055	1.37e-08	71.3
query	4	89.286	56	75499	75554	23579841	23579896	1.37e-08	71.3
query	4	89.474	57	86056	86112	25194951	25194897	1.37e-08	71.3
query	4	86.364	66	86131	86194	30380763	30380698	1.37e-08	71.3
query	4	84.000	75	86125	86198	32025495	32025422	1.37e-08	71.3
query	4	85.294	68	86056	86122	22955751	22955685	4.93e-08	69.4
query	4	89.091	55	75500	75554	27883479	27883425	4.93e-08	69.4
query	4	89.286	56	75499	75554	27884673	27884619	4.93e-08	69.4
query	4	89.286	56	75499	75554	31784629	31784683	4.93e-08	69.4
query	4	89.091	55	75500	75554	22641515	22641568	1.77e-07	67.6
query	4	95.238	42	86055	86096	30380763	30380722	1.77e-07	67.6
query	4	95.238	42	85323	85364	30380763	30380722	1.77e-07	67.6
query	4	90.196	51	30185	30235	31288530	31288580	1.77e-07	67.6
query	4	90.196	51	38865	38915	31288530	31288580	1.77e-07	67.6
query	4	85.294	68	86136	86201	20632478	20632414	6.38e-07	65.8
query	4	93.182	44	75499	75542	22126477	22126434	6.38e-07	65.8
query	4	91.837	49	75499	75545	25582224	25582177	6.38e-07	65.8
query	4	88.679	53	86060	86112	32025484	32025432	6.38e-07	65.8
query	4	88.462	52	75460	75511	33202084	33202033	2.29e-06	63.9
query	4	93.023	43	77670	77711	26133394	26133436	8.25e-06	62.1
query	7	81.164	1014	84782	85781	1969961	1968998	0.0	756
query	7	75.535	1590	32662	34234	7794116	7795688	0.0	750
query	7	75.695	1510	32741	34234	5904342	5905835	0.0	726
query	7	78.943	1173	84653	85781	28967577	28966452	0.0	713
query	7	77.156	1322	84649	85908	27783722	27784996	0.0	667
query	7	77.703	1184	84649	85781	5687921	5689056	1.39e-177	632
query	7	81.651	763	84782	85540	28967262	28966537	1.83e-166	595
query	7	76.632	1241	84772	85980	29565126	29566300	1.83e-166	595
query	7	78.840	931	84782	85699	27784037	27784921	8.57e-160	573
query	7	78.370	994	84814	85781	27784364	27785303	3.08e-159	571
query	7	81.250	768	84779	85536	29565282	29566006	3.08e-159	571
query	7	80.157	766	84782	85540	30883353	30882638	1.13e-143	520
query	7	77.563	985	85049	85990	24050851	24049907	4.07e-143	518
query	7	80.663	724	84823	85540	27136871	27137553	4.07e-143	518
query	7	77.361	932	84859	85781	29393768	29394644	6.87e-136	494
query	7	76.371	1058	84652	85699	26839251	26838271	3.19e-134	488
query	7	76.848	1028	84653	85664	30883686	30882743	3.19e-134	488
query	7	74.468	1363	85041	86364	30989599	30988307	3.19e-134	488
query	7	75.166	1208	84776	85948	24127031	24125897	1.16e-128	470
query	7	80.150	665	85804	86452	28967083	28966433	1.16e-128	470
query	7	91.740	339	59537	59875	6438781	6438446	4.16e-128	468
query	7	92.615	325	59537	59861	2805532	2805853	5.38e-127	464
query	7	92.523	321	59537	59857	15386299	15386616	9.01e-125	457
query	7	76.531	980	84823	85781	30323598	30322683	9.01e-125	457
query	7	92.000	325	59537	59861	28471540	28471219	1.17e-123	453
query	7	91.667	324	59537	59860	16167120	16167439	1.95e-121	446
query	7	90.616	341	59537	59875	32688642	32688977	1.95e-121	446
query	7	91.385	325	59537	59861	445178	445499	2.52e-120	442
query	7	91.385	325	59537	59861	27783246	27783567	2.52e-120	442
query	7	84.532	459	85993	86445	27806235	27806686	2.52e-120	442
query	7	76.244	985	84784	85752	30989605	30988692	2.52e-120	442
query	7	90.854	328	59537	59864	31224631	31224955	1.17e-118	436
query	7	79.394	660	85805	86447	5688431	5689070	5.46e-117	431
query	7	90.741	324	59537	59859	7156727	7157047	1.96e-116	429
query	7	90.578	329	59537	59861	8073571	8073895	1.96e-116	429
query	7	91.346	312	59537	59847	22802610	22802918	9.14e-115	424
query	7	90.123	324	59537	59860	20703869	20704188	4.25e-113	418
query	7	75.358	1047	84679	85709	1871649	1870684	5.50e-112	414
query	7	90.093	323	59539	59861	2755477	2755794	5.50e-112	414
query	7	75.818	947	84776	85699	27784183	27785071	3.31e-109	405
query	7	78.737	649	85777	86406	27784185	27784817	4.28e-108	401
query	7	88.554	332	59537	59861	28282080	28282408	7.16e-106	394
query	7	77.869	732	85049	85761	32130114	32129430	7.16e-106	394
query	7	75.381	983	84742	85711	26839015	26838109	2.58e-105	392
query	7	75.194	1032	84783	85781	24050865	24049907	9.27e-105	390
query	7	88.580	324	59537	59860	27449382	27449701	9.27e-105	390
query	7	80.970	536	84776	85308	30332303	30332801	3.33e-104	388
query	7	74.927	1025	84776	85781	21972121	21971169	4.31e-103	385
query	7	75.322	932	85557	86446	1871429	1870525	1.55e-102	383
query	7	90.136	294	28242	28533	13119923	13120214	2.01e-101	379
query	7	87.611	339	59537	59875	21474442	21474119	2.01e-101	379
query	7	77.297	740	85057	85781	25465932	25465240	2.01e-101	379
query	7	74.928	1037	84776	85781	27138205	27139168	2.01e-101	379
query	7	89.439	303	59539	59841	27418937	27418639	2.01e-101	379
query	7	78.965	599	85105	85695	30332229	30332803	2.01e-101	379
query	7	75.124	1009	84776	85756	27420343	27421276	7.21e-101	377
query	7	75.995	854	84878	85712	30989676	30988873	7.21e-101	377
query	7	87.805	328	59537	59864	23164189	23163875	3.36e-99	372
query	7	74.851	1006	84795	85761	32675884	32674931	3.36e-99	372
query	7	77.727	660	85049	85699	5688193	5688824	1.21e-98	370
query	7	90.681	279	59597	59875	22843922	22844198	1.21e-98	370
query	7	79.159	571	85143	85707	28967298	28966750	1.21e-98	370
query	7	74.557	1073	85417	86445	30883555	30882546	1.21e-98	370
query	7	77.246	690	85034	85709	27784040	27784697	2.02e-96	363
query	7	79.962	524	85811	86330	25554558	25555057	7.27e-96	361
query	7	75.079	951	84730	85664	31272578	31273444	4.37e-93	351
query	7	78.472	576	85141	85709	27805977	27806527	5.66e-92	348
query	7	77.851	605	77710	78300	33062468	33063055	2.03e-91	346
query	7	86.154	325	56720	57035	25216027	25215706	9.47e-90	340
query	7	77.578	611	85105	85704	5688174	5688755	1.58e-87	333
query	7	83.029	383	56720	57092	7598911	7599287	1.58e-87	333
query	7	74.761	943	84781	85704	27136622	27137485	1.58e-87	333
query	7	77.911	584	85105	85677	23339164	23338606	5.70e-87	331
query	7	74.699	913	84775	85664	27784259	27785112	5.70e-87	331
query	7	75.385	845	84867	85665	23339277	23338481	3.43e-84	322
query	7	73.064	1214	84796	85965	27420137	27421276	3.43e-84	322
query	7	84.164	341	86107	86445	30346540	30346872	3.43e-84	322
query	7	77.467	608	77715	78300	32765479	32764895	3.43e-84	322
query	7	80.886	429	85993	86408	27420854	27421276	1.23e-83	320
query	7	74.327	966	84775	85707	27784106	27785006	1.23e-83	320
query	7	81.627	381	33854	34234	24945691	24945311	1.60e-82	316
query	7	75.724	725	85283	85988	25465932	25465241	1.60e-82	316
query	7	74.501	902	85048	85918	26839108	26838260	5.74e-82	315
query	7	74.106	923	84786	85699	21972260	21971403	2.06e-81	313
query	7	75.815	736	85026	85737	5687178	5687865	9.60e-80	307
query	7	81.842	380	56723	57092	9035029	9035405	9.60e-80	307
query	7	83.929	336	19509	19839	5882368	5882045	3.45e-79	305
query	7	82.948	346	86466	86810	21586024	21585685	3.45e-79	305
query	7	73.793	1015	84785	85781	1305611	1304684	1.24e-78	303
query	7	91.071	224	52855	53078	3629350	3629127	1.24e-78	303
query	7	86.477	281	86525	86804	8262276	8262001	1.24e-78	303
query	7	75.427	761	85181	85908	29564850	29565567	1.61e-77	300
query	7	85.816	282	86524	86804	19320327	19320607	5.78e-77	298
query	7	73.922	997	84772	85752	30989311	30988411	5.78e-77	298
query	7	75.723	692	85243	85908	5688162	5688824	2.08e-76	296
query	7	85.517	290	86030	86316	27784830	27785112	7.47e-76	294
query	7	77.368	570	85221	85781	30988631	30988100	7.47e-76	294
query	7	74.030	928	84787	85699	1305759	1304910	2.69e-75	292
query	7	76.884	584	77710	78285	28187070	28186521	2.69e-75	292
query	7	81.217	378	85324	85697	1871429	1871064	9.67e-75	291
query	7	85.211	284	86524	86806	7982573	7982291	9.67e-75	291
query	7	84.828	290	86516	86804	26756095	26755806	9.67e-75	291
query	7	85.274	292	86030	86317	5688585	5688867	3.48e-74	289
query	7	86.466	266	86521	86784	16120367	16120630	3.48e-74	289
query	7	83.282	323	86471	86784	12540524	12540205	1.25e-73	287
query	7	90.045	221	52855	53075	2058232	2058013	4.50e-73	285
query	7	76.412	602	85329	85908	5688171	5688749	1.62e-72	283
query	7	81.894	359	85997	86351	5688483	5688824	1.62e-72	283
query	7	86.312	263	86524	86784	11446590	11446330	1.62e-72	283
query	7	82.493	337	86471	86795	15028548	15028880	5.82e-72	281
query	7	81.096	365	85993	86351	29564982	29565340	5.82e-72	281
query	7	85.985	264	86523	86784	295866	295605	2.09e-71	279
query	7	82.927	328	86477	86791	7085524	7085201	2.09e-71	279
query	7	73.410	786	33392	34169	27486805	27487582	2.09e-71	279
query	7	82.687	335	86024	86349	29565089	29565413	2.09e-71	279
query	7	74.146	820	84820	85625	30989650	30988882	2.09e-71	279
query	7	80.211	379	85975	86351	30332216	30332588	7.53e-71	278
query	7	85.932	263	86524	86784	32054439	32054699	7.53e-71	278
query	7	84.722	288	73796	74072	4679467	4679183	2.71e-70	276
query	7	91.500	200	52876	53075	6395731	6395532	2.71e-70	276
query	7	83.904	292	86524	86813	7084916	7085205	2.71e-70	276
query	7	84.588	279	85505	85781	989317	989591	3.50e-69	272
query	7	81.928	332	86024	86351	28967306	28966980	3.50e-69	272
query	7	81.899	337	45504	45833	23684959	23684638	5.86e-67	265
query	7	81.790	324	19518	19839	23820373	23820056	5.86e-67	265
query	7	81.791	335	45508	45832	29348568	29348241	5.86e-67	265
query	7	73.701	943	84785	85703	32130419	32129564	5.86e-67	265
query	7	74.109	842	85102	85908	25554069	25554853	2.11e-66	263
query	7	84.249	273	86524	86795	1633126	1633394	7.58e-66	261
query	7	84.791	263	86524	86784	26083057	26083317	7.58e-66	261
query	7	75.753	631	84776	85392	1871196	1870618	9.81e-65	257
query	7	88.182	220	52856	53075	23326313	23326526	9.81e-65	257
query	7	81.602	337	45504	45832	23668079	23668399	9.81e-65	257
query	7	85.039	254	86524	86776	26095380	26095128	9.81e-65	257
query	7	88.785	214	85781	85990	28966664	28966452	9.81e-65	257
query	7	83.158	285	86524	86805	32989122	32988839	9.81e-65	257
query	7	87.013	231	73845	74072	7661201	7660974	3.53e-64	255
query	7	91.848	184	85808	85990	30988283	30988100	3.53e-64	255
query	7	83.275	287	73795	74072	1284949	1285232	1.27e-63	254
query	7	79.064	406	85000	85392	5688585	5688976	1.27e-63	254
query	7	84.556	259	86516	86773	27285447	27285192	1.27e-63	254
query	7	75.680	625	84782	85390	28967110	28966534	1.27e-63	254
query	7	86.441	236	86044	86276	32129724	32129491	1.27e-63	254
query	7	83.217	286	73796	74072	10042319	10042037	4.56e-63	252
query	7	83.162	291	85990	86276	24050499	24050220	4.56e-63	252
query	7	78.271	451	85250	85695	24209258	24208844	4.56e-63	252
query	7	85.484	248	86106	86351	27784830	27785071	4.56e-63	252
query	7	78.935	413	85808	86209	30988563	30988172	4.56e-63	252
query	7	86.580	231	73845	74072	4548010	4547783	1.64e-62	250
query	7	84.030	263	86524	86784	28141923	28141663	1.64e-62	250
query	7	85.020	247	86558	86803	28813495	28813741	1.64e-62	250
query	7	83.516	273	86524	86795	15959441	15959175	5.90e-62	248
query	7	85.833	240	56807	57039	19183912	19183673	5.90e-62	248
query	7	82.818	291	85990	86276	32675272	32674992	5.90e-62	248
query	7	73.727	864	84890	85703	32675880	32675065	5.90e-62	248
query	7	86.325	234	73845	74073	7656667	7656439	2.12e-61	246
query	7	82.993	294	73796	74072	28521282	28520993	2.12e-61	246
query	7	82.313	294	86514	86803	32207895	32208183	2.12e-61	246
query	7	86.147	231	73845	74072	9847679	9847452	7.63e-61	244
query	7	82.578	287	86525	86805	26022926	26022644	7.63e-61	244
query	7	85.776	232	86525	86754	6390395	6390166	2.75e-60	243
query	7	83.088	272	86535	86803	6602271	6602540	2.75e-60	243
query	7	86.147	231	73845	74072	9852208	9851983	2.75e-60	243
query	7	82.746	284	73791	74072	15818496	15818769	2.75e-60	243
query	7	73.522	812	85572	86351	32333507	32332736	2.75e-60	243
query	7	78.378	407	85000	85390	27806196	27806592	9.88e-60	241
query	7	83.650	263	86524	86784	30097525	30097782	9.88e-60	241
query	7	82.332	283	86524	86804	5742246	5741970	3.55e-59	239
query	7	72.308	845	33392	34223	17123571	17124401	3.55e-59	239
query	7	87.037	216	85781	85990	989377	989591	1.28e-58	237
query	7	83.270	263	86524	86784	2634786	2635045	1.28e-58	237
query	7	83.582	268	75401	75652	5092901	5092636	4.59e-58	235
query	7	85.281	231	73845	74074	7462835	7463063	4.59e-58	235
query	7	83.712	264	86524	86784	9210845	9211096	4.59e-58	235
query	7	72.879	719	33458	34169	16834917	16835628	4.59e-58	235
query	7	75.290	603	85119	85703	24050855	24050293	4.59e-58	235
query	7	85.281	231	73845	74072	10046802	10046575	1.65e-57	233
query	7	86.574	216	52852	53067	12587511	12587720	1.65e-57	233
query	7	87.500	208	85781	85982	27138954	27139160	1.65e-57	233
query	7	89.305	187	85596	85781	32674920	32674735	1.65e-57	233
query	7	84.170	259	75401	75643	24393858	24393606	5.94e-57	231
query	7	86.512	215	45504	45713	9021812	9022024	2.14e-56	230
query	7	72.973	703	33392	34086	26895618	26896310	2.14e-56	230
query	7	81.625	283	86524	86803	27091484	27091763	2.14e-56	230
query	7	84.848	231	73845	74072	1289544	1289771	7.69e-56	228
query	7	83.794	253	75402	75643	27655512	27655762	7.69e-56	228
query	7	74.000	750	85000	85703	988727	989437	2.77e-55	226
query	7	91.018	167	85824	85990	5688890	5689056	2.77e-55	226
query	7	88.710	186	85596	85781	32129242	32129058	2.77e-55	226
query	7	87.692	195	86084	86276	989317	989510	9.95e-55	224
query	7	87.500	192	52877	53068	884249	884440	3.58e-54	222
query	7	89.773	176	45508	45682	23689465	23689292	3.58e-54	222
query	7	75.413	545	85166	85699	24127259	24126749	3.58e-54	222
query	7	89.773	176	45508	45682	27833338	27833511	3.58e-54	222
query	7	76.688	459	85248	85699	29394060	29394490	3.58e-54	222
query	7	85.915	213	85784	85990	30322895	30322683	3.58e-54	222
query	7	84.581	227	52853	53078	30775176	30774952	3.58e-54	222
query	7	86.538	208	85781	85982	21971381	21971177	1.29e-53	220
query	7	89.714	175	45508	45681	23665923	23666095	1.29e-53	220
query	7	85.714	210	52867	53075	26432308	26432516	1.29e-53	220
query	7	91.358	162	85808	85968	32129593	32129432	1.29e-53	220
query	7	82.642	265	75401	75650	5090817	5090556	4.63e-53	219
query	7	88.889	180	45504	45682	21651862	21652039	4.63e-53	219
query	7	83.012	259	75400	75643	32124590	32124846	4.63e-53	219
query	7	89.205	176	45508	45682	21647459	21647632	1.66e-52	217
query	7	79.525	337	85808	86122	24050322	24049989	1.66e-52	217
query	7	80.769	286	86524	86807	26197884	26198163	1.66e-52	217
query	7	88.172	186	85808	85990	32674918	32674735	1.66e-52	217
query	7	81.679	262	86525	86784	2538981	2538722	5.99e-52	215
query	7	84.052	232	73845	74072	4141963	4141738	5.99e-52	215
query	7	84.120	233	73845	74072	4143440	4143215	5.99e-52	215
query	7	78.736	348	85788	86124	24126273	24125935	5.99e-52	215
query	7	89.080	174	45508	45681	24724869	24725041	5.99e-52	215
query	7	77.284	405	85312	85706	5102328	5102715	2.15e-51	213
query	7	82.061	262	86516	86771	16996097	16996353	2.15e-51	213
query	7	74.603	630	84776	85392	30883206	30882633	2.15e-51	213
query	7	92.568	148	45508	45655	17368885	17368739	7.74e-51	211
query	7	83.929	224	86056	86276	29394348	29394568	2.78e-50	209
query	7	74.441	626	85172	85766	1943954	1944542	1.00e-49	207
query	7	84.475	219	45498	45713	7587071	7587282	1.00e-49	207
query	7	79.487	312	19532	19839	29594892	29595191	1.00e-49	207
query	7	88.068	176	85808	85982	32129240	32129066	1.00e-49	207
query	7	84.234	222	86132	86349	32333393	32333178	1.00e-49	207
query	7	81.852	270	86132	86389	2370454	2370196	3.60e-49	206
query	7	83.857	223	85776	85990	1304905	1304684	1.30e-48	204
query	7	83.190	232	73845	74072	28365050	28364824	1.30e-48	204
query	7	80.132	302	86108	86406	30988690	30988409	1.30e-48	204
query	7	89.506	162	85808	85968	32675094	32674933	1.30e-48	204
query	7	83.117	231	73845	74072	4634877	4635101	4.66e-48	202
query	7	72.586	901	84785	85667	5686902	5687718	4.66e-48	202
query	7	80.212	283	85430	85709	25554740	25555013	4.66e-48	202
query	7	85.366	205	85784	85982	29394438	29394636	4.66e-48	202
query	7	88.623	167	85596	85761	32129419	32129253	4.66e-48	202
query	7	80.714	280	86516	86794	17679172	17679433	1.68e-47	200
query	7	76.456	412	85000	85392	27420816	27421221	1.68e-47	200
query	7	87.006	177	86100	86275	24050163	24049989	2.17e-46	196
query	7	82.553	235	73845	74074	24499841	24499616	7.80e-46	195
query	7	88.820	161	85811	85968	32129414	32129255	7.80e-46	195
query	7	95.833	120	53601	53719	9931580	9931698	2.80e-45	193
query	7	80.741	270	75400	75652	31871469	31871207	3.63e-44	189
query	7	78.287	327	85050	85364	25554740	25555053	1.30e-43	187
query	7	77.259	343	86013	86349	27805810	27806142	1.30e-43	187
query	7	87.273	165	85824	85986	29565929	29566093	1.30e-43	187
query	7	71.675	812	33392	34169	23025494	23026295	4.69e-43	185
query	7	81.008	258	75401	75643	23971939	23971691	1.69e-42	183
query	7	77.072	362	85993	86351	25552568	25552905	1.69e-42	183
query	7	74.627	469	77258	77709	27575367	27574907	1.69e-42	183
query	7	81.739	230	73848	74072	7082978	7082755	6.07e-42	182
query	7	88.387	155	52855	53003	12399891	12399737	6.07e-42	182
query	7	79.926	269	86125	86389	25070885	25071137	2.18e-41	180
query	7	85.083	181	19509	19686	26807855	26808033	2.18e-41	180
query	7	93.333	120	53601	53719	3528725	3528606	2.82e-40	176
query	7	92.000	125	85823	85946	5687741	5687865	1.02e-39	174
query	7	79.848	263	75401	75648	28242698	28242956	1.02e-39	174
query	7	87.838	148	86638	86784	431629	431483	3.65e-39	172
query	7	90.840	131	58578	58707	21482274	21482401	3.65e-39	172
query	7	75.871	373	85990	86351	27784633	27784996	3.65e-39	172
query	7	96.226	106	53603	53708	28436437	28436541	3.65e-39	172
query	7	79.545	264	75400	75648	33061645	33061904	1.31e-38	171
query	7	79.200	250	71294	71542	2018916	2018671	4.73e-38	169
query	7	80.932	236	75402	75625	25071188	25070961	4.73e-38	169
query	7	86.452	155	58826	58978	21482386	21482538	1.70e-37	167
query	7	74.620	461	77711	78158	27984725	27985159	1.70e-37	167
query	7	88.028	142	86293	86433	31273614	31273754	1.70e-37	167
query	7	80.426	235	73845	74073	29057996	29058221	6.11e-37	165
query	7	89.844	128	86296	86423	29566173	29566300	6.11e-37	165
query	7	81.034	232	86056	86275	2370454	2370234	2.20e-36	163
query	7	90.909	121	73952	74072	4143176	4143057	7.91e-36	161
query	7	78.927	261	75401	75648	4956644	4956388	7.91e-36	161
query	7	75.938	320	34516	34832	24944944	24944628	2.84e-35	159
query	7	84.756	164	75482	75643	29556318	29556158	2.84e-35	159
query	7	89.147	129	85643	85771	29566173	29566300	2.84e-35	159
query	7	75.635	394	85167	85540	2370608	2370237	1.02e-34	158
query	7	82.162	185	34050	34234	25003901	25004084	1.02e-34	158
query	7	80.751	213	77711	77919	26227390	26227186	3.68e-34	156
query	7	85.811	148	77085	77230	27291510	27291363	3.68e-34	156
query	7	76.347	334	86125	86445	29025331	29025011	3.68e-34	156
query	7	77.820	266	71285	71542	30863606	30863342	3.68e-34	156
query	7	80.269	223	75402	75609	2370141	2370362	1.32e-33	154
query	7	79.051	253	75401	75636	23634834	23635082	1.32e-33	154
query	7	83.851	161	52899	53059	25500998	25501158	1.32e-33	154
query	7	76.246	341	86132	86458	27655823	27655499	1.32e-33	154
query	7	90.000	120	53601	53719	31377386	31377503	4.76e-33	152
query	7	89.916	119	53602	53719	5035465	5035350	1.71e-32	150
query	7	85.915	142	85850	85990	31273614	31273754	1.71e-32	150
query	7	75.335	373	85171	85533	25070743	25071091	6.16e-32	148
query	7	85.714	140	85836	85975	1944404	1944542	2.21e-31	147
query	7	84.667	150	75499	75648	25070940	25070795	2.21e-31	147
query	7	88.618	123	75505	75625	25346683	25346562	2.21e-31	147
query	7	77.559	254	71291	71542	30572731	30572979	2.21e-31	147
query	7	91.589	107	85630	85736	32168147	32168043	2.21e-31	147
query	7	90.179	112	58333	58444	21524977	21525087	7.97e-31	145
query	7	83.636	165	85818	85980	27541679	27541833	7.97e-31	145
query	7	91.509	106	85840	85945	32168147	32168043	7.97e-31	145
query	7	79.221	231	73845	74072	29056617	29056830	2.86e-30	143
query	7	77.510	249	72142	72387	30572975	30572732	2.86e-30	143
query	7	78.632	234	73845	74073	9505321	9505098	1.03e-29	141
query	7	77.778	243	85149	85390	30346545	30346778	1.03e-29	141
query	7	74.811	397	85248	85622	2370608	2370234	3.71e-29	139
query	7	78.723	235	75429	75648	27541829	27541600	3.71e-29	139
query	7	84.247	146	75499	75643	2370406	2370547	1.33e-28	137
query	7	85.507	138	56431	56565	31780202	31780334	1.33e-28	137
query	7	90.476	105	86173	86276	32129419	32129315	1.33e-28	137
query	7	86.508	126	85584	85707	25554740	25554863	4.79e-28	135
query	7	74.742	388	85160	85533	29025475	29025115	4.79e-28	135
query	7	84.444	135	52918	53052	9757339	9757473	1.72e-27	134
query	7	85.185	135	62412	62545	15971161	15971291	1.72e-27	134
query	7	89.720	107	53597	53700	24277671	24277777	1.72e-27	134
query	7	81.765	170	19978	20136	559063	559231	6.20e-27	132
query	7	76.562	256	71296	71545	1312631	1312380	6.20e-27	132
query	7	92.391	92	84890	84981	18078083	18077992	6.20e-27	132
query	7	78.319	226	86051	86273	25070887	25071099	6.20e-27	132
query	7	81.143	175	76740	76906	27291456	27291284	6.20e-27	132
query	7	88.991	109	85801	85908	27784965	27785071	6.20e-27	132
query	7	82.390	159	85224	85377	20300117	20300269	8.02e-26	128
query	7	88.889	108	85801	85906	29565309	29565413	8.02e-26	128
query	7	86.066	122	58333	58453	30994244	30994363	8.02e-26	128
query	7	85.950	121	9234	9352	2014086	2014204	2.89e-25	126
query	7	82.759	145	86208	86351	32333393	32333252	2.89e-25	126
query	7	77.966	236	85167	85390	2370454	2370234	3.73e-24	122
query	7	76.119	268	86125	86385	26100943	26101197	3.73e-24	122
query	7	83.969	131	58700	58826	3553063	3553191	1.34e-23	121
query	7	81.290	155	86108	86261	610828	610976	4.83e-23	119
query	7	82.394	142	75507	75648	1240851	1240715	4.83e-23	119
query	7	84.211	133	86068	86198	5092684	5092807	4.83e-23	119
query	7	79.330	179	85141	85316	27421048	27421221	4.83e-23	119
query	7	92.683	82	71409	71490	1310746	1310826	1.74e-22	117
query	7	77.021	235	86051	86275	29025329	29025105	1.74e-22	117
query	7	85.217	115	84875	84989	610867	610977	6.25e-22	115
query	7	85.586	111	58717	58826	1934389	1934499	6.25e-22	115
query	7	77.434	226	85160	85380	25070885	25071091	2.25e-21	113
query	7	85.586	111	84869	84976	9594751	9594644	8.08e-21	111
query	7	81.818	143	76740	76877	27575605	27575467	8.08e-21	111
query	7	80.000	170	75410	75565	32810646	32810478	8.08e-21	111
query	7	95.588	68	86132	86198	2370300	2370234	1.05e-19	108
query	7	81.884	138	86108	86242	20300117	20300248	1.05e-19	108
query	7	81.884	138	86184	86318	20300117	20300248	1.05e-19	108
query	7	83.193	119	75507	75625	26100990	26100874	1.05e-19	108
query	7	73.563	348	86126	86459	25346635	25346967	3.76e-19	106
query	7	82.171	129	9229	9352	29727051	29727178	3.76e-19	106
query	7	89.286	84	85551	85633	2370460	2370378	1.35e-18	104
query	7	76.569	239	85167	85390	5092584	5092807	1.35e-18	104
query	7	80.882	136	85990	86124	27421088	27421221	1.35e-18	104
query	7	82.906	117	84877	84989	585347	585231	4.86e-18	102
query	7	94.030	67	86056	86122	2370300	2370234	4.86e-18	102
query	7	77.500	200	86524	86721	7693182	7693363	4.86e-18	102
query	7	81.955	133	86068	86198	27655724	27655601	4.86e-18	102
query	7	82.645	121	85993	86109	20300152	20300269	1.75e-17	100
query	7	75.820	244	86043	86275	26100935	26101164	1.75e-17	100
query	7	80.597	134	85990	86122	28966664	28966534	1.75e-17	100
query	7	80.132	151	75499	75648	29025276	29025413	1.75e-17	100
query	7	88.235	85	84887	84971	29336974	29336894	6.29e-17	99.0
query	7	81.538	130	58705	58825	30359990	30360119	6.29e-17	99.0
query	7	83.810	105	85804	85908	1305011	1304910	2.26e-16	97.1
query	7	80.292	137	85990	86124	1870749	1870618	2.26e-16	97.1
query	7	76.211	227	85317	85533	26100943	26101154	2.26e-16	97.1
query	7	76.410	195	61152	61341	27254875	27254686	2.26e-16	97.1
query	7	92.647	68	86132	86198	27541698	27541764	2.26e-16	97.1
query	7	74.351	308	85102	85390	5090439	5090723	2.93e-15	93.5
query	7	90.278	72	86128	86198	24393694	24393764	2.93e-15	93.5
query	7	80.451	133	86068	86198	5090601	5090723	1.05e-14	91.6
query	7	74.267	307	85102	85390	24393481	24393764	1.05e-14	91.6
query	7	75.962	208	85993	86196	25070905	25071099	1.05e-14	91.6
query	7	74.110	309	85101	85390	27655888	27655601	1.05e-14	91.6
query	7	80.000	135	85999	86122	23971712	23971845	3.79e-14	89.8
query	7	80.451	133	86068	86198	23971724	23971845	3.79e-14	89.8
query	7	88.000	75	58370	58444	30994189	30994115	3.79e-14	89.8
query	7	75.105	237	85318	85540	25346635	25346860	1.36e-13	87.9
query	7	88.158	76	77635	77710	27290827	27290755	1.36e-13	87.9
query	7	79.286	140	85987	86122	27541633	27541764	1.36e-13	87.9
query	7	89.706	68	86056	86122	5092741	5092807	4.90e-13	86.1
query	7	80.645	124	86068	86189	29556196	29556309	4.90e-13	86.1
query	7	79.699	133	86068	86198	32124808	32124685	4.90e-13	86.1
query	7	89.706	68	86132	86198	33061805	33061739	4.90e-13	86.1
query	7	79.545	132	85260	85390	23971724	23971845	1.76e-12	84.2
query	7	78.519	135	85990	86122	27806462	27806592	1.76e-12	84.2
query	7	83.673	98	86102	86198	32810473	32810562	1.76e-12	84.2
query	7	76.963	191	76741	76907	32997453	32997640	1.76e-12	84.2
query	7	87.671	73	77638	77709	22226639	22226708	6.33e-12	82.4
query	7	87.500	72	86052	86122	24393694	24393764	6.33e-12	82.4
query	7	87.500	72	86052	86122	27655671	27655601	6.33e-12	82.4
query	7	86.667	75	85316	85390	1240806	1240877	2.28e-11	80.5
query	7	77.941	136	85990	86124	5688845	5688976	2.28e-11	80.5
query	7	90.323	62	86051	86112	25071031	25071091	2.28e-11	80.5
query	7	74.370	238	86051	86275	25346636	25346863	2.28e-11	80.5
query	7	88.235	68	85324	85390	27541698	27541764	2.28e-11	80.5
query	7	84.524	84	85842	85923	27655823	27655741	2.28e-11	80.5
query	7	89.062	64	86061	86124	30882696	30882633	2.28e-11	80.5
query	7	80.000	110	85800	85908	21971510	21971403	8.19e-11	78.7
query	7	77.953	127	85997	86122	30346655	30346778	2.95e-10	76.8
query	7	73.355	304	85105	85390	32124967	32124685	2.95e-10	76.8
query	7	92.453	53	86056	86108	1240812	1240863	1.06e-09	75.0
query	7	97.674	43	69287	69329	20441320	20441362	1.06e-09	75.0
query	7	87.692	65	86125	86188	23635000	23634937	1.06e-09	75.0
query	7	87.500	64	85317	85380	23635000	23634937	1.06e-09	75.0
query	7	90.909	55	86267	86321	29566120	29566174	1.06e-09	75.0
query	7	86.765	68	86056	86122	32124751	32124685	1.06e-09	75.0
query	7	86.765	68	86056	86122	33061805	33061739	1.06e-09	75.0
query	7	86.765	68	85324	85390	33061805	33061739	1.06e-09	75.0
query	7	89.474	57	86056	86112	23634993	23634937	3.81e-09	73.1
query	7	81.720	93	85816	85908	24126835	24126749	3.81e-09	73.1
query	7	73.540	291	85109	85381	29556042	29556309	3.81e-09	73.1
query	7	74.107	224	76740	76950	30989257	30989472	3.81e-09	73.1
query	7	81.633	98	86026	86122	32810473	32810562	3.81e-09	73.1
query	7	85.714	70	85321	85390	32810494	32810562	3.81e-09	73.1
query	7	88.710	62	86124	86184	1240806	1240863	1.37e-08	71.3
query	7	85.507	69	86131	86198	28242858	28242790	1.37e-08	71.3
query	7	88.136	59	86056	86113	5090658	5090714	1.77e-07	67.6
query	7	88.136	59	86056	86113	29556253	29556309	1.77e-07	67.6
query	7	88.889	54	85319	85371	29566134	29566185	2.29e-06	63.9
query	7	86.207	58	77127	77184	30989247	30989304	2.29e-06	63.9
query	7	92.857	42	86055	86096	28242858	28242817	8.25e-06	62.1
query	7	92.857	42	85323	85364	28242858	28242817	8.25e-06	62.1
query	7	100.000	33	74038	74070	31930633	31930601	8.25e-06	62.1
query	12	76.312	1448	32801	34234	8810133	8811566	0.0	749
query	12	78.858	1173	31033	32182	23483068	23484184	0.0	719
query	12	74.953	1589	32662	34234	23573868	23575440	0.0	701
query	12	75.877	1426	32825	34234	18139959	18138549	0.0	699
query	12	74.953	1597	32658	34234	20625452	20623877	0.0	695
query	12	75.674	1447	32801	34234	4006309	4007732	0.0	689
query	12	75.507	1429	32824	34234	24533740	24535142	0.0	660
query	12	79.349	983	84652	85623	1999235	1998309	1.80e-176	628
query	12	79.509	937	84782	85709	21611022	21610144	3.04e-169	604
query	12	79.654	924	84649	85539	2304714	2305602	1.09e-168	603
query	12	79.523	923	84867	85773	1999109	1998237	5.09e-167	597
query	12	82.836	670	84870	85536	642853	642213	3.08e-159	571
query	12	81.159	759	84782	85536	1999028	1998317	1.86e-156	562
query	12	78.579	957	84782	85699	21610505	21609601	5.20e-152	547
query	12	76.669	1183	84644	85781	29984642	29985751	5.20e-152	547
query	12	74.751	1303	32943	34234	2755817	2757084	2.42e-150	542
query	12	81.371	671	84874	85540	7644633	7645276	4.07e-143	518
query	12	77.165	1016	84785	85781	1142886	1141939	6.82e-141	510
query	12	77.527	930	84872	85781	29622522	29623405	1.48e-137	499
query	12	77.982	872	85141	85990	642962	642125	1.91e-136	496
query	12	77.293	916	85105	85990	29984869	29985751	5.35e-132	481
query	12	92.615	325	59537	59861	3889175	3889496	5.38e-127	464
query	12	77.361	879	84864	85699	27941468	27942322	2.50e-125	459
query	12	75.473	1162	84874	85990	5438535	5437449	9.01e-125	457
query	12	83.333	510	57089	57576	811256	810748	1.51e-122	449
query	12	79.632	653	85808	86446	642744	642112	3.26e-119	438
query	12	90.741	324	59537	59860	2987954	2987635	1.96e-116	429
query	12	89.443	341	59537	59876	17951311	17950974	7.06e-116	427
query	12	75.973	1028	84776	85781	930312	931248	2.54e-115	425
query	12	84.862	436	85993	86425	1998660	1998237	2.54e-115	425
query	12	90.462	325	59537	59860	3685452	3685131	2.54e-115	425
query	12	76.747	873	84865	85712	21610587	21609768	1.53e-112	416
query	12	75.455	990	85034	85990	1142887	1141939	5.50e-112	414
query	12	78.065	734	84982	85699	1999082	1998387	5.50e-112	414
query	12	90.415	313	59537	59849	21402272	21401964	2.56e-110	409
query	12	81.250	528	85254	85777	2576149	2576659	9.20e-110	407
query	12	89.474	323	59537	59859	17812509	17812827	3.31e-109	405
query	12	75.899	946	84867	85781	3376327	3377214	4.28e-108	401
query	12	77.188	754	85184	85908	27941590	27942322	7.16e-106	394
query	12	91.579	285	59537	59821	15268725	15269006	9.27e-105	390
query	12	78.045	665	85799	86446	27812403	27811766	2.01e-101	379
query	12	77.826	690	85034	85709	6324156	6323506	7.21e-101	377
query	12	85.960	349	56751	57092	9054647	9054995	1.56e-97	366
query	12	75.787	826	85117	85908	27941596	27942397	5.62e-97	364
query	12	77.660	658	85049	85697	29984888	29985515	5.62e-97	364
query	12	86.176	340	59537	59875	4245885	4245553	7.27e-96	361
query	12	80.785	484	85305	85781	5437920	5437449	7.27e-96	361
query	12	87.077	325	59537	59861	27382185	27382501	7.27e-96	361
query	12	77.994	618	85088	85695	3320589	3321174	1.57e-92	350
query	12	76.487	706	85048	85737	6325213	6324546	4.40e-88	335
query	12	81.208	447	86011	86447	21609783	21609354	4.40e-88	335
query	12	74.622	926	84786	85699	5438890	5438040	7.37e-86	327
query	12	77.387	597	77721	78300	2058359	2057778	2.65e-85	326
query	12	92.760	221	52856	53076	15340054	15339834	1.23e-83	320
query	12	93.810	210	52876	53085	23571173	23570965	5.74e-82	315
query	12	87.455	279	73796	74072	6002384	6002654	2.06e-81	313
query	12	86.102	295	73781	74072	5997509	5997794	9.60e-80	307
query	12	89.431	246	59537	59782	13530010	13530251	9.60e-80	307
query	12	77.425	567	85801	86351	1999004	1998460	1.24e-78	303
query	12	87.452	263	86524	86784	6507911	6507651	1.61e-77	300
query	12	81.010	416	31324	31731	11384223	11384613	1.61e-77	300
query	12	82.808	349	56720	57058	21152220	21152564	1.61e-77	300
query	12	86.525	282	73795	74072	24476490	24476764	1.61e-77	300
query	12	73.425	1016	84785	85781	1952859	1953804	5.78e-77	298
query	12	74.539	868	84782	85623	27600809	27600005	2.08e-76	296
query	12	87.072	263	86524	86784	543075	542815	7.47e-76	294
query	12	86.121	281	73796	74072	24481152	24481426	7.47e-76	294
query	12	86.347	271	86516	86784	4245840	4245573	9.67e-75	291
query	12	84.589	292	59559	59849	10799188	10798901	4.50e-73	285
query	12	85.507	276	86516	86790	27270498	27270771	4.50e-73	285
query	12	75.436	688	85243	85906	29984857	29985515	4.50e-73	285
query	12	82.596	339	45507	45833	24768514	24768847	1.62e-72	283
query	12	86.719	256	71292	71546	3585375	3585124	2.09e-71	279
query	12	73.008	841	33392	34223	3604157	3603326	2.09e-71	279
query	12	80.720	389	86027	86413	27600308	27599944	2.09e-71	279
query	12	80.789	380	85993	86364	21610132	21609768	2.71e-70	276
query	12	86.275	255	86524	86776	14724063	14724315	9.74e-70	274
query	12	84.211	285	86524	86806	27457578	27457295	9.74e-70	274
query	12	82.335	334	45509	45833	27977258	27977583	9.74e-70	274
query	12	85.551	263	86524	86784	2505459	2505719	3.50e-69	272
query	12	84.727	275	59576	59849	24190725	24190997	3.50e-69	272
query	12	84.982	273	86524	86795	304552	304817	1.26e-68	270
query	12	82.462	325	86030	86351	1998699	1998387	1.26e-68	270
query	12	81.337	359	86477	86815	3317084	3316729	1.26e-68	270
query	12	76.040	601	85329	85908	29984866	29985442	1.26e-68	270
query	12	84.926	272	86516	86784	818874	819141	4.53e-68	268
query	12	73.189	787	33392	34169	3171440	3172217	4.53e-68	268
query	12	90.244	205	52870	53074	24396576	24396780	4.53e-68	268
query	12	73.430	892	84648	85517	3376203	3377043	1.63e-67	267
query	12	84.502	271	86516	86784	4974408	4974140	5.86e-67	265
query	12	86.000	250	86529	86776	10799152	10798904	5.86e-67	265
query	12	85.057	261	71288	71546	3962784	3962526	2.11e-66	263
query	12	82.428	313	56757	57060	24544277	24543968	2.11e-66	263
query	12	81.982	333	45508	45833	25671555	25671237	2.11e-66	263
query	12	83.746	283	86515	86795	2991395	2991118	7.58e-66	261
query	12	85.433	254	86524	86775	20209795	20210046	7.58e-66	261
query	12	79.361	407	85000	85392	27812252	27811859	7.58e-66	261
query	12	75.698	609	85336	85919	642999	642415	2.73e-65	259
query	12	81.361	338	45508	45832	2192109	2191777	2.73e-65	259
query	12	81.602	337	45504	45833	25667180	25666858	2.73e-65	259
query	12	81.734	323	19521	19839	26999654	26999340	2.73e-65	259
query	12	85.542	249	86524	86771	28681271	28681517	9.81e-65	257
query	12	84.411	263	86524	86784	1370338	1370078	3.53e-64	255
query	12	84.351	262	86524	86784	3760258	3760518	3.53e-64	255
query	12	87.069	232	73845	74072	5914124	5913897	3.53e-64	255
query	12	78.300	447	85337	85781	25460854	25460441	3.53e-64	255
query	12	79.675	369	85988	86349	27600888	27600524	3.53e-64	255
query	12	83.630	281	73796	74072	19578095	19577823	1.27e-63	254
query	12	76.000	575	85810	86361	29985055	29985604	1.27e-63	254
query	12	86.695	233	73845	74072	22400387	22400614	1.64e-62	250
query	12	86.580	231	73845	74072	24112072	24112299	1.64e-62	250
query	12	80.112	357	85997	86349	29985179	29985515	7.63e-61	244
query	12	82.394	284	85990	86273	2576309	2576583	3.55e-59	239
query	12	83.721	258	86524	86777	24763504	24763248	3.55e-59	239
query	12	85.652	230	73845	74071	22404921	22405147	1.28e-58	237
query	12	72.950	939	84782	85689	27600732	27599862	4.59e-58	235
query	12	81.724	290	85495	85781	1165428	1165710	1.65e-57	233
query	12	81.882	287	85990	86276	1998586	1998309	1.65e-57	233
query	12	79.261	352	85351	85699	19434839	19434498	1.65e-57	233
query	12	86.449	214	86138	86348	2576149	2576361	5.94e-57	231
query	12	86.574	216	85781	85990	4334059	4334271	2.14e-56	230
query	12	78.788	363	85989	86350	1998953	1998608	7.69e-56	228
query	12	85.463	227	86056	86276	930946	931167	2.77e-55	226
query	12	72.795	941	84783	85703	6325515	6324656	2.77e-55	226
query	12	82.375	261	86525	86784	29647886	29647627	2.77e-55	226
query	12	89.773	176	85808	85982	931065	931240	9.95e-55	224
query	12	83.529	255	75400	75642	25257890	25258140	9.95e-55	224
query	12	83.133	249	86525	86770	28249007	28249254	9.95e-55	224
query	12	90.173	173	85818	85990	29623234	29623405	9.95e-55	224
query	12	83.012	259	75400	75643	2384330	2384586	4.63e-53	219
query	12	89.205	176	45508	45682	27604750	27604923	1.66e-52	217
query	12	88.398	181	45504	45683	27981678	27981856	5.99e-52	215
query	12	81.609	261	86516	86774	7445536	7445278	2.15e-51	213
query	12	85.714	210	45507	45713	21958019	21958222	2.15e-51	213
query	12	77.838	370	85351	85714	25461473	25461115	2.15e-51	213
query	12	77.957	372	85990	86349	27600576	27600215	2.15e-51	213
query	12	85.294	204	86597	86798	6365571	6365773	1.00e-49	207
query	12	84.579	214	85776	85982	1165490	1165702	3.60e-49	206
query	12	80.420	286	85422	85699	27600877	27600598	3.60e-49	206
query	12	84.259	216	85781	85990	25460655	25460441	1.30e-48	204
query	12	73.342	769	84876	85625	6996323	6995625	4.66e-48	202
query	12	84.018	219	45504	45719	21963863	21964074	4.66e-48	202
query	12	84.925	199	52876	53074	23948662	23948464	4.66e-48	202
query	12	82.895	228	86529	86754	10989791	10989569	6.03e-47	198
query	12	82.609	230	73845	74070	2136436	2136662	2.17e-46	196
query	12	81.712	257	75402	75643	27801877	27801625	2.17e-46	196
query	12	85.946	185	85808	85990	1953621	1953804	7.80e-46	195
query	12	83.412	211	59572	59782	5918767	5918559	7.80e-46	195
query	12	72.039	726	33457	34169	11870475	11871187	2.80e-45	193
query	12	84.080	201	86523	86721	4348862	4348663	1.01e-44	191
query	12	82.949	217	86138	86351	2304841	2305053	3.63e-44	189
query	12	83.663	202	73872	74072	5475063	5474863	3.63e-44	189
query	12	77.778	342	85071	85401	21609767	21609439	3.63e-44	189
query	12	80.435	276	75400	75649	1979042	1978769	4.69e-43	185
query	12	93.600	125	85823	85946	6324670	6324546	4.69e-43	185
query	12	71.591	704	33473	34169	9759201	9758505	2.18e-41	180
query	12	84.574	188	45507	45692	9786764	9786946	2.18e-41	180
query	12	79.608	255	71290	71542	5344106	5343855	7.85e-41	178
query	12	74.793	484	84880	85344	25461479	25461021	7.85e-41	178
query	12	79.636	275	86007	86276	25460778	25460522	2.82e-40	176
query	12	80.591	237	75404	75626	2418788	2418552	1.31e-38	171
query	12	91.339	127	53595	53719	24875387	24875511	1.31e-38	171
query	12	80.702	228	73848	74072	20081761	20081541	4.73e-38	169
query	12	87.586	145	77085	77228	24268102	24267959	1.70e-37	167
query	12	82.143	196	86159	86351	1999090	1998898	2.20e-36	163
query	12	73.333	600	85336	85904	3320608	3321174	2.20e-36	163
query	12	85.806	155	85829	85982	3377052	3377206	2.20e-36	163
query	12	81.959	194	71289	71481	3583861	3584054	2.20e-36	163
query	12	81.553	206	45511	45713	20912304	20912105	7.91e-36	161
query	12	80.930	215	85990	86199	27812069	27811860	7.91e-36	161
query	12	88.889	126	75500	75625	2418413	2418288	3.68e-34	156
query	12	86.957	138	56431	56567	8282182	8282316	4.76e-33	152
query	12	91.071	112	58333	58444	4038021	4038131	1.71e-32	150
query	12	83.333	168	86628	86790	26066987	26066822	6.16e-32	148
query	12	83.333	168	86628	86790	26087372	26087207	6.16e-32	148
query	12	75.543	368	85993	86351	27600421	27600082	2.21e-31	147
query	12	88.430	121	85801	85919	2576256	2576376	7.97e-31	145
query	12	84.722	144	85781	85921	21609911	21609768	1.03e-29	141
query	12	78.667	225	73845	74065	30247398	30247614	3.71e-29	139
query	12	77.007	274	85469	85736	2418475	2418733	1.33e-28	137
query	12	84.286	140	86214	86351	2576149	2576287	1.72e-27	134
query	12	79.474	190	71293	71481	5343105	5343294	1.72e-27	134
query	12	82.781	151	86214	86361	2304841	2304989	2.23e-26	130
query	12	86.325	117	58335	58451	8282310	8282426	8.02e-26	128
query	12	95.062	81	52876	52956	23571260	23571180	8.02e-26	128
query	12	82.993	147	86220	86361	1999105	1998962	2.89e-25	126
query	12	75.479	261	71290	71542	2245445	2245703	4.83e-23	119
query	12	84.211	133	86068	86198	25258103	25257981	4.83e-23	119
query	12	75.519	241	33785	34025	7620230	7620469	1.74e-22	117
query	12	76.824	233	73845	74072	9598169	9597947	1.74e-22	117
query	12	84.127	126	84870	84989	14220141	14220265	6.25e-22	115
query	12	82.353	136	85990	86124	27811991	27811859	6.25e-22	115
query	12	86.325	117	53603	53719	28392280	28392177	6.25e-22	115
query	12	74.061	293	86516	86804	1098789	1099077	2.25e-21	113
query	12	80.838	167	73908	74072	1452477	1452624	8.08e-21	111
query	12	85.586	111	84868	84976	26442684	26442790	8.08e-21	111
query	12	82.540	126	85788	85908	2304929	2305053	3.76e-19	106
query	12	89.157	83	85840	85922	2617611	2617693	1.35e-18	104
query	12	89.157	83	86283	86365	2617611	2617693	1.35e-18	104
query	12	75.000	308	85102	85390	25258265	25257981	1.35e-18	104
query	12	81.955	133	86068	86198	2384548	2384425	4.86e-18	102
query	12	73.005	426	85776	86188	2418304	2418690	4.86e-18	102
query	12	76.316	228	85160	85380	2418477	2418690	4.86e-18	102
query	12	86.458	96	52985	53078	22944712	22944805	4.86e-18	102
query	12	86.598	97	84883	84976	25049387	25049293	4.86e-18	102
query	12	82.456	114	58335	58447	1435110	1434998	6.29e-17	99.0
query	12	88.095	84	85630	85713	2617611	2617693	6.29e-17	99.0
query	12	83.486	109	85594	85699	3319078	3319185	6.29e-17	99.0
query	12	87.500	88	56593	56678	4201188	4201102	6.29e-17	99.0
query	12	75.652	230	85167	85390	1978720	1978936	2.26e-16	97.1
query	12	81.203	133	86068	86198	1978813	1978936	2.26e-16	97.1
query	12	89.474	76	58368	58443	29228078	29228153	2.26e-16	97.1
query	12	78.621	145	85990	86133	21609580	21609439	2.93e-15	93.5
query	12	80.451	133	86068	86198	27801662	27801786	2.93e-15	93.5
query	12	79.562	137	85260	85393	2384548	2384421	1.36e-13	87.9
query	12	81.651	109	85804	85908	3319078	3319185	4.90e-13	86.1
query	12	80.508	118	86068	86184	2418310	2418418	6.33e-12	82.4
query	12	83.000	100	86030	86122	25258078	25257981	6.33e-12	82.4
query	12	87.500	72	86044	86112	1978855	1978926	2.28e-11	80.5
query	12	91.525	59	86055	86112	2418633	2418690	2.28e-11	80.5
query	12	88.235	68	85324	85390	27801720	27801786	2.28e-11	80.5
query	12	88.235	68	86056	86122	27801720	27801786	2.28e-11	80.5
query	12	86.111	72	86056	86125	2384491	2384421	1.06e-09	75.0
query	12	97.674	43	69287	69329	27744903	27744945	1.06e-09	75.0
query	12	93.478	46	86051	86096	2418361	2418406	4.93e-08	69.4
query	12	89.091	55	75500	75554	27600232	27600286	4.93e-08	69.4
query	12	93.182	44	75499	75542	27811879	27811922	6.38e-07	65.8
query	12	87.719	57	75499	75554	27942304	27942249	6.38e-07	65.8
query	12	79.775	89	85592	85680	4333717	4333804	2.29e-06	63.9
query	8	75.960	1510	32741	34234	21050805	21052298	0.0	749
query	8	75.251	1592	32662	34234	11012270	11013842	0.0	723
query	8	75.922	1437	32801	34220	6162820	6164238	0.0	704
query	8	74.906	1590	32662	34234	24204532	24206101	0.0	691
query	8	84.605	708	57090	57775	4280957	4280256	0.0	678
query	8	76.731	1401	84653	85990	23709408	23708064	0.0	671
query	8	78.509	1140	84684	85781	28399866	28398772	0.0	667
query	8	78.165	1177	84649	85781	27869174	27870301	0.0	664
query	8	77.835	1173	84652	85781	2492528	2491412	3.88e-178	634
query	8	79.657	934	84784	85709	23709090	23708211	1.40e-172	616
query	8	76.580	1345	84646	85919	30979565	30980842	1.82e-171	612
query	8	78.516	1024	84775	85781	23709024	23708064	1.41e-167	599
query	8	76.983	1160	84653	85781	26800918	26802030	2.37e-165	592
query	8	73.714	1419	32824	34221	7849646	7851041	5.27e-142	514
query	8	75.979	1149	85103	86199	26801153	26802255	1.14e-138	503
query	8	77.568	954	84864	85793	29705304	29706202	1.14e-138	503
query	8	79.843	764	84776	85508	30734573	30735299	1.91e-136	496
query	8	77.402	916	85105	85990	24235814	24234928	8.88e-135	490
query	8	77.183	916	85105	85990	27869415	27870301	1.92e-131	479
query	8	77.229	931	85562	86446	28399664	28398759	1.92e-131	479
query	8	81.135	652	84875	85517	27776366	27775756	6.91e-131	477
query	8	78.796	764	85032	85781	23040959	23041695	2.49e-130	475
query	8	76.778	956	84864	85781	15587703	15588628	8.94e-130	473
query	8	76.834	954	85405	86317	23709175	23708254	1.16e-128	470
query	8	91.150	339	59537	59875	1463124	1463458	9.01e-125	457
query	8	84.934	458	85993	86446	2491848	2491399	1.17e-123	453
query	8	79.970	659	85808	86447	23708690	23708050	4.19e-123	451
query	8	90.323	341	59537	59876	17282167	17282504	7.01e-121	444
query	8	76.667	930	84875	85781	23617864	23618737	2.52e-120	442
query	8	76.344	930	85562	86446	24235817	24234915	1.52e-117	433
query	8	90.549	328	59537	59864	28907923	28907597	1.52e-117	433
query	8	89.736	341	59537	59875	3541609	3541272	5.46e-117	431
query	8	90.966	321	59539	59859	30926763	30927079	1.96e-116	429
query	8	90.462	325	59537	59861	18307595	18307915	2.54e-115	425
query	8	76.129	930	84782	85699	23709168	23708297	9.14e-115	424
query	8	79.003	662	85049	85699	28399642	28399005	1.18e-113	420
query	8	90.764	314	59537	59850	19672586	19672277	1.53e-112	416
query	8	77.719	754	85034	85779	29975600	29974899	9.20e-110	407
query	8	76.133	905	84891	85781	27213962	27214803	1.19e-108	403
query	8	79.965	579	85137	85707	28399623	28399070	1.99e-106	396
query	8	78.487	674	85799	86446	29705559	29706207	7.16e-106	394
query	8	78.727	644	85034	85665	2492216	2491602	2.58e-105	392
query	8	89.286	308	59537	59844	29343660	29343357	1.55e-102	383
query	8	76.386	830	85181	85986	29975680	29974901	2.01e-101	379
query	8	75.321	936	85105	85990	30734499	30735406	7.21e-101	377
query	8	76.332	807	85137	85916	23709134	23708362	2.59e-100	375
query	8	77.761	661	85049	85699	2492280	2491645	9.33e-100	374
query	8	89.333	300	59558	59857	3003492	3003196	9.33e-100	374
query	8	74.749	998	85034	85990	23617787	23618737	1.56e-97	366
query	8	82.550	447	85993	86431	29975324	29974899	1.56e-97	366
query	8	78.069	611	85105	85704	2492299	2491714	1.22e-93	353
query	8	94.667	225	52853	53077	14959080	14958856	1.57e-92	350
query	8	75.995	779	84950	85709	29705313	29706045	2.63e-90	342
query	8	93.805	226	52853	53078	8243121	8243346	9.47e-90	340
query	8	78.632	585	85761	86317	28399523	28398962	9.47e-90	340
query	8	76.330	752	85002	85709	30734543	30735268	3.40e-89	339
query	8	74.649	998	84776	85756	30908103	30909001	4.40e-88	335
query	8	83.844	359	85997	86351	23708641	23708297	2.65e-85	326
query	8	74.858	879	84855	85712	25382137	25381317	2.65e-85	326
query	8	74.372	956	85034	85965	30908112	30909001	2.65e-85	326
query	8	76.204	706	85049	85737	15586856	15587522	3.43e-84	322
query	8	77.325	613	85329	85916	28399664	28399070	3.43e-84	322
query	8	83.287	359	85997	86351	28399349	28399005	5.74e-82	315
query	8	91.266	229	52847	53075	25107831	25108059	2.06e-81	313
query	8	85.350	314	19518	19826	27475976	27476280	2.06e-81	313
query	8	84.830	323	19521	19839	29969754	29969441	2.06e-81	313
query	8	85.079	315	86472	86775	21289984	21290297	7.42e-81	311
query	8	90.295	237	52853	53089	17238872	17239106	2.67e-80	309
query	8	85.959	292	86030	86317	2491887	2491602	1.24e-78	303
query	8	85.000	300	86515	86813	20406396	20406097	1.24e-78	303
query	8	77.321	560	85155	85711	26801278	26801811	1.24e-78	303
query	8	86.716	271	86524	86793	21334849	21334582	5.78e-77	298
query	8	76.705	601	85329	85908	24235817	24235236	5.78e-77	298
query	8	90.625	224	52855	53077	5937837	5938060	2.08e-76	296
query	8	85.764	288	86524	86806	28190453	28190736	2.08e-76	296
query	8	79.372	446	85298	85737	2493026	2492596	7.47e-76	294
query	8	82.173	359	85997	86351	2491989	2491645	2.69e-75	292
query	8	85.517	290	73798	74083	15081324	15081045	9.67e-75	291
query	8	86.022	279	73796	74072	15085994	15085723	9.67e-75	291
query	8	84.026	313	86472	86773	2994888	2994579	3.48e-74	289
query	8	84.848	297	86524	86814	15938378	15938087	3.48e-74	289
query	8	81.742	356	85993	86345	23709167	23708818	3.48e-74	289
query	8	76.373	601	85329	85908	2492302	2491720	1.25e-73	287
query	8	85.305	279	86524	86801	8580701	8580423	1.25e-73	287
query	8	74.323	849	84800	85625	9418550	9419341	1.25e-73	287
query	8	85.714	280	73795	74072	12710772	12711044	1.25e-73	287
query	8	73.537	786	33392	34169	26553347	26554124	4.50e-73	285
query	8	82.687	335	86472	86795	22651496	22651825	1.62e-72	283
query	8	82.267	344	45504	45837	26795070	26795406	5.82e-72	281
query	8	77.419	527	85810	86317	26801331	26801840	5.82e-72	281
query	8	84.946	279	73796	74072	1432339	1432611	2.71e-70	276
query	8	82.111	341	45506	45837	9962850	9962518	2.71e-70	276
query	8	72.259	1204	84776	85946	15586392	15587522	2.71e-70	276
query	8	84.806	283	86524	86804	19211646	19211920	2.71e-70	276
query	8	85.660	265	86522	86784	20662836	20662574	2.71e-70	276
query	8	86.275	255	86524	86777	28893585	28893331	2.71e-70	276
query	8	81.791	335	19509	19839	9537300	9536970	9.74e-70	274
query	8	85.551	263	86524	86784	10513983	10514243	3.50e-69	272
query	8	84.982	273	86524	86794	30771550	30771281	3.50e-69	272
query	8	83.562	292	86514	86802	856955	857245	1.26e-68	270
query	8	84.247	292	86030	86316	27776120	27775840	1.26e-68	270
query	8	82.353	323	19521	19839	18878727	18878414	4.53e-68	268
query	8	85.827	254	86524	86776	20074622	20074370	4.53e-68	268
query	8	80.441	363	85993	86351	28399656	28399300	4.53e-68	268
query	8	85.328	259	86524	86781	9464761	9465019	1.63e-67	267
query	8	89.202	213	52856	53068	10217908	10218120	1.63e-67	267
query	8	84.397	282	73796	74073	12374993	12374719	1.63e-67	267
query	8	81.143	350	86477	86812	17788949	17788601	1.63e-67	267
query	8	85.171	263	86524	86784	20754730	20754990	1.63e-67	267
query	8	84.502	271	59576	59845	19219757	19220025	5.86e-67	265
query	8	91.192	193	19078	19270	14618421	14618229	2.11e-66	263
query	8	85.547	256	86524	86777	19500291	19500039	2.11e-66	263
query	8	80.278	360	85993	86350	24235809	24235457	2.11e-66	263
query	8	81.957	327	86463	86776	29365564	29365888	2.11e-66	263
query	8	82.581	310	86477	86775	666384	666077	7.58e-66	261
query	8	83.681	288	19526	19809	5321131	5320852	7.58e-66	261
query	8	84.099	283	73796	74072	12380025	12379751	7.58e-66	261
query	8	73.660	858	84785	85625	21773781	21772985	7.58e-66	261
query	8	76.723	537	85166	85699	27776456	27775959	7.58e-66	261
query	8	83.566	286	73791	74073	1437040	1437319	2.73e-65	259
query	8	73.275	913	84775	85665	26801294	26802146	2.73e-65	259
query	8	73.726	883	85141	85990	27213981	27214803	2.73e-65	259
query	8	75.753	631	84776	85390	28399436	28398854	2.73e-65	259
query	8	90.000	200	52876	53075	28466116	28466315	2.73e-65	259
query	8	81.571	331	86024	86351	27776195	27775882	3.53e-64	255
query	8	81.194	335	45508	45833	28895328	28895001	3.53e-64	255
query	8	83.571	280	73796	74072	5564578	5564307	4.56e-63	252
query	8	84.674	261	86554	86812	10499711	10499964	4.56e-63	252
query	8	80.056	356	85997	86351	26801456	26801798	4.56e-63	252
query	8	86.580	231	73845	74072	6485911	6486138	1.64e-62	250
query	8	85.081	248	71295	71542	22632190	22632434	1.64e-62	250
query	8	75.591	635	84776	85392	24235591	24235008	1.64e-62	250
query	8	74.316	767	84803	85530	25616188	25616911	1.64e-62	250
query	8	76.971	482	85233	85709	472104	472561	5.90e-62	248
query	8	93.413	167	85824	85990	2491578	2491412	5.90e-62	248
query	8	84.739	249	86524	86771	16131645	16131892	5.90e-62	248
query	8	84.739	249	86524	86771	19500594	19500347	5.90e-62	248
query	8	72.922	746	33485	34223	10556649	10555911	2.12e-61	246
query	8	84.314	255	86524	86776	22173684	22173936	2.12e-61	246
query	8	74.231	780	84928	85684	27213421	27214135	2.12e-61	246
query	8	86.207	232	73845	74072	28039478	28039705	7.63e-61	244
query	8	78.571	406	85000	85390	2491887	2491494	2.75e-60	243
query	8	82.060	301	76740	77031	3480465	3480172	2.75e-60	243
query	8	91.860	172	52855	53026	570131	569960	9.88e-60	241
query	8	85.837	233	73845	74074	23053030	23053258	9.88e-60	241
query	8	75.316	632	84776	85390	23708727	23708146	9.88e-60	241
query	8	72.693	791	33392	34169	25272053	25272830	9.88e-60	241
query	8	82.624	282	73796	74072	6468512	6468787	3.55e-59	239
query	8	83.721	258	71289	71546	23506955	23507207	3.55e-59	239
query	8	86.283	226	85781	86002	29705980	29706202	3.55e-59	239
query	8	84.231	260	85989	86240	30980356	30980607	3.55e-59	239
query	8	82.772	267	86516	86781	19219765	19220031	1.28e-58	237
query	8	75.121	619	84874	85471	30908038	30908620	1.28e-58	237
query	8	84.146	246	86533	86774	20043675	20043432	1.65e-57	233
query	8	86.175	217	52859	53075	20435253	20435039	1.65e-57	233
query	8	81.271	299	86055	86350	27869482	27869774	1.65e-57	233
query	8	80.757	317	86034	86349	30980110	30980411	1.65e-57	233
query	8	86.916	214	45508	45717	25102316	25102524	5.94e-57	231
query	8	83.600	250	86524	86771	26692731	26692976	2.14e-56	230
query	8	78.079	406	85000	85392	29975363	29974977	7.69e-56	228
query	8	90.230	174	45508	45681	23444496	23444324	2.77e-55	226
query	8	75.042	597	85336	85908	26801159	26801724	2.77e-55	226
query	8	82.143	280	73796	74072	28090753	28091020	2.77e-55	226
query	8	89.071	183	45504	45685	8868491	8868311	9.95e-55	224
query	8	85.068	221	52855	53074	18519931	18520151	9.95e-55	224
query	8	89.831	177	45507	45682	26793359	26793533	9.95e-55	224
query	8	74.352	694	84996	85664	27213977	27214617	9.95e-55	224
query	8	82.079	279	73796	74072	28091819	28092084	9.95e-55	224
query	8	89.385	179	45508	45685	8872976	8872800	3.58e-54	222
query	8	89.326	178	45504	45681	23443771	23443595	3.58e-54	222
query	8	87.692	195	86592	86784	27156467	27156658	3.58e-54	222
query	8	72.624	705	33473	34169	20844605	20845301	4.63e-53	219
query	8	83.691	233	21612	21840	4643047	4643277	5.99e-52	215
query	8	74.805	512	33392	33894	24160753	24160251	5.99e-52	215
query	8	84.685	222	52868	53085	30093782	30093999	5.99e-52	215
query	8	85.446	213	45504	45713	25106750	25106956	2.15e-51	213
query	8	83.544	237	86132	86364	26802037	26802267	2.15e-51	213
query	8	82.283	254	86525	86776	5308460	5308216	2.78e-50	209
query	8	87.709	179	45508	45685	20095751	20095575	3.60e-49	206
query	8	83.190	232	73845	74073	11187239	11187015	1.30e-48	204
query	8	78.679	333	86024	86351	26801191	26801505	1.68e-47	200
query	8	83.111	225	73845	74066	4017660	4017877	2.17e-46	196
query	8	82.833	233	73845	74072	23685129	23685353	2.17e-46	196
query	8	77.419	372	85997	86351	30979981	30980339	7.80e-46	195
query	8	82.096	229	86524	86750	29182509	29182282	2.80e-45	193
query	8	73.810	588	84797	85371	30908048	30908602	1.01e-44	191
query	8	82.051	234	73845	74074	4380702	4380477	3.63e-44	189
query	8	84.021	194	52874	53067	7374263	7374071	4.69e-43	185
query	8	80.769	260	75400	75643	25509617	25509872	4.69e-43	185
query	8	94.872	117	53602	53717	1558472	1558587	6.07e-42	182
query	8	92.800	125	85823	85946	2492720	2492596	2.18e-41	180
query	8	87.742	155	86554	86708	19919361	19919514	2.18e-41	180
query	8	81.116	233	85435	85664	30980724	30980949	7.85e-41	178
query	8	80.233	258	75400	75643	28763413	28763665	2.82e-40	176
query	8	80.952	231	73845	74072	11188621	11188397	1.02e-39	174
query	8	73.476	656	84803	85418	25613410	25614026	1.02e-39	174
query	8	73.476	656	84803	85418	25614799	25615415	1.02e-39	174
query	8	81.304	230	85167	85392	26802037	26802256	1.02e-39	174
query	8	80.078	256	75403	75643	26583882	26583634	1.31e-38	171
query	8	80.080	251	75400	75636	27745851	27746098	1.31e-38	171
query	8	76.389	360	86068	86418	3480200	3480541	4.73e-38	169
query	8	82.266	203	85781	85977	23041483	23041684	4.73e-38	169
query	8	93.860	114	58594	58707	14421112	14421219	1.70e-37	167
query	8	80.426	235	73845	74072	30039573	30039346	1.70e-37	167
query	8	78.629	248	71296	71542	26255839	26255596	2.84e-35	159
query	8	88.550	131	56438	56567	4643277	4643148	1.02e-34	158
query	8	78.244	262	75401	75648	30560214	30560471	4.76e-33	152
query	8	87.218	133	75499	75631	3480303	3480172	1.71e-32	150
query	8	88.281	128	60033	60159	4482797	4482922	1.71e-32	150
query	8	89.831	118	58333	58450	4643156	4643040	1.71e-32	150
query	8	77.778	252	71292	71542	19015635	19015881	1.71e-32	150
query	8	84.768	151	75499	75648	30576530	30576677	6.16e-32	148
query	8	78.970	233	73845	74072	26567258	26567480	7.97e-31	145
query	8	79.263	217	19626	19839	27212588	27212800	7.97e-31	145
query	8	78.000	250	21606	21851	1365570	1365332	2.86e-30	143
query	8	80.208	192	71292	71481	23508462	23508273	1.03e-29	141
query	8	77.647	255	85446	85697	471550	471787	1.33e-28	137
query	8	86.260	131	53601	53726	22888066	22887939	4.79e-28	135
query	8	76.654	257	71292	71542	26254676	26254929	1.72e-27	134
query	8	87.931	116	85804	85918	30735003	30735116	1.72e-27	134
query	8	85.827	127	85788	85908	23708421	23708297	8.02e-26	128
query	8	85.827	127	85788	85908	28399129	28399005	8.02e-26	128
query	8	96.203	79	53634	53710	29856713	29856790	2.89e-25	126
query	8	85.039	127	85788	85908	2491769	2491645	3.73e-24	122
query	8	89.474	95	58335	58429	26497392	26497299	4.83e-23	119
query	8	86.667	105	86285	86389	26031849	26031951	6.25e-22	115
query	8	84.127	126	85788	85908	26801675	26801798	6.25e-22	115
query	8	82.394	142	85784	85918	30980287	30980424	2.25e-21	113
query	8	73.995	373	85182	85533	3480116	3480465	8.08e-21	111
query	8	76.569	239	85160	85390	26583566	26583790	8.08e-21	111
query	8	85.714	105	9231	9334	30303609	30303712	2.91e-20	110
query	8	85.321	109	85592	85699	30980727	30980832	2.91e-20	110
query	8	81.679	131	85995	86124	29975104	29974977	3.76e-19	106
query	8	76.650	197	52860	53056	22375721	22375531	1.35e-18	104
query	8	82.400	125	85788	85906	471666	471787	1.75e-17	100
query	8	88.889	81	56622	56701	21725417	21725337	6.29e-17	99.0
query	8	85.714	98	86147	86242	30110046	30109952	6.29e-17	99.0
query	8	75.431	232	85167	85390	25509933	25509712	2.26e-16	97.1
query	8	74.359	312	86068	86363	30268912	30269200	2.26e-16	97.1
query	8	75.758	231	86055	86273	3480254	3480473	8.14e-16	95.3
query	8	81.203	133	86068	86198	28763627	28763507	8.14e-16	95.3
query	8	75.641	234	85167	85390	28763725	28763507	2.93e-15	93.5
query	8	89.474	76	86124	86199	30560377	30560305	2.93e-15	93.5
query	8	80.451	133	86068	86198	26583667	26583790	1.05e-14	91.6
query	8	79.104	134	85990	86122	2491624	2491494	3.79e-14	89.8
query	8	92.188	64	74003	74066	4015830	4015891	3.79e-14	89.8
query	8	79.104	134	85990	86122	23708276	23708146	3.79e-14	89.8
query	8	79.104	134	85990	86122	28398984	28398854	3.79e-14	89.8
query	8	78.676	136	85990	86124	24235140	24235008	1.36e-13	87.9
query	8	78.289	152	85973	86122	26583649	26583790	1.36e-13	87.9
query	8	84.706	85	58366	58450	3906410	3906326	4.90e-13	86.1
query	8	82.653	98	63642	63738	15862600	15862697	4.90e-13	86.1
query	8	89.706	68	86208	86275	26031849	26031914	4.90e-13	86.1
query	8	79.545	132	86068	86198	30576635	30576512	4.90e-13	86.1
query	8	90.769	65	85316	85380	30560377	30560316	1.76e-12	84.2
query	8	86.842	76	86125	86198	25509786	25509712	6.33e-12	82.4
query	8	78.102	137	85990	86124	26802124	26802256	6.33e-12	82.4
query	8	90.476	63	86056	86118	30560371	30560310	6.33e-12	82.4
query	8	86.842	76	85317	85390	30576585	30576512	6.33e-12	82.4
query	8	87.838	74	85804	85873	27775910	27775840	2.28e-11	80.5
query	8	90.164	61	72905	72965	28625316	28625257	8.19e-11	78.7
query	8	86.111	72	86051	86122	28763578	28763507	8.19e-11	78.7
query	8	84.146	82	85840	85920	30268965	30269046	8.19e-11	78.7
query	8	89.831	59	85333	85391	24956211	24956268	1.06e-09	75.0
query	8	89.655	58	86142	86199	24956211	24956268	1.06e-09	75.0
query	8	86.301	73	86044	86112	25509793	25509722	1.06e-09	75.0
query	8	88.710	62	86052	86112	30576581	30576522	3.81e-09	73.1
query	8	76.471	136	61208	61341	26969574	26969441	1.37e-08	71.3
query	8	89.286	56	75499	75554	28399098	28399153	1.37e-08	71.3
query	8	89.286	56	75499	75554	27869976	27869922	4.93e-08	69.4
query	8	89.286	56	75499	75554	30735087	30735034	4.93e-08	69.4
query	8	87.500	56	75499	75554	2491738	2491793	6.38e-07	65.8
query	8	87.719	57	75499	75554	23708390	23708446	6.38e-07	65.8
query	8	91.667	48	86065	86112	24956211	24956257	6.38e-07	65.8
query	1	75.533	1594	32662	34234	6643536	6641964	0.0	745
query	1	75.377	1592	32662	34234	16712976	16711404	0.0	734
query	1	78.097	1324	84652	85908	2772163	2770893	0.0	728
query	1	75.251	1596	32658	34230	25381427	25382997	0.0	715
query	1	78.925	1172	84652	85781	6082248	6081124	0.0	713
query	1	78.876	1174	84652	85781	2156734	2155611	0.0	708
query	1	78.390	1180	84649	85781	41751634	41752763	0.0	676
query	1	78.328	1172	84653	85781	31381964	31383082	0.0	669
query	1	77.979	1158	84660	85780	1193305	1194414	0.0	647
query	1	77.844	1169	84649	85776	4442833	4443954	0.0	643
query	1	74.724	1448	32804	34235	24078927	24077493	1.09e-173	619
query	1	77.655	1177	84649	85781	4348813	4349923	1.40e-172	616
query	1	81.865	772	84776	85540	41751947	41752679	2.35e-170	608
query	1	77.537	1153	84649	85749	661194	662298	1.09e-168	603
query	1	77.265	1170	84649	85781	36857312	36858426	1.09e-168	603
query	1	77.211	1176	84649	85781	1707891	1709014	1.41e-167	599
query	1	77.211	1176	84652	85781	33234214	33233092	1.83e-166	595
query	1	81.404	769	84776	85535	43181670	43182394	1.84e-161	579
query	1	80.909	770	84776	85540	31382270	31382997	5.16e-157	564
query	1	81.557	732	84782	85509	2771847	2771159	6.67e-156	560
query	1	78.084	981	84654	85620	37755126	37754204	3.11e-154	555
query	1	78.337	914	85105	85990	6082011	6081124	2.42e-150	542
query	1	82.169	673	84875	85540	38729637	38730274	8.69e-150	540
query	1	76.133	1169	84655	85781	47229967	47228856	3.15e-144	521
query	1	77.849	939	84864	85781	37336499	37337390	1.13e-143	520
query	1	76.236	1153	84649	85781	864960	863892	1.47e-142	516
query	1	77.730	934	84867	85781	25670046	25669159	1.90e-141	512
query	1	78.132	878	85137	85990	41751911	41752763	1.90e-141	512
query	1	80.193	727	85298	85990	1320898	1321608	1.48e-137	499
query	1	77.216	970	84864	85781	13013663	13014604	6.87e-136	494
query	1	82.927	574	85214	85781	1761837	1761286	2.47e-135	492
query	1	77.704	906	84895	85781	37709955	37709110	5.35e-132	481
query	1	77.303	912	85105	85990	37709982	37709110	6.91e-131	477
query	1	77.058	911	85105	85990	4349048	4349923	1.16e-128	470
query	1	92.901	324	59537	59860	23107741	23107422	4.16e-128	468
query	1	80.335	656	85808	86446	6081749	6081111	1.50e-127	466
query	1	75.433	1156	84649	85781	30831580	30832650	1.94e-126	462
query	1	76.283	1033	84649	85664	43181340	43182293	1.94e-126	462
query	1	92.073	328	59537	59864	5668006	5667682	2.50e-125	459
query	1	77.352	861	84776	85622	41751871	41752682	4.19e-123	451
query	1	91.385	325	59537	59861	6889504	6889827	7.01e-121	444
query	1	79.695	655	85099	85737	44358140	44358777	2.52e-120	442
query	1	79.483	658	85049	85699	2156478	2155844	9.07e-120	440
query	1	77.062	885	84868	85709	2156608	2155758	3.26e-119	438
query	1	90.663	332	59539	59869	30265002	30264674	3.26e-119	438
query	1	91.104	326	59536	59860	33584528	33584850	3.26e-119	438
query	1	91.077	325	59537	59861	6261083	6261403	1.17e-118	436
query	1	91.331	323	59537	59859	35393721	35393404	1.17e-118	436
query	1	91.049	324	59537	59860	2188919	2188600	4.22e-118	435
query	1	89.971	339	59537	59875	47225419	47225084	4.22e-118	435
query	1	84.052	464	85993	86451	4869356	4868904	1.52e-117	433
query	1	72.838	1480	83002	84455	15834046	15835472	1.52e-117	433
query	1	76.445	917	84885	85781	38235539	38236406	1.52e-117	433
query	1	84.120	466	85993	86451	41752327	41752780	1.52e-117	433
query	1	75.842	1039	84653	85676	37710235	37709288	5.46e-117	431
query	1	90.769	325	59537	59861	45346249	45346569	5.46e-117	431
query	1	90.462	325	59537	59861	4922828	4923148	2.54e-115	425
query	1	75.728	1030	84785	85781	2771619	2770659	9.14e-115	424
query	1	90.432	324	59537	59860	8362941	8362622	9.14e-115	424
query	1	90.432	324	59537	59860	23724640	23724321	9.14e-115	424
query	1	89.381	339	59537	59875	25796168	25795833	9.14e-115	424
query	1	76.052	927	85562	86447	31382193	31383096	9.14e-115	424
query	1	75.705	1029	84776	85781	25511367	25510418	3.29e-114	422
query	1	74.721	1163	84870	85990	26081984	26083082	3.29e-114	422
query	1	75.944	1006	84799	85781	152204	151281	1.18e-113	420
query	1	76.969	838	84864	85664	31382081	31382891	1.18e-113	420
query	1	83.550	462	85993	86449	1193981	1194431	4.25e-113	418
query	1	90.123	324	59537	59860	4234938	4234618	4.25e-113	418
query	1	84.017	463	85993	86445	37709538	37709098	1.53e-112	416
query	1	89.846	325	59537	59861	33555246	33555567	5.50e-112	414
query	1	77.548	775	85034	85781	1320866	1321608	1.98e-111	412
query	1	88.824	340	59537	59875	35406967	35407301	1.98e-111	412
query	1	80.382	576	85137	85707	2156459	2155909	7.11e-111	411
query	1	91.582	297	59537	59833	5229395	5229102	9.20e-110	407
query	1	79.003	662	85805	86447	4349308	4349937	3.31e-109	405
query	1	89.720	321	59537	59857	25715821	25716136	3.31e-109	405
query	1	83.710	442	85997	86433	33233525	33233092	3.31e-109	405
query	1	75.459	1035	84653	85664	32321898	32322845	1.19e-108	403
query	1	83.080	461	85993	86447	45142487	45142039	1.19e-108	403
query	1	80.505	554	85230	85778	34357551	34357023	5.54e-107	398
query	1	77.933	716	85083	85780	44488471	44489150	5.54e-107	398
query	1	89.968	309	59537	59845	29935035	29935339	1.99e-106	396
query	1	88.854	323	59537	59859	2056342	2056024	7.16e-106	394
query	1	74.594	1169	84636	85781	1152332	1151273	2.58e-105	392
query	1	90.816	294	59568	59861	43319359	43319067	2.58e-105	392
query	1	75.073	1027	84776	85781	7567208	7568159	9.27e-105	390
query	1	76.344	837	84867	85665	4869919	4869112	1.20e-103	387
query	1	75.000	1028	84776	85781	29931704	29932654	1.55e-102	383
query	1	76.125	867	84889	85709	661349	662182	5.58e-102	381
query	1	84.518	394	86057	86446	2771033	2770646	5.58e-102	381
query	1	79.682	566	85137	85700	26251900	26252437	5.58e-102	381
query	1	75.651	883	85562	86401	661438	662298	2.01e-101	379
query	1	87.097	341	59537	59875	5159991	5160325	2.01e-101	379
query	1	82.135	459	85993	86447	13014171	13014618	2.01e-101	379
query	1	77.994	668	85799	86445	25669791	25669147	2.01e-101	379
query	1	76.566	798	84864	85623	34965732	34966503	2.01e-101	379
query	1	75.926	864	85141	85982	864712	863900	2.59e-100	375
query	1	81.957	460	85993	86443	32322596	32323046	9.33e-100	374
query	1	75.187	935	85557	86445	43181589	43182493	3.36e-99	372
query	1	77.612	670	85042	85699	4443085	4443726	1.21e-98	370
query	1	90.175	285	59577	59861	38689995	38689712	1.21e-98	370
query	1	77.415	704	84982	85665	26251889	26252554	1.56e-97	366
query	1	75.694	864	85149	85990	30831837	30832650	1.56e-97	366
query	1	75.508	886	84864	85709	1193419	1194269	5.62e-97	364
query	1	91.667	264	59539	59801	22758364	22758102	5.62e-97	364
query	1	77.273	682	85044	85699	43250753	43251421	5.62e-97	364
query	1	77.596	674	85137	85781	6087578	6088230	2.02e-96	363
query	1	81.562	461	85993	86449	40661052	40660608	2.02e-96	363
query	1	77.829	645	85034	85665	4349131	4349747	7.27e-96	361
query	1	80.040	496	33743	34234	11231578	11231086	7.27e-96	361
query	1	78.211	615	85105	85710	45142938	45142350	7.27e-96	361
query	1	77.307	661	85049	85699	4349067	4349703	2.61e-95	359
query	1	77.180	688	85034	85709	33233894	33233240	2.61e-95	359
query	1	73.504	1253	84782	85990	29931485	29932654	9.40e-95	357
query	1	81.441	458	85993	86445	47229284	47228844	3.38e-94	355
query	1	75.708	848	84867	85664	4571681	4570861	1.22e-93	353
query	1	78.428	598	85122	85709	34835173	34834605	1.22e-93	353
query	1	74.527	1056	84776	85781	35937155	35938144	1.22e-93	353
query	1	77.994	618	85105	85710	661441	662030	4.37e-93	351
query	1	78.069	611	85105	85704	2771927	2771344	4.37e-93	351
query	1	76.648	728	84999	85709	36946815	36946126	4.37e-93	351
query	1	78.919	555	85148	85699	33233853	33233326	1.57e-92	350
query	1	74.090	1154	84649	85781	43564813	43565852	1.57e-92	350
query	1	77.301	652	85049	85691	47229717	47229094	1.57e-92	350
query	1	74.896	964	84871	85773	10503951	10504875	5.66e-92	348
query	1	83.820	377	56720	57089	12054497	12054869	5.66e-92	348
query	1	77.888	606	85777	86364	26252089	26252675	2.63e-90	342
query	1	77.049	671	85146	85787	6778810	6778161	9.47e-90	340
query	1	74.401	1043	84785	85781	7589848	7588876	9.47e-90	340
query	1	74.433	970	85260	86198	37710107	37709191	9.47e-90	340
query	1	74.187	1015	84785	85781	26082141	26083082	3.40e-89	339
query	1	77.796	617	85105	85707	47229736	47229151	3.40e-89	339
query	1	77.814	613	85329	85916	2156500	2155909	1.22e-88	337
query	1	75.885	763	85026	85766	4670745	4670021	4.40e-88	335
query	1	74.223	997	85032	85990	152223	151281	1.58e-87	333
query	1	77.778	594	85122	85704	4443091	4443657	5.70e-87	331
query	1	77.393	606	77710	78300	12999143	12999732	5.70e-87	331
query	1	83.019	371	50435	50805	15842679	15843043	5.70e-87	331
query	1	75.212	827	85329	86122	37709985	37709191	5.70e-87	331
query	1	80.752	452	85997	86445	47912042	47911611	5.70e-87	331
query	1	77.451	612	85103	85704	1193533	1194114	2.05e-86	329
query	1	77.331	622	85763	86361	2156359	2155758	7.37e-86	327
query	1	76.994	652	85141	85781	37428512	37427902	2.65e-85	326
query	1	74.048	998	84649	85625	152435	151508	9.53e-85	324
query	1	83.844	359	85997	86351	2156187	2155844	9.53e-85	324
query	1	91.250	240	59563	59799	40103074	40102836	9.53e-85	324
query	1	75.400	813	85412	86194	40468627	40467860	9.53e-85	324
query	1	77.700	574	85137	85704	1708168	1708713	1.23e-83	320
query	1	87.814	279	73796	74072	7399713	7399442	4.43e-83	318
query	1	74.319	954	84775	85699	2771779	2770893	1.60e-82	316
query	1	73.475	1082	84649	85692	7862550	7863569	1.60e-82	316
query	1	76.480	659	85049	85699	36857571	36858192	1.60e-82	316
query	1	78.114	562	85450	85990	1151810	1151273	5.74e-82	315
query	1	76.169	663	85049	85700	1708149	1708781	7.42e-81	311
query	1	91.518	224	52855	53078	5116327	5116104	2.67e-80	309
query	1	83.529	340	59537	59875	14816183	14815853	2.67e-80	309
query	1	84.211	323	19521	19839	1480386	1480072	1.24e-78	303
query	1	74.140	959	84786	85703	7589921	7589026	4.47e-78	302
query	1	74.055	979	84775	85736	35699142	35698254	4.47e-78	302
query	1	80.471	425	85292	85710	1761835	1761432	1.61e-77	300
query	1	91.031	223	52856	53078	42289958	42289737	1.61e-77	300
query	1	73.711	989	85254	86199	43181466	43182403	1.61e-77	300
query	1	79.565	460	85993	86446	43565432	43565865	1.61e-77	300
query	1	83.962	318	59559	59875	46093129	46092817	1.61e-77	300
query	1	79.355	465	85993	86447	151710	151267	5.78e-77	298
query	1	73.247	1084	84649	85698	10504941	10505953	5.78e-77	298
query	1	91.324	219	52860	53077	11815407	11815625	5.78e-77	298
query	1	76.498	634	85105	85711	13013777	13014386	5.78e-77	298
query	1	85.965	285	86525	86805	46787688	46787969	5.78e-77	298
query	1	85.816	282	86525	86804	25966987	25967266	2.08e-76	296
query	1	86.170	282	73796	74074	12410483	12410210	7.47e-76	294
query	1	87.072	263	86524	86784	47571323	47571063	7.47e-76	294
query	1	85.274	292	86030	86317	4349462	4349747	2.69e-75	292
query	1	86.347	271	86521	86790	6347777	6348045	2.69e-75	292
query	1	85.764	288	73794	74077	8490857	8490579	2.69e-75	292
query	1	89.270	233	52846	53078	9659501	9659269	2.69e-75	292
query	1	76.617	603	85329	85908	2771930	2771350	9.67e-75	291
query	1	85.223	291	86030	86316	1761760	1761477	3.48e-74	289
query	1	76.412	602	85329	85908	4349045	4349628	3.48e-74	289
query	1	76.214	618	85105	85710	4869807	4869219	3.48e-74	289
query	1	76.433	628	84782	85390	40661297	40660707	3.48e-74	289
query	1	86.641	262	86525	86784	50369	50628	1.25e-73	287
query	1	73.651	945	84786	85703	30575305	30576191	1.25e-73	287
query	1	77.652	528	85810	86316	1708314	1708822	4.50e-73	285
query	1	81.894	359	85997	86351	4349360	4349703	4.50e-73	285
query	1	81.013	395	85808	86198	7567976	7568343	4.50e-73	285
query	1	82.493	337	86478	86803	9068977	9069312	4.50e-73	285
query	1	85.714	273	67836	68108	15842774	15843043	4.50e-73	285
query	1	84.775	289	59559	59846	18353406	18353690	4.50e-73	285
query	1	76.508	630	84776	85392	25669818	25669239	4.50e-73	285
query	1	82.738	336	45507	45833	26233937	26233609	4.50e-73	285
query	1	77.609	527	85810	86317	33233791	33233283	4.50e-73	285
query	1	92.118	203	52876	53078	33542558	33542357	4.50e-73	285
query	1	76.423	615	85319	85908	34835203	34834616	4.50e-73	285
query	1	84.488	303	86023	86317	41752279	41752574	4.50e-73	285
query	1	84.483	290	86516	86803	31846999	31847287	1.62e-72	283
query	1	84.828	290	86030	86316	36857950	36858233	1.62e-72	283
query	1	82.596	339	45508	45834	45478486	45478153	1.62e-72	283
query	1	76.285	603	85329	85908	4443070	4443651	5.82e-72	281
query	1	77.376	526	85810	86316	4443258	4443768	5.82e-72	281
query	1	89.286	224	52853	53076	21834743	21834966	5.82e-72	281
query	1	82.353	340	45504	45834	26230343	26230011	5.82e-72	281
query	1	86.719	256	86524	86777	29261799	29262052	5.82e-72	281
query	1	82.822	326	19518	19839	40145806	40146123	5.82e-72	281
query	1	77.395	522	39491	39992	42303138	42302628	5.82e-72	281
query	1	77.395	522	30811	31312	42303138	42302628	5.82e-72	281
query	1	86.312	263	71285	71546	44252906	44253164	5.82e-72	281
query	1	75.439	684	85243	85900	47229748	47229094	5.82e-72	281
query	1	76.098	615	85329	85919	661438	662030	2.09e-71	279
query	1	82.727	330	86024	86351	1761835	1761519	2.09e-71	279
query	1	82.424	330	56716	57039	6255423	6255748	2.09e-71	279
query	1	76.285	603	85329	85909	26251859	26252437	2.09e-71	279
query	1	73.410	786	33392	34169	40486487	40487264	2.09e-71	279
query	1	85.714	266	86547	86811	44595055	44595320	2.09e-71	279
query	1	90.000	220	52855	53074	36427085	36427297	7.53e-71	278
query	1	86.614	254	86524	86775	38289652	38289903	7.53e-71	278
query	1	82.965	317	19519	19833	1921274	1921580	2.71e-70	276
query	1	86.275	255	71288	71542	2343305	2343053	2.71e-70	276
query	1	74.798	742	85000	85709	2771516	2770806	2.71e-70	276
query	1	81.337	359	85997	86351	4443381	4443726	2.71e-70	276
query	1	87.917	240	52849	53088	13928886	13928655	2.71e-70	276
query	1	84.452	283	86524	86803	27025945	27026227	2.71e-70	276
query	1	80.886	361	85993	86349	6082006	6081653	9.74e-70	274
query	1	78.366	453	85263	85708	8647187	8646749	9.74e-70	274
query	1	76.183	634	84775	85384	13013925	13014516	9.74e-70	274
query	1	84.138	290	86030	86317	13014132	13014415	9.74e-70	274
query	1	82.445	319	59558	59875	15871864	15871551	9.74e-70	274
query	1	75.375	666	85141	85781	30575706	30576345	9.74e-70	274
query	1	84.155	284	86524	86806	32173328	32173611	9.74e-70	274
query	1	76.059	614	85102	85704	36857548	36858123	9.74e-70	274
query	1	81.073	354	85993	86341	37709977	37709629	9.74e-70	274
query	1	86.220	254	86524	86776	46093097	46092845	9.74e-70	274
query	1	85.551	263	86524	86784	1978992	1978732	3.50e-69	272
query	1	86.275	255	71292	71546	2342119	2342368	3.50e-69	272
query	1	81.534	352	86477	86814	21337325	21336979	3.50e-69	272
query	1	85.551	263	86524	86784	31255475	31255215	3.50e-69	272
query	1	86.275	255	86524	86776	32324944	32325195	3.50e-69	272
query	1	85.551	263	86524	86784	42520356	42520096	3.50e-69	272
query	1	76.134	595	85763	86336	47229597	47229026	3.50e-69	272
query	1	81.375	349	85351	85699	1761852	1761519	1.26e-68	270
query	1	84.043	282	86524	86804	32510731	32511012	1.26e-68	270
query	1	82.243	321	85464	85781	32665931	32666246	1.26e-68	270
query	1	81.058	359	85997	86351	36857848	36858192	1.26e-68	270
query	1	85.075	268	86516	86781	37250130	37250396	1.26e-68	270
query	1	85.882	255	86525	86777	15871830	15871578	4.53e-68	268
query	1	85.827	254	86524	86776	18353438	18353690	4.53e-68	268
query	1	80.980	347	86007	86351	31382215	31382556	4.53e-68	268
query	1	83.916	286	86523	86806	39384108	39383826	4.53e-68	268
query	1	80.429	373	85990	86351	43250974	43251340	4.53e-68	268
query	1	76.531	588	85105	85682	47912476	47911936	4.53e-68	268
query	1	75.911	631	84775	85392	661668	662249	1.63e-67	267
query	1	86.235	247	86524	86769	6408109	6408355	1.63e-67	267
query	1	85.171	263	86524	86784	9047486	9047746	1.63e-67	267
query	1	86.111	252	71295	71546	16636238	16635992	1.63e-67	267
query	1	86.056	251	86521	86769	18778999	18779247	1.63e-67	267
query	1	83.916	286	86524	86803	47234238	47234521	1.63e-67	267
query	1	85.115	262	86523	86782	3028555	3028296	5.86e-67	265
query	1	85.115	262	86525	86784	5701895	5702154	5.86e-67	265
query	1	88.288	222	52853	53074	20940113	20940333	5.86e-67	265
query	1	74.548	774	84880	85625	30831711	30832432	5.86e-67	265
query	1	83.505	291	86524	86812	44501159	44501444	5.86e-67	265
query	1	79.634	383	85975	86351	661428	661802	2.11e-66	263
query	1	75.828	604	85329	85908	1708127	1708707	2.11e-66	263
query	1	80.780	359	85997	86352	1708439	1708781	2.11e-66	263
query	1	85.490	255	86525	86777	4426239	4425986	2.11e-66	263
query	1	82.019	317	86132	86445	5275139	5274828	2.11e-66	263
query	1	84.502	271	85513	85781	7568159	7568425	2.11e-66	263
query	1	84.502	271	86516	86784	14816140	14815873	2.11e-66	263
query	1	85.433	254	86524	86776	35934098	35933846	2.11e-66	263
query	1	82.792	308	86048	86352	37099769	37099473	2.11e-66	263
query	1	76.386	559	85167	85704	13013769	13014304	7.58e-66	261
query	1	82.724	301	86516	86813	39289916	39289621	7.58e-66	261
query	1	77.111	533	84875	85390	41752184	41752682	7.58e-66	261
query	1	75.812	616	85329	85916	47229739	47229151	7.58e-66	261
query	1	84.133	271	86516	86784	5160036	5160304	2.73e-65	259
query	1	81.846	325	19521	19839	5162608	5162922	2.73e-65	259
query	1	84.791	263	86524	86783	22103878	22104138	2.73e-65	259
query	1	76.396	555	85141	85686	31418766	31419285	2.73e-65	259
query	1	80.501	359	85997	86351	13014030	13014373	9.81e-65	257
query	1	84.528	265	86524	86784	14481310	14481572	9.81e-65	257
query	1	80.501	359	85997	86351	33233669	33233326	9.81e-65	257
query	1	83.505	291	85989	86275	34357376	34357098	9.81e-65	257
query	1	87.013	231	73845	74072	2538143	2537916	3.53e-64	255
query	1	79.778	361	85993	86351	2771922	2771568	3.53e-64	255
query	1	84.884	258	71290	71547	8879812	8879561	3.53e-64	255
query	1	75.267	655	84878	85514	15846485	15845875	3.53e-64	255
query	1	74.403	754	84982	85703	31418515	31419226	3.53e-64	255
query	1	87.013	231	73845	74072	40241771	40241998	3.53e-64	255
query	1	81.325	332	45510	45832	549430	549108	1.27e-63	254
query	1	82.986	288	86524	86807	6707332	6707615	1.27e-63	254
query	1	80.814	344	86472	86804	27223068	27222731	1.27e-63	254
query	1	79.208	404	85000	85390	37709577	37709191	1.27e-63	254
query	1	82.927	287	86523	86805	39838693	39838409	1.27e-63	254
query	1	79.778	361	85993	86350	45142933	45142580	1.27e-63	254
query	1	75.556	630	84776	85390	6081786	6081206	4.56e-63	252
query	1	84.646	254	86523	86775	14961170	14961422	4.56e-63	252
query	1	86.726	226	52853	53078	25993505	25993280	4.56e-63	252
query	1	86.726	226	52853	53078	31253259	31253034	4.56e-63	252
query	1	78.973	409	85000	85390	32322557	32322954	4.56e-63	252
query	1	88.263	213	85781	85990	37337178	37337390	4.56e-63	252
query	1	87.273	220	52856	53075	42289482	42289701	4.56e-63	252
query	1	73.296	719	33457	34169	7941926	7942634	1.64e-62	250
query	1	84.291	261	71286	71546	30489749	30490004	1.64e-62	250
query	1	76.044	551	77710	78244	35293839	35294366	1.64e-62	250
query	1	75.594	631	84776	85392	38729703	38730279	1.64e-62	250
query	1	84.980	253	71290	71542	44254078	44253833	1.64e-62	250
query	1	86.580	231	73845	74072	45831410	45831183	1.64e-62	250
query	1	86.266	233	73845	74074	6962320	6962091	5.90e-62	248
query	1	86.580	231	73845	74072	21612268	21612043	5.90e-62	248
query	1	86.207	232	85565	85792	32371816	32372047	5.90e-62	248
query	1	79.558	362	85993	86351	33233972	33233620	5.90e-62	248
query	1	86.266	233	73845	74074	47867223	47866993	5.90e-62	248
query	1	87.442	215	52853	53067	2157742	2157529	2.12e-61	246
query	1	79.666	359	86000	86349	4052675	4052322	2.12e-61	246
query	1	79.101	378	85975	86345	34965834	34966202	2.12e-61	246
query	1	75.360	625	84779	85390	1193758	1194334	7.63e-61	244
query	1	84.314	255	86524	86776	1263077	1263328	7.63e-61	244
query	1	78.718	390	85978	86360	32611601	32611979	7.63e-61	244
query	1	87.615	218	85781	85990	35937928	35938144	7.63e-61	244
query	1	83.712	264	86525	86784	37916304	37916565	7.63e-61	244
query	1	80.117	342	77374	77709	38763636	38763972	7.63e-61	244
query	1	86.266	233	73845	74072	40246301	40246528	7.63e-61	244
query	1	80.422	332	86024	86351	41751909	41752235	7.63e-61	244
query	1	75.355	633	84776	85392	43181822	43182404	7.63e-61	244
query	1	87.500	216	85781	85990	7568211	7568425	2.75e-60	243
query	1	83.158	285	56747	57016	23862067	23861788	2.75e-60	243
query	1	78.624	407	85000	85389	26252268	26252661	2.75e-60	243
query	1	76.641	518	85156	85664	37428574	37428095	2.75e-60	243
query	1	87.500	216	85781	85990	7589087	7588876	9.88e-60	241
query	1	72.308	845	33392	34223	24806409	24805578	9.88e-60	241
query	1	80.488	328	19509	19832	25901130	25901449	9.88e-60	241
query	1	84.556	259	75400	75643	26927972	26927716	9.88e-60	241
query	1	77.098	441	77277	77709	31380652	31381085	9.88e-60	241
query	1	85.294	238	86044	86276	1321060	1321295	3.55e-59	239
query	1	85.776	232	73845	74072	2542675	2542448	3.55e-59	239
query	1	82.105	285	86523	86805	4983301	4983020	3.55e-59	239
query	1	80.000	345	85997	86336	5196214	5195882	3.55e-59	239
query	1	83.525	261	86516	86774	12521668	12521925	3.55e-59	239
query	1	75.040	629	84776	85392	31382420	31383002	3.55e-59	239
query	1	79.825	342	77374	77709	36184789	36185125	3.55e-59	239
query	1	85.714	231	73845	74072	45832384	45832157	3.55e-59	239
query	1	80.057	351	85997	86343	47229425	47229094	3.55e-59	239
query	1	75.085	586	77711	78279	2734581	2735144	1.28e-58	237
query	1	84.127	252	86525	86774	10507582	10507336	1.28e-58	237
query	1	80.473	338	45504	45833	41837948	41838269	1.28e-58	237
query	1	88.265	196	52882	53077	4192371	4192176	4.59e-58	235
query	1	74.501	702	84752	85439	15846514	15845875	4.59e-58	235
query	1	72.057	841	33392	34223	31165228	31164397	4.59e-58	235
query	1	84.426	244	86522	86762	36508833	36508592	4.59e-58	235
query	1	86.036	222	19509	19727	1120802	1120584	1.65e-57	233
query	1	78.364	379	85975	86350	1193521	1193888	1.65e-57	233
query	1	92.593	162	85824	85985	4443793	4443954	1.65e-57	233
query	1	85.281	231	73845	74072	15666773	15666546	1.65e-57	233
query	1	81.570	293	85990	86276	25510786	25510498	1.65e-57	233
query	1	74.917	602	85324	85908	36857544	36858117	1.65e-57	233
query	1	82.890	263	86524	86784	40190979	40190719	1.65e-57	233
query	1	83.794	253	71291	71542	44128407	44128161	1.65e-57	233
query	1	82.418	273	86514	86784	45463391	45463122	1.65e-57	233
query	1	87.317	205	85781	85982	25669371	25669167	5.94e-57	231
query	1	91.667	168	85824	85990	31382916	31383082	5.94e-57	231
query	1	83.794	253	86524	86774	9047331	9047089	2.14e-56	230
query	1	81.882	287	73796	74072	21607790	21607508	2.14e-56	230
query	1	87.379	206	85784	85981	32371821	32372026	2.14e-56	230
query	1	85.043	234	73845	74072	35636984	35637214	2.14e-56	230
query	1	80.808	297	86512	86807	42662641	42662934	2.14e-56	230
query	1	84.956	226	52853	53078	45381788	45381563	2.14e-56	230
query	1	75.197	633	84775	85392	4349273	4349843	7.69e-56	228
query	1	78.533	368	85988	86351	26081837	26082192	7.69e-56	228
query	1	79.772	351	45508	45832	34007061	34006714	7.69e-56	228
query	1	84.211	247	75400	75631	1428669	1428423	2.77e-55	226
query	1	73.882	693	85243	85909	1708118	1708781	2.77e-55	226
query	1	80.519	308	85478	85781	5275139	5274840	2.77e-55	226
query	1	86.111	216	85781	85990	32666032	32666246	2.77e-55	226
query	1	83.398	259	75400	75643	33231526	33231783	2.77e-55	226
query	1	77.833	406	85000	85390	33233567	33233175	2.77e-55	226
query	1	81.851	281	86516	86795	43278000	43278270	2.77e-55	226
query	1	78.976	371	85781	86124	1321162	1321528	9.95e-55	224
query	1	90.588	170	85613	85781	5668934	5669103	9.95e-55	224
query	1	78.552	359	85997	86351	8647185	8646836	9.95e-55	224
query	1	80.667	300	86058	86351	32611601	32611896	9.95e-55	224
query	1	76.889	450	85557	85990	43565420	43565852	9.95e-55	224
query	1	85.586	222	52855	53075	46959599	46959386	9.95e-55	224
query	1	86.124	209	85781	85986	1194204	1194411	3.58e-54	222
query	1	78.237	363	85993	86351	4869802	4869448	3.58e-54	222
query	1	83.966	237	86044	86276	7567844	7568078	3.58e-54	222
query	1	87.692	195	86086	86276	7589146	7588953	3.58e-54	222
query	1	81.379	290	86167	86448	40468039	40467758	3.58e-54	222
query	1	89.831	177	45507	45681	41837392	41837565	3.58e-54	222
query	1	73.023	860	84866	85703	1320431	1321222	1.29e-53	220
query	1	72.660	940	84785	85703	25511432	25510571	1.29e-53	220
query	1	78.307	378	85334	85703	32612461	32612820	1.29e-53	220
query	1	85.577	208	52860	53067	2071886	2071679	4.63e-53	219
query	1	83.830	235	86555	86786	32389513	32389744	4.63e-53	219
query	1	82.731	249	86530	86775	35132365	35132118	4.63e-53	219
query	1	86.432	199	52877	53075	44159892	44160090	4.63e-53	219
query	1	75.610	533	84875	85392	45142630	45142132	4.63e-53	219
query	1	73.001	863	84866	85703	29931706	29932499	1.66e-52	217
query	1	87.368	190	59576	59765	46929481	46929293	1.66e-52	217
query	1	83.673	245	75402	75631	10208727	10208969	5.99e-52	215
query	1	81.315	289	85993	86276	864243	863973	2.15e-51	213
query	1	89.412	170	85823	85990	5668934	5669103	2.15e-51	213
query	1	81.164	292	73797	74072	12414998	12414715	2.15e-51	213
query	1	82.031	256	71291	71546	23730861	23730612	2.15e-51	213
query	1	78.431	357	77367	77709	33979737	33980086	2.15e-51	213
query	1	81.319	273	78031	78300	34493888	34494153	2.15e-51	213
query	1	74.444	630	84775	85390	4869582	4869004	7.74e-51	211
query	1	80.132	302	86472	86767	9672150	9672442	7.74e-51	211
query	1	88.333	180	85808	85986	34357199	34357024	7.74e-51	211
query	1	82.197	264	75400	75648	34688386	34688646	7.74e-51	211
query	1	83.691	233	86047	86275	37428210	37427983	7.74e-51	211
query	1	80.405	296	85989	86276	44358451	44358739	7.74e-51	211
query	1	82.197	264	75400	75648	45210401	45210141	7.74e-51	211
query	1	73.333	780	84874	85620	1329757	1330484	2.78e-50	209
query	1	87.302	189	86133	86317	2771033	2770849	2.78e-50	209
query	1	78.356	365	85339	85699	37283947	37283608	2.78e-50	209
query	1	85.167	209	85788	85990	25510625	25510418	1.00e-49	207
query	1	77.249	378	85330	85699	2097960	2098327	3.60e-49	206
query	1	82.540	252	75406	75643	3469139	3469387	3.60e-49	206
query	1	81.061	264	86516	86776	4716419	4716680	3.60e-49	206
query	1	92.466	146	59539	59683	26612320	26612463	3.60e-49	206
query	1	86.957	184	85808	85990	30576162	30576345	3.60e-49	206
query	1	74.617	587	85172	85737	31924822	31925371	3.60e-49	206
query	1	85.714	203	85781	85975	4670220	4670021	1.30e-48	204
query	1	78.964	309	85998	86305	8647030	8646729	1.30e-48	204
query	1	79.930	284	86071	86351	8647187	8646907	1.30e-48	204
query	1	84.579	214	45508	45717	11691430	11691222	1.30e-48	204
query	1	84.332	217	45505	45717	20965369	20965158	1.30e-48	204
query	1	74.414	512	33392	33894	30590989	30591491	1.30e-48	204
query	1	84.038	213	19549	19761	6177008	6177216	4.66e-48	202
query	1	80.000	310	85990	86275	10504492	10504796	4.66e-48	202
query	1	80.623	289	85993	86276	30832300	30832569	4.66e-48	202
query	1	80.935	278	85512	85781	40468039	40467773	4.66e-48	202
query	1	80.139	287	85422	85699	4052675	4052395	1.68e-47	200
query	1	79.153	307	86058	86358	26081829	26082127	1.68e-47	200
query	1	74.267	614	84875	85468	37524517	37525086	1.68e-47	200
query	1	79.599	299	85407	85699	44358144	44358433	1.68e-47	200
query	1	83.945	218	45504	45719	47112990	47112781	1.68e-47	200
query	1	86.740	181	85811	85990	47911803	47911623	1.68e-47	200
query	1	76.606	436	85323	85737	27207553	27207143	6.03e-47	198
query	1	83.810	210	86577	86785	27724880	27724672	6.03e-47	198
query	1	79.798	297	86071	86351	31418564	31418857	6.03e-47	198
query	1	77.961	363	85993	86351	47912471	47912136	6.03e-47	198
query	1	88.024	167	59709	59875	26612460	26612625	2.17e-46	196
query	1	82.427	239	75400	75625	36320700	36320463	2.17e-46	196
query	1	81.818	253	75400	75636	40437476	40437727	2.17e-46	196
query	1	81.226	261	75402	75648	5313690	5313947	7.80e-46	195
query	1	81.405	242	21611	21851	6421958	6421719	7.80e-46	195
query	1	81.423	253	75400	75640	9956089	9956340	7.80e-46	195
query	1	82.377	244	75400	75625	12554260	12554502	7.80e-46	195
query	1	77.632	380	56559	56930	19990429	19990777	7.80e-46	195
query	1	85.204	196	86071	86262	31419094	31419285	7.80e-46	195
query	1	81.818	253	75400	75636	34492082	34492330	7.80e-46	195
query	1	76.471	442	85317	85737	36320231	36320643	7.80e-46	195
query	1	85.263	190	85808	85996	6778347	6778161	2.80e-45	193
query	1	81.538	260	75400	75643	40289686	40289937	2.80e-45	193
query	1	86.188	181	85602	85781	43001231	43001409	2.80e-45	193
query	1	81.349	252	75400	75636	33978871	33979122	1.01e-44	191
query	1	78.896	308	76738	77032	40397698	40397999	1.01e-44	191
query	1	81.707	246	75402	75632	46358507	46358751	1.01e-44	191
query	1	86.111	180	86099	86276	1151530	1151354	3.63e-44	189
query	1	75.258	485	85323	85787	42226112	42225653	3.63e-44	189
query	1	76.842	380	85330	85699	32351007	32351366	1.30e-43	187
query	1	83.028	218	45504	45719	36479663	36479871	1.30e-43	187
query	1	83.495	206	85786	85990	43001209	43001409	1.30e-43	187
query	1	82.063	223	52856	53076	47209244	47209024	1.30e-43	187
query	1	81.780	236	73841	74072	34930583	34930357	4.69e-43	185
query	1	78.738	301	85416	85712	37099821	37099534	4.69e-43	185
query	1	81.513	238	75400	75626	1121296	1121530	1.69e-42	183
query	1	79.298	285	85429	85711	1761852	1761583	1.69e-42	183
query	1	74.093	579	85141	85703	4670696	4670161	1.69e-42	183
query	1	81.124	249	75400	75633	5096541	5096295	1.69e-42	183
query	1	77.744	328	86125	86445	18341201	18340887	1.69e-42	183
query	1	80.695	259	75400	75643	25549410	25549156	1.69e-42	183
query	1	83.417	199	86524	86721	34999093	34998896	1.69e-42	183
query	1	79.443	287	85997	86276	151634	151364	6.07e-42	182
query	1	84.492	187	85805	85990	6088047	6088230	6.07e-42	182
query	1	74.400	500	77233	77709	12554934	12555421	6.07e-42	182
query	1	79.923	259	86516	86771	31806014	31806265	6.07e-42	182
query	1	87.195	164	85820	85982	38236240	38236398	6.07e-42	182
query	1	90.210	143	86137	86276	40661380	40661240	6.07e-42	182
query	1	78.523	298	85102	85390	2771029	2770741	2.18e-41	180
query	1	81.545	233	73845	74072	41518662	41518438	2.18e-41	180
query	1	84.699	183	85781	85958	662117	662298	7.85e-41	178
query	1	74.223	547	85400	85908	13013769	13014298	7.85e-41	178
query	1	80.228	263	75402	75648	27142449	27142706	7.85e-41	178
query	1	85.882	170	85823	85990	40467940	40467773	7.85e-41	178
query	1	80.632	253	75400	75636	39694564	39694317	2.82e-40	176
query	1	81.116	233	73845	74072	47708954	47709180	2.82e-40	176
query	1	88.966	145	86209	86351	2771033	2770893	1.02e-39	174
query	1	74.167	600	85183	85737	35439188	35439750	1.02e-39	174
query	1	80.753	239	75400	75625	29746152	29745916	3.65e-39	172
query	1	87.417	151	75499	75648	34889422	34889569	1.31e-38	171
query	1	91.803	122	45508	45629	45291316	45291437	1.31e-38	171
query	1	91.270	126	45504	45629	45292807	45292931	1.31e-38	171
query	1	87.333	150	75499	75648	34889730	34889876	4.73e-38	169
query	1	78.544	261	71284	71542	44211003	44211261	4.73e-38	169
query	1	72.131	793	85143	85908	5196753	5196014	1.70e-37	167
query	1	84.615	169	85824	85990	5275008	5274840	1.70e-37	167
query	1	79.424	243	52853	53089	12255590	12255348	1.70e-37	167
query	1	75.174	431	85323	85737	27726136	27726543	1.70e-37	167
query	1	78.988	257	71295	71545	30491315	30491063	1.70e-37	167
query	1	79.051	253	71292	71542	35211165	35211412	1.70e-37	167
query	1	81.340	209	85993	86199	5275128	5274923	6.11e-37	165
query	1	83.333	186	85805	85989	44488973	44489151	6.11e-37	165
query	1	73.854	589	85161	85714	34889937	34889391	2.20e-36	163
query	1	80.172	232	73845	74072	34929259	34929036	2.20e-36	163
query	1	86.842	152	75499	75648	35988451	35988305	2.20e-36	163
query	1	78.596	285	86068	86349	40661503	40661244	2.20e-36	163
query	1	73.401	594	85172	85737	40877079	40877636	2.20e-36	163
query	1	79.835	243	38630	38858	42304034	42303794	2.20e-36	163
query	1	79.835	243	29950	30178	42304034	42303794	2.20e-36	163
query	1	80.342	234	73845	74072	44372058	44371834	2.20e-36	163
query	1	90.323	124	60040	60162	5283570	5283692	7.91e-36	161
query	1	79.167	264	75400	75648	25985345	25985600	7.91e-36	161
query	1	80.085	236	75406	75635	27157901	27157676	7.91e-36	161
query	1	77.152	302	76737	77031	37283058	37282766	7.91e-36	161
query	1	81.553	206	85997	86199	38730079	38730278	7.91e-36	161
query	1	80.444	225	75404	75616	39674430	39674654	7.91e-36	161
query	1	86.395	147	77082	77227	1407459	1407605	2.84e-35	159
query	1	83.978	181	75400	75565	14834270	14834091	2.84e-35	159
query	1	86.486	148	86627	86773	31710557	31710412	2.84e-35	159
query	1	79.151	259	75400	75643	31814021	31813769	2.84e-35	159
query	1	78.909	275	75401	75648	35439806	35439535	2.84e-35	159
query	1	79.297	256	75408	75648	35731366	35731117	2.84e-35	159
query	1	82.143	196	86071	86262	40441107	40441297	2.84e-35	159
query	1	78.596	285	85416	85697	40661500	40661244	2.84e-35	159
query	1	80.435	230	75429	75643	43658289	43658063	2.84e-35	159
query	1	79.654	231	73845	74072	1756087	1755864	1.02e-34	158
query	1	83.429	175	86028	86199	32371782	32371954	1.02e-34	158
query	1	79.518	249	75400	75631	40011035	40011279	1.02e-34	158
query	1	80.435	230	86540	86767	44334051	44333840	1.02e-34	158
query	1	79.447	253	75404	75642	2477889	2477648	3.68e-34	156
query	1	87.143	140	75499	75637	28552995	28552858	3.68e-34	156
query	1	87.143	140	75499	75636	35439374	35439237	3.68e-34	156
query	1	78.175	252	71292	71542	37268828	37269074	3.68e-34	156
query	1	80.660	212	85476	85686	40441095	40441297	3.68e-34	156
query	1	77.104	297	76743	77031	46554895	46554609	3.68e-34	156
query	1	85.256	156	45507	45661	47117384	47117234	3.68e-34	156
query	1	85.430	151	75499	75648	27207504	27207651	1.32e-33	154
query	1	81.865	193	85805	85996	28603272	28603455	1.32e-33	154
query	1	85.430	151	75499	75648	34492846	34492993	1.32e-33	154
query	1	75.216	347	77367	77709	1554823	1554487	4.76e-33	152
query	1	85.333	150	75500	75648	27156999	27156852	4.76e-33	152
query	1	79.310	232	73845	74072	27356437	27356214	4.76e-33	152
query	1	87.050	139	85808	85945	35698387	35698254	4.76e-33	152
query	1	80.488	205	71288	71490	40197404	40197605	4.76e-33	152
query	1	80.087	231	75429	75643	42363465	42363241	4.76e-33	152
query	1	88.710	124	63851	63974	42393919	42393796	4.76e-33	152
query	1	78.682	258	75400	75642	45498612	45498361	4.76e-33	152
query	1	86.331	139	75499	75636	5049349	5049486	1.71e-32	150
query	1	81.373	204	75400	75588	39775233	39775033	1.71e-32	150
query	1	91.589	107	52849	52955	25955512	25955618	6.16e-32	148
query	1	77.606	259	71292	71542	26902947	26903203	6.16e-32	148
query	1	83.051	177	76744	76910	31805092	31804920	6.16e-32	148
query	1	85.417	144	85832	85975	31925257	31925399	6.16e-32	148
query	1	82.682	179	76740	76910	38718237	38718412	6.16e-32	148
query	1	85.616	146	75505	75648	38790885	38790744	6.16e-32	148
query	1	84.667	150	63644	63792	42394046	42393897	6.16e-32	148
query	1	85.235	149	77085	77230	4455171	4455315	2.21e-31	147
query	1	76.235	324	86071	86385	5049449	5049145	2.21e-31	147
query	1	79.812	213	85990	86198	32322748	32322954	2.21e-31	147
query	1	84.868	152	75499	75648	35789329	35789474	2.21e-31	147
query	1	80.952	189	71295	71481	44212148	44211961	2.21e-31	147
query	1	78.113	265	75402	75648	6379462	6379206	7.97e-31	145
query	1	90.090	111	85836	85946	23635553	23635663	7.97e-31	145
query	1	85.714	140	75499	75636	34889576	34889714	7.97e-31	145
query	1	85.714	140	75499	75636	35988298	35988161	7.97e-31	145
query	1	86.667	135	73940	74072	43966462	43966332	7.97e-31	145
query	1	81.818	176	85367	85540	1151530	1151358	2.86e-30	143
query	1	79.372	223	75402	75608	10606759	10606981	2.86e-30	143
query	1	81.818	176	85296	85469	32371782	32371954	2.86e-30	143
query	1	74.519	416	85317	85714	33682684	33683076	2.86e-30	143
query	1	86.822	129	75499	75626	37722293	37722420	2.86e-30	143
query	1	85.926	135	56431	56565	6421723	6421854	1.03e-29	141
query	1	86.260	131	75504	75633	40877269	40877140	1.03e-29	141
query	1	85.401	137	75499	75633	25608526	25608391	3.71e-29	139
query	1	92.079	101	58607	58707	26595300	26595397	3.71e-29	139
query	1	78.039	255	75404	75642	35729998	35729751	3.71e-29	139
query	1	85.000	140	75499	75636	42226063	42226201	3.71e-29	139
query	1	78.298	235	73845	74072	651936	651710	1.33e-28	137
query	1	89.189	111	58335	58445	10612871	10612980	1.33e-28	137
query	1	79.104	201	71282	71481	16635344	16635544	1.33e-28	137
query	1	77.165	254	71292	71537	23729704	23729954	1.33e-28	137
query	1	81.921	177	76740	76907	30481981	30482153	1.33e-28	137
query	1	91.176	102	71407	71508	38673353	38673253	1.33e-28	137
query	1	86.614	127	58701	58825	46272209	46272085	1.33e-28	137
query	1	74.811	397	86068	86446	2764424	2764058	4.79e-28	135
query	1	81.714	175	76741	76907	34754270	34754441	4.79e-28	135
query	1	76.375	309	86068	86363	35439271	35439558	4.79e-28	135
query	1	84.028	144	75500	75642	36752268	36752408	4.79e-28	135
query	1	80.874	183	85446	85625	43565462	43565637	4.79e-28	135
query	1	86.614	127	85788	85908	2155968	2155844	1.72e-27	134
query	1	83.562	146	75499	75643	2764320	2764462	1.72e-27	134
query	1	84.397	141	75499	75636	9057974	9057836	1.72e-27	134
query	1	78.571	210	55123	55330	11673406	11673201	1.72e-27	134
query	1	74.687	399	85016	85390	31813551	31813926	1.72e-27	134
query	1	82.609	161	85818	85977	39785916	39786067	1.72e-27	134
query	1	89.524	105	85804	85908	1761697	1761594	6.20e-27	132
query	1	75.224	335	86125	86445	11064773	11064455	6.20e-27	132
query	1	76.103	272	78034	78302	38785538	38785276	6.20e-27	132
query	1	83.333	150	75490	75636	40011688	40011833	6.20e-27	132
query	1	77.778	243	86132	86363	34889777	34889545	2.23e-26	130
query	1	82.667	150	75499	75648	38156645	38156499	2.23e-26	130
query	1	77.928	222	77491	77709	40928120	40927905	2.23e-26	130
query	1	83.942	137	86638	86773	43299077	43299212	2.23e-26	130
query	1	76.744	258	75400	75648	16570332	16570580	8.02e-26	128
query	1	88.679	106	85804	85908	1761622	1761519	2.89e-25	126
query	1	83.453	139	75500	75636	27726184	27726047	2.89e-25	126
query	1	74.572	409	85145	85529	34889793	34889418	2.89e-25	126
query	1	75.796	314	86061	86362	35988190	35988480	2.89e-25	126
query	1	88.073	109	85801	85908	36858086	36858192	2.89e-25	126
query	1	87.850	107	85557	85663	6497322	6497426	1.04e-24	124
query	1	76.724	232	72157	72387	16635580	16635354	1.04e-24	124
query	1	77.500	240	86131	86363	18341339	18341115	1.04e-24	124
query	1	89.216	102	85808	85908	33233425	33233326	1.04e-24	124
query	1	80.588	170	76740	76903	1407515	1407681	3.73e-24	122
query	1	87.156	109	85557	85665	5275139	5275032	3.73e-24	122
query	1	74.611	386	85160	85522	25608319	25608675	3.73e-24	122
query	1	88.350	103	52975	53077	25955599	25955699	3.73e-24	122
query	1	85.833	120	53603	53719	27411572	27411689	3.73e-24	122
query	1	75.649	308	86068	86362	34889680	34889393	3.73e-24	122
query	1	82.979	141	75499	75636	39822596	39822459	3.73e-24	122
query	1	87.156	109	85801	85908	4349597	4349703	1.34e-23	121
query	1	87.156	109	85801	85908	4443620	4443726	1.34e-23	121
query	1	87.736	106	85804	85908	13014271	13014373	1.34e-23	121
query	1	74.074	378	85166	85533	18341339	18340989	1.34e-23	121
query	1	75.484	310	86071	86366	27207605	27207315	1.34e-23	121
query	1	77.406	239	85160	85390	39694246	39694469	1.34e-23	121
query	1	76.027	292	86122	86389	9057916	9058195	4.83e-23	119
query	1	82.836	134	75501	75632	11064720	11064853	4.83e-23	119
query	1	74.265	408	85145	85529	35988082	35988455	4.83e-23	119
query	1	90.217	92	85805	85895	40441206	40441297	4.83e-23	119
query	1	82.143	140	75499	75636	4183642	4183779	1.74e-22	117
query	1	82.576	132	86220	86351	37099824	37099693	1.74e-22	117
query	1	75.578	303	85989	86275	2764427	2764146	6.25e-22	115
query	1	79.882	169	76740	76903	4455224	4455388	6.25e-22	115
query	1	76.957	230	86055	86275	5049398	5049178	6.25e-22	115
query	1	84.298	121	56431	56551	7510445	7510562	6.25e-22	115
query	1	78.365	208	75450	75643	27120647	27120447	6.25e-22	115
query	1	77.083	240	86032	86261	34889795	34889572	6.25e-22	115
query	1	75.746	268	86131	86389	36752315	36752061	6.25e-22	115
query	1	76.955	243	86136	86363	2764518	2764289	2.25e-21	113
query	1	77.477	222	76744	76952	15846075	15846287	2.25e-21	113
query	1	86.538	104	62415	62517	21584800	21584698	2.25e-21	113
query	1	76.763	241	85160	85390	25549089	25549315	2.25e-21	113
query	1	82.222	135	75499	75633	33584289	33584158	2.25e-21	113
query	1	77.578	223	86051	86261	34889629	34889418	2.25e-21	113
query	1	81.046	153	19672	19821	41261195	41261341	2.25e-21	113
query	1	85.455	110	85801	85908	2098219	2098327	8.08e-21	111
query	1	86.275	102	85592	85693	2714684	2714785	8.08e-21	111
query	1	85.586	111	84869	84976	7847972	7848080	8.08e-21	111
query	1	77.119	236	85314	85533	9057916	9058140	8.08e-21	111
query	1	79.444	180	76740	76910	29896122	29895951	8.08e-21	111
query	1	77.523	218	86055	86261	35439325	35439532	8.08e-21	111
query	1	77.155	232	86043	86261	35988236	35988455	8.08e-21	111
query	1	73.643	387	85167	85533	5049550	5049188	2.91e-20	110
query	1	77.570	214	85317	85517	11064773	11064569	2.91e-20	110
query	1	79.213	178	76740	76907	32449892	32450064	2.91e-20	110
query	1	79.096	177	76744	76910	38791797	38791625	2.91e-20	110
query	1	72.694	542	85034	85533	2764659	2764156	1.05e-19	108
query	1	76.400	250	86044	86275	9057912	9058150	1.05e-19	108
query	1	76.496	234	86051	86275	18341199	18340979	1.05e-19	108
query	1	81.379	145	75499	75643	18341146	18341278	1.05e-19	108
query	1	82.927	123	85801	85923	26082088	26082206	1.05e-19	108
query	1	72.115	624	85160	85737	27120378	27120960	1.05e-19	108
query	1	75.502	249	86125	86366	33682684	33682923	1.05e-19	108
query	1	78.771	179	76740	76910	38111362	38111189	1.05e-19	108
query	1	74.906	267	86131	86389	40011748	40011490	1.05e-19	108
query	1	77.477	222	86131	86337	42226112	42225903	1.05e-19	108
query	1	95.522	67	85843	85908	2771033	2770968	3.76e-19	106
query	1	83.621	116	84877	84989	7849924	7849809	3.76e-19	106
query	1	85.437	103	62416	62517	19283085	19283186	3.76e-19	106
query	1	76.395	233	86055	86275	27207553	27207330	3.76e-19	106
query	1	80.132	151	86055	86198	13448298	13448445	1.35e-18	104
query	1	91.026	78	86122	86198	23635549	23635625	1.35e-18	104
query	1	74.064	374	86043	86377	25608463	25608822	1.35e-18	104
query	1	80.576	139	75500	75636	27567024	27566887	1.35e-18	104
query	1	80.137	146	77085	77228	37283106	37282964	1.35e-18	104
query	1	79.070	172	75408	75565	41328180	41328350	1.35e-18	104
query	1	89.157	83	85840	85922	42226113	42226031	1.35e-18	104
query	1	81.955	133	86068	86198	1428451	1428574	4.86e-18	102
query	1	81.955	133	86068	86198	25549192	25549315	4.86e-18	102
query	1	81.955	133	86068	86198	26927754	26927877	4.86e-18	102
query	1	75.090	277	86124	86389	27566969	27567226	4.86e-18	102
query	1	80.882	136	85990	86124	38730149	38730279	4.86e-18	102
query	1	81.679	131	86068	86198	38790786	38790909	4.86e-18	102
query	1	80.851	141	86060	86199	39674649	39674517	4.86e-18	102
query	1	80.741	135	85989	86122	41752551	41752682	4.86e-18	102
query	1	73.183	399	85019	85390	45498138	45498517	4.86e-18	102
query	1	91.892	74	85633	85704	2771033	2770962	1.75e-17	100
query	1	75.665	263	85162	85409	34889629	34889386	1.75e-17	100
query	1	75.732	239	85160	85390	40290005	40289781	1.75e-17	100
query	1	80.292	137	85990	86124	662117	662249	6.29e-17	99.0
query	1	83.186	113	85594	85703	4669757	4669648	6.29e-17	99.0
query	1	82.759	116	85804	85918	8646935	8646825	6.29e-17	99.0
query	1	80.147	136	85990	86124	25669371	25669239	6.29e-17	99.0
query	1	80.435	138	85547	85683	31424515	31424646	6.29e-17	99.0
query	1	82.759	116	85801	85915	32611865	32611976	6.29e-17	99.0
query	1	76.444	225	86125	86337	36320231	36320442	6.29e-17	99.0
query	1	81.746	126	84870	84989	44360352	44360228	6.29e-17	99.0
query	1	90.789	76	86125	86198	46358673	46358599	6.29e-17	99.0
query	1	79.861	144	85241	85377	13448292	13448432	2.26e-16	97.1
query	1	75.949	237	85167	85390	26927655	26927877	2.26e-16	97.1
query	1	81.203	133	86068	86198	33231744	33231621	2.26e-16	97.1
query	1	80.882	136	85999	86122	39694334	39694469	2.26e-16	97.1
query	1	81.203	133	86068	86198	39785877	39786000	2.26e-16	97.1
query	1	76.147	218	86131	86337	40877225	40877433	2.26e-16	97.1
query	1	80.000	135	85990	86122	1194204	1194334	8.14e-16	95.3
query	1	86.905	84	85840	85923	18341340	18341257	8.14e-16	95.3
query	1	76.577	222	86125	86331	25608471	25608677	8.14e-16	95.3
query	1	86.364	88	86038	86124	31382916	31383002	8.14e-16	95.3
query	1	74.497	298	85099	85380	35439418	35439694	8.14e-16	95.3
query	1	80.556	144	86061	86198	35439572	35439704	8.14e-16	95.3
query	1	80.714	140	86061	86198	36320480	36320606	8.14e-16	95.3
query	1	76.256	219	85167	85376	42363181	42363384	8.14e-16	95.3
query	1	74.351	308	85102	85390	10209103	10208819	2.93e-15	93.5
query	1	87.654	81	86044	86122	25549235	25549315	2.93e-15	93.5
query	1	80.597	134	86068	86198	27142664	27142539	2.93e-15	93.5
query	1	80.597	134	86068	86198	31813802	31813926	2.93e-15	93.5
query	1	76.147	218	86055	86261	36320237	36320442	2.93e-15	93.5
query	1	75.829	211	85183	85391	39674714	39674517	2.93e-15	93.5
query	1	88.462	78	86122	86198	39694393	39694469	2.93e-15	93.5
query	1	89.333	75	86125	86198	40289854	40289781	2.93e-15	93.5
query	1	79.412	136	85990	86124	43182272	43182404	2.93e-15	93.5
query	1	89.333	75	86125	86198	45210234	45210308	2.93e-15	93.5
query	1	75.527	237	85167	85390	1428352	1428574	1.05e-14	91.6
query	1	83.654	104	85818	85920	2764539	2764443	1.05e-14	91.6
query	1	80.451	133	86068	86198	5313904	5313782	1.05e-14	91.6
query	1	80.451	133	86068	86198	9956304	9956181	1.05e-14	91.6
query	1	80.451	133	86068	86198	10208941	10208819	1.05e-14	91.6
query	1	80.292	137	85999	86122	31813790	31813926	1.05e-14	91.6
query	1	82.031	128	60019	60129	33333270	33333145	1.05e-14	91.6
query	1	79.221	154	85260	85409	35988347	35988487	1.05e-14	91.6
query	1	89.189	74	75499	75572	36320286	36320214	1.05e-14	91.6
query	1	73.776	286	77435	77709	39430662	39430390	1.05e-14	91.6
query	1	80.451	133	86002	86122	40289913	40289781	1.05e-14	91.6
query	1	75.799	219	86055	86261	42226112	42225903	1.05e-14	91.6
query	1	73.008	389	85023	85380	5314159	5313792	3.79e-14	89.8
query	1	79.104	134	85990	86122	6081336	6081206	3.79e-14	89.8
query	1	80.952	126	86008	86122	36320482	36320606	3.79e-14	89.8
query	1	89.041	73	86127	86198	41329751	41329680	3.79e-14	89.8
query	1	89.041	73	85319	85390	41329751	41329680	3.79e-14	89.8
query	1	90.000	70	86044	86112	41329758	41329690	3.79e-14	89.8
query	1	89.855	69	86055	86122	1428506	1428574	1.36e-13	87.9
query	1	79.528	127	85997	86122	2770864	2770741	1.36e-13	87.9
query	1	89.706	68	86131	86198	4183691	4183624	1.36e-13	87.9
query	1	89.706	68	86055	86122	5313849	5313782	1.36e-13	87.9
query	1	79.545	132	86068	86198	12554480	12554356	1.36e-13	87.9
query	1	79.545	132	86068	86198	33979089	33978965	1.36e-13	87.9
query	1	80.620	129	85253	85380	36320480	36320596	1.36e-13	87.9
query	1	89.855	69	86056	86123	39674584	39674517	1.36e-13	87.9
query	1	88.158	76	85317	85390	46358673	46358599	1.36e-13	87.9
query	1	88.889	72	86052	86122	46358669	46358599	1.36e-13	87.9
query	1	78.065	155	85323	85468	4183691	4183541	4.90e-13	86.1
query	1	79.545	132	86068	86198	5096325	5096448	4.90e-13	86.1
query	1	75.000	220	85985	86198	10607058	10606851	4.90e-13	86.1
query	1	79.365	126	85997	86122	13014400	13014522	4.90e-13	86.1
query	1	90.769	65	86135	86198	25985500	25985437	4.90e-13	86.1
query	1	86.250	80	86038	86116	32322870	32322948	4.90e-13	86.1
query	1	91.803	61	86124	86184	35988395	35988455	4.90e-13	86.1
query	1	89.855	69	86132	86198	42363332	42363399	4.90e-13	86.1
query	1	88.000	75	86124	86198	43658154	43658224	4.90e-13	86.1
query	1	79.562	137	85999	86122	45498381	45498517	4.90e-13	86.1
query	1	89.706	68	86132	86198	45498451	45498517	4.90e-13	86.1
query	1	78.358	134	85990	86122	4869134	4869004	1.76e-12	84.2
query	1	88.732	71	86044	86112	27120524	27120593	1.76e-12	84.2
query	1	89.706	68	86132	86198	27120538	27120603	1.76e-12	84.2
query	1	74.286	245	86131	86363	27726136	27726371	1.76e-12	84.2
query	1	75.000	220	86051	86261	33682686	33682894	1.76e-12	84.2
query	1	85.366	82	86043	86122	35439623	35439704	1.76e-12	84.2
query	1	86.842	76	86044	86117	38790829	38790904	1.76e-12	84.2
query	1	84.270	89	86038	86124	45142218	45142132	1.76e-12	84.2
query	1	86.842	76	85317	85390	6379297	6379371	6.33e-12	82.4
query	1	86.842	76	86125	86198	6379297	6379371	6.33e-12	82.4
query	1	86.667	75	58370	58444	6421793	6421721	6.33e-12	82.4
query	1	74.684	237	86044	86264	11064780	11064554	6.33e-12	82.4
query	1	78.788	132	85260	85390	12554480	12554356	6.33e-12	82.4
query	1	74.429	219	76740	76949	12946433	12946220	6.33e-12	82.4
query	1	88.235	68	86131	86198	16570486	16570419	6.33e-12	82.4
query	1	88.235	68	85323	85390	16570486	16570419	6.33e-12	82.4
query	1	78.462	130	85990	86118	26252532	26252658	6.33e-12	82.4
query	1	87.500	72	86052	86122	26927807	26927877	6.33e-12	82.4
query	1	89.394	66	86132	86196	33584241	33584305	6.33e-12	82.4
query	1	78.788	132	85260	85390	33979089	33978965	6.33e-12	82.4
query	1	80.508	118	86068	86184	34889526	34889418	6.33e-12	82.4
query	1	89.231	65	86044	86108	35988391	35988455	6.33e-12	82.4
query	1	78.065	155	75404	75543	41329591	41329743	6.33e-12	82.4
query	1	80.488	123	85999	86108	42363262	42363384	6.33e-12	82.4
query	1	86.667	75	85317	85390	45210234	45210308	6.33e-12	82.4
query	1	88.406	69	86055	86122	45210240	45210308	6.33e-12	82.4
query	1	78.261	138	85261	85390	2278026	2277891	2.28e-11	80.5
query	1	87.013	77	85818	85894	2764385	2764316	2.28e-11	80.5
query	1	79.104	134	86068	86198	3469349	3469226	2.28e-11	80.5
query	1	78.947	133	85260	85390	9956304	9956181	2.28e-11	80.5
query	1	89.231	65	85327	85390	25985500	25985437	2.28e-11	80.5
query	1	92.727	55	85840	85894	27566975	27567029	2.28e-11	80.5
query	1	76.344	186	76744	76910	32098026	32097844	2.28e-11	80.5
query	1	78.947	133	85260	85390	33231744	33231621	2.28e-11	80.5
query	1	88.235	68	86132	86198	35731217	35731283	2.28e-11	80.5
query	1	78.788	132	86068	86198	37722397	37722275	2.28e-11	80.5
query	1	79.675	123	85260	85381	38790786	38790900	2.28e-11	80.5
query	1	78.992	119	77113	77230	39853258	39853141	2.28e-11	80.5
query	1	75.000	224	85167	85379	40011349	40011140	2.28e-11	80.5
query	1	74.771	218	86055	86261	40877225	40877433	2.28e-11	80.5
query	1	90.000	60	86139	86198	2277950	2277891	8.19e-11	78.7
query	1	90.000	60	86063	86122	2277950	2277891	8.19e-11	78.7
query	1	82.955	88	86038	86124	4349757	4349843	8.19e-11	78.7
query	1	88.060	67	85557	85622	4350236	4350170	8.19e-11	78.7
query	1	79.508	122	85260	85380	5096325	5096438	8.19e-11	78.7
query	1	91.379	58	86056	86112	5096382	5096438	8.19e-11	78.7
query	1	88.060	67	86056	86122	9956246	9956181	8.19e-11	78.7
query	1	88.235	68	85324	85390	14834110	14834175	8.19e-11	78.7
query	1	88.235	68	86132	86198	14834110	14834175	8.19e-11	78.7
query	1	92.727	55	86059	86112	25985500	25985447	8.19e-11	78.7
query	1	74.138	232	86055	86275	27726136	27726359	8.19e-11	78.7
query	1	77.778	135	85990	86122	33233305	33233175	8.19e-11	78.7
query	1	85.526	76	86044	86118	33584229	33584303	8.19e-11	78.7
query	1	86.957	69	85324	85392	33584241	33584309	8.19e-11	78.7
query	1	89.394	66	86124	86188	34492899	34492838	8.19e-11	78.7
query	1	92.593	54	86055	86108	40011748	40011695	8.19e-11	78.7
query	1	92.593	54	85323	85376	40011748	40011695	8.19e-11	78.7
query	1	78.571	126	85997	86122	40660826	40660707	8.19e-11	78.7
query	1	87.879	66	53011	53076	46588094	46588029	8.19e-11	78.7
query	1	87.879	66	53011	53076	46616764	46616699	8.19e-11	78.7
query	1	82.558	86	58367	58452	6577879	6577964	2.95e-10	76.8
query	1	94.118	51	75499	75549	13448427	13448378	2.95e-10	76.8
query	1	79.365	126	85253	85376	27566916	27567029	2.95e-10	76.8
query	1	85.333	75	86125	86198	29745987	29746060	2.95e-10	76.8
query	1	87.692	65	86044	86108	34889482	34889418	2.95e-10	76.8
query	1	74.312	218	86055	86265	36752315	36752108	2.95e-10	76.8
query	1	74.449	227	85162	85380	37722495	37722285	2.95e-10	76.8
query	1	91.071	56	86143	86198	38156608	38156663	2.95e-10	76.8
query	1	89.655	58	86055	86112	16570486	16570429	1.06e-09	75.0
query	1	86.957	69	86043	86108	27566962	27567029	1.06e-09	75.0
query	1	86.765	68	86056	86122	33231687	33231621	1.06e-09	75.0
query	1	85.135	74	75500	75573	33682738	33682666	1.06e-09	75.0
query	1	86.765	68	86056	86122	33979031	33978965	1.06e-09	75.0
query	1	86.111	72	86044	86112	34492908	34492838	1.06e-09	75.0
query	1	93.878	49	86125	86173	40437645	40437597	1.06e-09	75.0
query	1	85.333	75	85316	85390	43658154	43658224	1.06e-09	75.0
query	1	89.474	57	86055	86111	4183691	4183635	3.81e-09	73.1
query	1	89.655	58	86056	86112	12554422	12554366	3.81e-09	73.1
query	1	90.909	55	86055	86109	13448379	13448432	3.81e-09	73.1
query	1	88.333	60	85317	85376	29745987	29746046	3.81e-09	73.1
query	1	87.879	66	85316	85380	34492899	34492838	3.81e-09	73.1
query	1	84.722	72	86051	86122	37722346	37722275	3.81e-09	73.1
query	1	88.889	63	85316	85377	39775069	39775126	3.81e-09	73.1
query	1	88.710	62	86124	86185	39775069	39775126	3.81e-09	73.1
query	1	93.750	48	85317	85364	40437645	40437598	3.81e-09	73.1
query	1	88.525	61	86062	86122	43658165	43658224	3.81e-09	73.1
query	1	87.302	63	86052	86113	6379301	6379362	1.37e-08	71.3
query	1	76.812	138	61208	61341	10016200	10016067	1.37e-08	71.3
query	1	77.612	134	85260	85390	10606976	10606851	1.37e-08	71.3
query	1	90.909	55	86056	86109	39775075	39775126	1.37e-08	71.3
query	1	89.474	57	86132	86187	40011195	40011140	1.37e-08	71.3
query	1	89.286	56	86056	86111	40011195	40011140	1.37e-08	71.3
query	1	89.286	56	75499	75554	41752437	41752382	1.37e-08	71.3
query	1	89.474	57	86132	86187	1121449	1121395	4.93e-08	69.4
query	1	89.286	56	75499	75554	2155937	2155991	4.93e-08	69.4
query	1	85.714	70	85324	85390	3469292	3469226	4.93e-08	69.4
query	1	89.286	56	75499	75554	6081450	6081504	4.93e-08	69.4
query	1	85.507	69	86056	86122	10606918	10606851	4.93e-08	69.4
query	1	85.294	68	86043	86108	29745979	29746046	4.93e-08	69.4
query	1	89.286	56	75499	75554	31382757	31382703	4.93e-08	69.4
query	1	77.206	136	85989	86122	35731157	35731283	4.93e-08	69.4
query	1	85.294	68	85324	85390	35731217	35731283	4.93e-08	69.4
query	1	93.478	46	86051	86096	40437643	40437598	4.93e-08	69.4
query	1	89.286	56	75499	75554	45142378	45142432	4.93e-08	69.4
query	1	93.333	45	61494	61538	2107485	2107441	1.77e-07	67.6
query	1	88.136	59	86056	86112	3469292	3469236	1.77e-07	67.6
query	1	85.294	68	86056	86122	10208884	10208819	1.77e-07	67.6
query	1	88.136	59	86056	86113	14834110	14834166	1.77e-07	67.6
query	1	79.000	100	85335	85433	38156608	38156706	1.77e-07	67.6
query	1	91.837	49	30837	30884	45403010	45403058	1.77e-07	67.6
query	1	91.837	49	39517	39564	45403010	45403058	1.77e-07	67.6
query	1	73.516	219	85323	85533	36752315	36752108	6.38e-07	65.8
query	1	93.182	44	75499	75542	37709209	37709252	6.38e-07	65.8
query	1	90.196	51	75500	75550	37709431	37709479	6.38e-07	65.8
query	1	87.500	56	86067	86122	38156608	38156663	6.38e-07	65.8
query	1	93.182	44	75499	75542	43182384	43182341	6.38e-07	65.8
query	1	87.719	57	86056	86111	1121449	1121395	2.29e-06	63.9
query	1	87.719	57	85324	85379	1121449	1121395	2.29e-06	63.9
query	1	87.500	56	75499	75554	1708689	1708635	2.29e-06	63.9
query	1	91.489	47	75499	75545	2770986	2771031	2.29e-06	63.9
query	1	91.304	46	76741	76786	28759123	28759168	2.29e-06	63.9
query	1	90.000	50	75504	75552	34357343	34357392	2.29e-06	63.9
query	1	87.500	56	75499	75554	34966409	34966355	2.29e-06	63.9
query	1	87.500	56	75499	75554	47911937	47911990	2.29e-06	63.9
query	1	83.333	78	75499	75566	4669594	4669670	8.25e-06	62.1
query	1	78.302	106	85030	85133	31432470	31432569	8.25e-06	62.1
query	1	97.222	36	75499	75534	38730259	38730224	8.25e-06	62.1
query	6	75.346	1590	32662	34234	18392263	18390691	0.0	734
query	6	78.997	1176	84649	85781	150151	151279	0.0	721
query	6	79.046	1174	84652	85781	911520	910395	0.0	721
query	6	75.141	1597	32657	34234	8354281	8355853	0.0	710
query	6	78.596	1168	84652	85781	4935737	4934622	0.0	689
query	6	75.552	1448	32801	34234	3048309	3049741	0.0	686
query	6	78.138	1171	84649	85781	36986505	36987627	0.0	665
query	6	77.358	1166	84652	85781	1243630	1242524	1.09e-168	603
query	6	81.830	765	84782	85540	911202	910480	1.41e-167	599
query	6	79.465	935	84867	85781	37483464	37482580	1.41e-167	599
query	6	81.380	768	84776	85540	150465	151194	3.06e-164	588
query	6	77.114	1171	84652	85781	1468699	1467585	3.06e-164	588
query	6	81.438	765	84782	85540	36908208	36907487	5.12e-162	580
query	6	81.102	762	85034	85781	36160403	36159674	3.99e-158	568
query	6	80.971	762	84782	85540	4935420	4934707	8.63e-155	556
query	6	75.913	1287	84667	85908	36817168	36818383	1.12e-153	553
query	6	77.789	1022	84776	85767	1244635	1243669	4.02e-153	551
query	6	81.399	715	84831	85540	36817515	36818196	1.44e-152	549
query	6	80.552	761	84782	85535	37622511	37621797	1.12e-148	536
query	6	77.375	1021	84776	85767	1469702	1468738	6.77e-146	527
query	6	80.289	761	84782	85536	37483382	37482668	6.77e-146	527
query	6	77.862	926	85562	86445	150388	151291	1.47e-142	516
query	6	79.948	763	84782	85540	36777725	36778438	1.90e-141	512
query	6	76.449	1104	84671	85751	36783540	36782511	2.45e-140	508
query	6	77.433	935	84864	85781	29927673	29928561	1.48e-137	499
query	6	80.471	722	84782	85496	32958130	32957460	1.48e-137	499
query	6	75.248	1309	84653	85908	36777396	36778624	1.48e-137	499
query	6	77.634	930	85562	86445	911285	910383	5.31e-137	497
query	6	77.227	988	84649	85623	37483573	37482660	5.31e-137	497
query	6	77.993	877	85137	85990	4935462	4934622	1.91e-136	496
query	6	77.327	913	85109	85996	37622587	37621702	2.47e-135	492
query	6	92.035	339	59537	59875	26409869	26409535	8.94e-130	473
query	6	80.305	655	85810	86445	36160299	36159662	1.94e-126	462
query	6	76.805	914	85105	85990	36986744	36987627	6.96e-126	460
query	6	79.484	697	84776	85468	4066977	4067633	3.24e-124	455
query	6	78.361	781	84775	85540	1469546	1468808	1.17e-123	453
query	6	78.205	780	84775	85540	1244478	1243739	1.51e-122	449
query	6	90.560	339	59537	59875	10314503	10314168	1.95e-121	446
query	6	90.769	325	59537	59861	649681	650001	5.46e-117	431
query	6	92.131	305	59557	59861	2049690	2049992	1.96e-116	429
query	6	79.091	660	85049	85699	150410	151046	2.54e-115	425
query	6	90.060	332	59537	59868	13346146	13345821	2.54e-115	425
query	6	83.807	457	85993	86445	1468020	1467573	3.29e-114	422
query	6	75.492	1016	84785	85781	3150228	3151179	1.18e-113	420
query	6	90.154	325	59537	59861	4916807	4917127	1.18e-113	420
query	6	90.154	325	59537	59861	27123411	27123732	1.18e-113	420
query	6	76.201	916	85105	85990	1243397	1242524	4.25e-113	418
query	6	76.490	889	84864	85709	150276	151132	5.50e-112	414
query	6	89.602	327	59534	59860	21787984	21787662	1.98e-111	412
query	6	82.979	470	85993	86458	37483013	37482557	2.56e-110	409
query	6	80.243	577	85137	85707	150429	150981	9.20e-110	407
query	6	77.614	746	84982	85709	911255	910542	9.20e-110	407
query	6	83.261	460	85993	86446	1242958	1242511	9.20e-110	407
query	6	78.390	671	85049	85711	36908269	36907622	9.20e-110	407
query	6	88.496	339	59537	59875	37125772	37126107	9.20e-110	407
query	6	80.239	587	84776	85356	35350311	35350864	3.31e-109	405
query	6	76.158	885	85137	85990	29927715	29928561	4.28e-108	401
query	6	79.463	633	85183	85781	35658641	35658026	4.28e-108	401
query	6	75.222	1013	84785	85773	30604535	30605479	1.99e-106	396
query	6	79.861	576	85137	85707	911244	910693	7.16e-106	394
query	6	78.419	658	85049	85699	4935481	4934854	7.16e-106	394
query	6	77.510	747	84982	85709	4935473	4934769	2.58e-105	392
query	6	83.803	426	86030	86445	4067316	4067735	9.27e-105	390
query	6	77.207	759	85034	85781	2002832	2002124	1.20e-103	387
query	6	75.499	951	84823	85755	3759367	3758484	1.20e-103	387
query	6	87.390	341	59537	59877	26234885	26235220	1.20e-103	387
query	6	83.258	442	86011	86445	35658440	35658014	1.20e-103	387
query	6	83.372	433	85993	86419	1244087	1243669	1.55e-102	383
query	6	83.372	433	85993	86419	1469155	1468738	5.58e-102	381
query	6	88.997	309	57095	57402	23734562	23734254	5.58e-102	381
query	6	78.254	630	85049	85665	36160467	36159863	1.21e-98	370
query	6	76.601	765	85036	85781	35589720	35588994	4.34e-98	368
query	6	76.514	809	84975	85734	36778026	36778803	4.34e-98	368
query	6	81.917	459	85993	86442	2002555	2002115	2.02e-96	363
query	6	75.275	910	84785	85665	1244702	1243844	7.27e-96	361
query	6	74.014	1166	84776	85908	1956257	1955183	7.27e-96	361
query	6	76.944	733	84999	85712	35659115	35658425	7.27e-96	361
query	6	74.756	1026	84776	85781	28905273	28904338	2.61e-95	359
query	6	74.948	958	84785	85710	1469769	1468869	9.40e-95	357
query	6	82.086	441	85988	86417	34292632	34293059	3.38e-94	355
query	6	81.941	443	85330	85762	34292628	34293057	1.22e-93	353
query	6	76.261	813	84975	85734	36817782	36818562	1.22e-93	353
query	6	74.319	1028	84785	85781	2955689	2954728	2.03e-91	346
query	6	79.323	532	85172	85699	36908291	36907785	2.03e-91	346
query	6	76.754	684	85243	85908	4935512	4934854	2.63e-90	342
query	6	75.821	761	85181	85921	35659154	35658425	3.40e-89	339
query	6	75.508	837	84869	85665	36777534	36778333	3.40e-89	339
query	6	83.246	382	56720	57090	33649806	33650180	4.40e-88	335
query	6	79.087	526	85146	85665	36817589	36818091	4.40e-88	335
query	6	79.008	524	85179	85699	36986894	36987395	4.40e-88	335
query	6	77.778	603	85329	85908	150388	150971	1.58e-87	333
query	6	73.207	1269	84782	85990	2955919	2954728	1.58e-87	333
query	6	88.530	279	73796	74072	26132826	26132554	5.70e-87	331
query	6	77.368	623	85763	86361	150530	151132	2.05e-86	329
query	6	85.276	326	56720	57038	28516930	28516608	7.37e-86	327
query	6	77.723	606	85141	85737	36985882	36986449	7.37e-86	327
query	6	76.631	659	85049	85699	1243378	1242754	2.65e-85	326
query	6	77.288	612	85329	85918	911285	910694	3.43e-84	322
query	6	87.719	285	73789	74070	7165350	7165074	3.43e-84	322
query	6	78.172	536	85172	85704	36160489	36159975	1.23e-83	320
query	6	83.287	359	85997	86351	150702	151046	5.74e-82	315
query	6	92.308	221	52855	53075	6268533	6268753	5.74e-82	315
query	6	82.609	368	57416	57775	23731237	23730874	5.74e-82	315
query	6	77.280	603	85105	85697	36777645	36778214	5.74e-82	315
query	6	76.948	629	84865	85469	723907	724510	2.06e-81	313
query	6	77.778	567	85137	85699	35659118	35658589	7.42e-81	311
query	6	74.643	840	85148	85960	36783308	36782511	9.60e-80	307
query	6	78.926	484	85221	85697	36817505	36817972	9.60e-80	307
query	6	75.836	658	85049	85699	1468447	1467818	4.47e-78	302
query	6	82.044	362	85993	86351	911277	910922	1.61e-77	300
query	6	75.723	692	85243	85908	36908300	36907635	1.61e-77	300
query	6	74.347	842	84875	85699	1956324	1955532	5.78e-77	298
query	6	86.786	280	73796	74072	30970400	30970133	5.78e-77	298
query	6	79.355	465	85254	85709	34419891	34420328	7.47e-76	294
query	6	83.036	336	19509	19839	6179939	6179613	2.69e-75	292
query	6	72.593	1153	85035	86124	1469922	1468803	9.67e-75	291
query	6	80.890	382	85975	86351	150378	150751	3.48e-74	289
query	6	86.194	268	59583	59849	11351477	11351742	1.25e-73	287
query	6	85.172	290	86030	86317	4935087	4934812	1.62e-72	283
query	6	84.642	293	86030	86317	1242997	1242711	5.82e-72	281
query	6	76.329	583	77710	78281	4837572	4838131	5.82e-72	281
query	6	88.696	230	52847	53075	26061102	26061331	2.09e-71	279
query	6	76.565	623	84785	85390	36160327	36159755	2.09e-71	279
query	6	76.167	600	85329	85908	36986741	36987320	2.09e-71	279
query	6	85.878	262	86524	86784	13754338	13754598	7.53e-71	278
query	6	88.889	225	52853	53077	24915280	24915056	7.53e-71	278
query	6	85.932	263	86524	86784	4175660	4175919	2.71e-70	276
query	6	86.275	255	86521	86774	35488793	35489046	2.71e-70	276
query	6	77.230	527	85810	86317	36986927	36987437	2.71e-70	276
query	6	73.605	932	84786	85699	3759474	3758616	9.74e-70	274
query	6	76.144	612	85329	85916	4935503	4934919	9.74e-70	274
query	6	89.091	220	52855	53074	15284068	15284287	9.74e-70	274
query	6	86.220	254	86524	86776	32153870	32153618	9.74e-70	274
query	6	80.105	382	85975	86351	37622603	37622229	9.74e-70	274
query	6	81.616	359	85997	86351	4935189	4934854	3.50e-69	272
query	6	84.892	278	73798	74072	16094158	16093888	3.50e-69	272
query	6	82.090	335	45508	45833	34343385	34343712	3.50e-69	272
query	6	85.551	263	86524	86784	35149057	35148797	3.50e-69	272
query	6	83.562	292	86519	86807	606706	606997	1.26e-68	270
query	6	86.275	255	86524	86775	6637260	6637510	1.26e-68	270
query	6	78.373	467	85298	85737	36161248	36160791	1.26e-68	270
query	6	82.812	320	86071	86386	36778498	36778803	1.26e-68	270
query	6	85.882	255	86525	86777	5616381	5616129	4.53e-68	268
query	6	85.714	259	86529	86784	23741075	23741330	4.53e-68	268
query	6	73.155	786	33392	34169	24681032	24681809	4.53e-68	268
query	6	88.444	225	52853	53077	28856146	28856367	4.53e-68	268
query	6	85.227	264	86524	86784	29848599	29848861	4.53e-68	268
query	6	73.670	733	34516	35238	31772645	31773370	4.53e-68	268
query	6	76.908	524	85810	86317	1468281	1467775	1.63e-67	267
query	6	81.899	337	45507	45833	21602325	21601998	1.63e-67	267
query	6	84.588	279	73796	74072	26228914	26229183	1.63e-67	267
query	6	89.041	219	52853	53071	27737899	27738111	1.63e-67	267
query	6	77.308	520	85248	85757	34423113	34422628	1.63e-67	267
query	6	73.835	837	85405	86198	36908291	36907484	1.63e-67	267
query	6	80.780	359	85997	86351	1243099	1242754	5.86e-67	265
query	6	83.916	286	19521	19803	2976116	2975838	5.86e-67	265
query	6	88.688	221	52855	53075	3883661	3883875	5.86e-67	265
query	6	81.657	338	45504	45832	12136848	12136521	2.11e-66	263
query	6	82.667	300	86514	86812	24995236	24994940	2.11e-66	263
query	6	81.493	335	56720	57046	30930486	30930814	2.11e-66	263
query	6	79.021	429	85781	86199	1955510	1955107	7.58e-66	261
query	6	84.586	266	86524	86787	4596676	4596414	2.73e-65	259
query	6	81.548	336	45507	45833	12141280	12140955	2.73e-65	259
query	6	82.188	320	19522	19839	29350448	29350145	2.73e-65	259
query	6	80.501	359	85997	86351	36987051	36987395	2.73e-65	259
query	6	75.753	631	84776	85390	150616	151197	9.81e-65	257
query	6	87.727	220	52856	53075	3959479	3959698	9.81e-65	257
query	6	84.387	269	86527	86793	4746297	4746034	9.81e-65	257
query	6	75.707	601	85329	85908	1243400	1242829	3.53e-64	255
query	6	72.761	815	34516	35319	18954867	18954063	3.53e-64	255
query	6	83.099	284	86523	86804	20855958	20855676	3.53e-64	255
query	6	72.500	840	33392	34222	25114875	25115705	3.53e-64	255
query	6	80.563	355	85049	85392	34292649	34292995	3.53e-64	255
query	6	88.018	217	52853	53069	35827864	35828079	3.53e-64	255
query	6	79.064	406	85000	85392	1469194	1468803	1.27e-63	254
query	6	80.802	349	86469	86803	19504173	19504513	1.27e-63	254
query	6	82.051	312	86471	86771	32127876	32128185	1.27e-63	254
query	6	75.556	630	84776	85390	911057	910477	4.56e-63	252
query	6	83.217	286	85997	86276	3758818	3758538	4.56e-63	252
query	6	84.030	263	86516	86777	7729608	7729870	4.56e-63	252
query	6	84.706	255	86524	86775	7912022	7911769	4.56e-63	252
query	6	84.556	259	86529	86784	14871409	14871153	4.56e-63	252
query	6	94.012	167	85824	85990	36159839	36159674	4.56e-63	252
query	6	82.699	289	86525	86810	37572398	37572113	4.56e-63	252
query	6	78.870	407	85000	85392	2002594	2002201	1.64e-62	250
query	6	80.896	335	86472	86795	4192025	4191696	1.64e-62	250
query	6	83.158	285	19542	19823	37463140	37462864	1.64e-62	250
query	6	83.643	269	71276	71542	27379245	27378980	5.90e-62	248
query	6	83.333	276	73799	74072	28439833	28440102	5.90e-62	248
query	6	79.515	371	85336	85699	35659153	35658794	5.90e-62	248
query	6	86.878	221	52855	53075	5827264	5827483	2.12e-61	246
query	6	86.207	232	73845	74072	626139	625912	7.63e-61	244
query	6	82.410	307	73786	74072	2369598	2369297	7.63e-61	244
query	6	84.314	255	86524	86775	26662370	26662621	7.63e-61	244
query	6	77.826	460	85990	86445	35350548	35350968	7.63e-61	244
query	6	92.814	167	85824	85990	910561	910395	2.75e-60	243
query	6	83.588	262	86525	86784	1311189	1311448	2.75e-60	243
query	6	83.588	262	86524	86784	5425080	5425339	2.75e-60	243
query	6	80.539	334	86472	86802	14481341	14481662	2.75e-60	243
query	6	82.253	293	85990	86276	30605124	30605410	2.75e-60	243
query	6	74.347	651	77084	77709	33411538	33410901	2.75e-60	243
query	6	80.357	336	86030	86361	37483052	37482727	2.75e-60	243
query	6	73.257	703	33392	34086	8192661	8193354	9.88e-60	241
query	6	87.324	213	85781	85990	35658238	35658026	9.88e-60	241
query	6	83.588	262	86525	86784	36460674	36460932	9.88e-60	241
query	6	82.437	279	86516	86793	30614214	30614488	3.55e-59	239
query	6	85.714	231	73845	74072	32512362	32512589	3.55e-59	239
query	6	83.333	264	86524	86784	33078690	33078430	3.55e-59	239
query	6	82.784	273	86524	86795	34726851	34727119	3.55e-59	239
query	6	92.216	167	85824	85990	1467751	1467585	1.28e-58	237
query	6	82.562	281	86514	86784	6716036	6715757	1.28e-58	237
query	6	76.763	482	85504	85966	34423092	34422628	1.28e-58	237
query	6	83.594	256	71291	71546	32892905	32893154	4.59e-58	235
query	6	90.055	181	52894	53074	34543760	34543580	4.59e-58	235
query	6	80.060	336	45508	45832	36878084	36877753	4.59e-58	235
query	6	86.854	213	85781	85990	2002333	2002124	1.65e-57	233
query	6	80.112	357	45509	45834	21597888	21597537	1.65e-57	233
query	6	83.333	270	73796	74063	26234331	26234585	1.65e-57	233
query	6	76.128	532	84875	85390	1244230	1243736	2.14e-56	230
query	6	80.480	333	45508	45833	5180000	5180312	2.14e-56	230
query	6	72.335	788	33392	34169	10440744	10441521	2.14e-56	230
query	6	83.142	261	19554	19812	33867797	33868049	2.14e-56	230
query	6	79.429	350	85993	86338	532089	531757	7.69e-56	228
query	6	77.941	408	85000	85390	1242997	1242603	7.69e-56	228
query	6	84.519	239	75404	75636	6494645	6494410	7.69e-56	228
query	6	80.317	315	19521	19831	29954090	29953784	7.69e-56	228
query	6	80.119	337	45504	45833	5184419	5184735	2.77e-55	226
query	6	80.120	332	85071	85392	35658424	35658106	2.77e-55	226
query	6	81.034	290	86516	86803	37213903	37213617	2.77e-55	226
query	6	86.634	202	52876	53077	1110641	1110842	9.95e-55	224
query	6	74.751	602	85329	85906	36817397	36817972	9.95e-55	224
query	6	86.473	207	45508	45709	2713590	2713385	3.58e-54	222
query	6	87.310	197	85781	85974	34292863	34293059	3.58e-54	222
query	6	81.081	296	86060	86351	36986816	36987100	3.58e-54	222
query	6	92.857	154	85824	85976	1243820	1243669	1.29e-53	220
query	6	89.655	174	45508	45681	1365869	1366041	1.29e-53	220
query	6	77.531	405	85000	85390	1468059	1467667	1.29e-53	220
query	6	72.562	933	84785	85699	28905492	28904634	1.29e-53	220
query	6	88.172	186	52855	53040	34543935	34543751	1.29e-53	220
query	6	74.667	600	85329	85906	36777642	36778214	1.29e-53	220
query	6	82.609	253	71295	71546	32894142	32893894	4.63e-53	219
query	6	87.766	188	52897	53084	35557888	35557702	4.63e-53	219
query	6	72.756	936	84785	85703	36985492	36986339	4.63e-53	219
query	6	92.258	155	85823	85976	1468890	1468738	1.66e-52	217
query	6	83.133	249	75400	75643	1770326	1770568	1.66e-52	217
query	6	84.071	226	52855	53080	19080408	19080632	1.66e-52	217
query	6	83.613	238	86044	86276	2955041	2954809	5.99e-52	215
query	6	79.070	344	76738	77065	27420598	27420263	5.99e-52	215
query	6	78.142	366	85989	86351	37483307	37482960	2.15e-51	213
query	6	81.022	274	86514	86784	24565166	24565434	7.74e-51	211
query	6	78.070	342	85993	86332	36160481	36160145	2.78e-50	209
query	6	84.689	209	52867	53075	15739921	15740127	1.00e-49	207
query	6	75.000	600	85172	85737	27398847	27398289	1.00e-49	207
query	6	85.437	206	85788	85988	35589196	35588995	3.60e-49	206
query	6	74.916	598	85172	85737	35700653	35701209	3.60e-49	206
query	6	81.053	285	85997	86276	36782828	36782562	3.60e-49	206
query	6	74.168	631	84775	85390	4067051	4067633	1.30e-48	204
query	6	91.275	149	52853	53001	28856511	28856363	1.30e-48	204
query	6	88.690	168	71295	71462	31420139	31419973	1.30e-48	204
query	6	81.749	263	75400	75648	34421632	34421890	1.30e-48	204
query	6	82.490	257	75402	75643	35701264	35701016	1.30e-48	204
query	6	82.101	257	75402	75643	35860947	35861201	1.30e-48	204
query	6	75.792	442	85243	85680	1468478	1468057	4.66e-48	202
query	6	78.882	322	19519	19839	4415428	4415733	4.66e-48	202
query	6	83.556	225	73845	74066	10815534	10815751	4.66e-48	202
query	6	83.043	230	73845	74072	10814433	10814654	1.68e-47	200
query	6	83.710	221	73796	74013	28445524	28445737	1.68e-47	200
query	6	82.008	239	86557	86794	11454860	11454626	6.03e-47	198
query	6	83.871	217	45504	45717	13141627	13141418	6.03e-47	198
query	6	86.885	183	85808	85990	28904513	28904338	6.03e-47	198
query	6	73.966	653	84776	85390	36778156	36778774	6.03e-47	198
query	6	74.635	548	84776	85314	36160261	36159755	2.17e-46	196
query	6	85.946	185	85808	85990	3150996	3151179	7.80e-46	195
query	6	81.467	259	75400	75643	27398232	27398483	2.80e-45	193
query	6	81.323	257	75400	75643	35670886	35671138	2.80e-45	193
query	6	94.400	125	85823	85946	36160915	36160791	1.01e-44	191
query	6	91.429	140	85808	85946	36986310	36986449	1.01e-44	191
query	6	83.732	209	45508	45713	4257955	4257753	3.63e-44	189
query	6	80.755	265	75400	75648	35407771	35408032	3.63e-44	189
query	6	84.080	201	86144	86341	37483460	37483262	3.63e-44	189
query	6	82.328	232	86091	86317	36818205	36818425	1.30e-43	187
query	6	80.769	260	75400	75643	726297	726553	4.69e-43	185
query	6	80.769	260	75400	75643	1203713	1203457	4.69e-43	185
query	6	84.737	190	86089	86276	34422870	34422685	4.69e-43	185
query	6	80.534	262	75402	75648	34753507	34753249	4.69e-43	185
query	6	74.152	619	85172	85752	35632253	35631675	4.69e-43	185
query	6	81.659	229	73845	74072	19352097	19352317	6.07e-42	182
query	6	82.629	213	45504	45713	23198891	23199097	2.18e-41	180
query	6	88.435	147	77085	77230	17315457	17315602	2.82e-40	176
query	6	81.116	233	73845	74072	19353410	19353635	2.82e-40	176
query	6	85.549	173	86147	86317	36778498	36778666	2.82e-40	176
query	6	86.709	158	85808	85964	3758640	3758484	1.02e-39	174
query	6	77.301	326	86132	86446	4496304	4495988	1.02e-39	174
query	6	81.735	219	45504	45719	29038917	29038707	3.65e-39	172
query	6	80.603	232	73845	74072	1385425	1385650	1.31e-38	171
query	6	75.000	456	85098	85540	34423114	34422689	1.31e-38	171
query	6	71.654	949	84783	85703	36161777	36160901	1.31e-38	171
query	6	80.081	246	75410	75643	36651908	36652151	1.31e-38	171
query	6	79.151	259	71289	71545	31337289	31337537	4.73e-38	169
query	6	78.906	256	71289	71542	36605393	36605141	4.73e-38	169
query	6	79.339	242	86525	86764	1362985	1362746	1.70e-37	167
query	6	80.252	238	19541	19771	16198036	16198266	1.70e-37	167
query	6	82.524	206	75441	75631	36540076	36539871	1.70e-37	167
query	6	78.599	257	71292	71547	1454838	1455089	6.11e-37	165
query	6	79.167	264	75400	75648	3732847	3732588	6.11e-37	165
query	6	79.253	241	19519	19756	7894788	7894555	2.84e-35	159
query	6	78.125	288	86071	86351	28904834	28904566	2.84e-35	159
query	6	94.118	102	45508	45609	1924839	1924940	3.68e-34	156
query	6	87.050	139	75499	75636	27398651	27398788	3.68e-34	156
query	6	78.077	260	71291	71542	31418925	31419183	3.68e-34	156
query	6	88.462	130	85570	85699	36778497	36778624	3.68e-34	156
query	6	79.221	231	73845	74073	7349658	7349882	1.32e-33	154
query	6	80.734	218	45508	45719	29039849	29039643	1.32e-33	154
query	6	82.447	188	86167	86351	36818205	36818383	1.32e-33	154
query	6	89.600	125	53597	53719	4179217	4179099	4.76e-33	152
query	6	90.435	115	58706	58819	15518192	15518078	1.71e-32	150
query	6	75.000	420	85300	85685	25601551	25601956	1.71e-32	150
query	6	82.184	174	52893	53066	34263618	34263445	1.71e-32	150
query	6	88.095	126	56441	56566	30078092	30078215	6.16e-32	148
query	6	86.131	137	75500	75636	35700847	35700712	2.21e-31	147
query	6	77.395	261	71290	71542	36604256	36604515	2.21e-31	147
query	6	81.818	187	86167	86351	36778447	36778624	2.21e-31	147
query	6	82.184	174	59704	59875	37023238	37023067	2.21e-31	147
query	6	88.430	121	60040	60159	21769618	21769737	7.97e-31	145
query	6	79.724	217	86051	86261	25601748	25601956	7.97e-31	145
query	6	82.486	177	76743	76910	31021006	31020833	7.97e-31	145
query	6	87.023	131	85570	85699	36818255	36818383	7.97e-31	145
query	6	82.249	169	86138	86304	722827	722994	2.86e-30	143
query	6	78.571	252	75402	75634	37598862	37599105	1.03e-29	141
query	6	72.897	535	85801	86316	29926905	29927408	3.71e-29	139
query	6	81.977	172	19518	19688	35680801	35680966	3.71e-29	139
query	6	83.125	160	85818	85975	35631812	35631661	1.33e-28	137
query	6	84.138	145	86220	86361	37483460	37483316	1.33e-28	137
query	6	90.385	104	85842	85945	5738008	5737906	4.79e-28	135
query	6	86.614	127	85788	85908	150922	151046	1.72e-27	134
query	6	76.727	275	85472	85736	5738168	5737906	1.72e-27	134
query	6	87.500	120	85824	85943	36778690	36778803	1.72e-27	134
query	6	79.602	201	76740	76932	17315510	17315705	6.20e-27	132
query	6	74.526	369	85594	85943	36818209	36818562	2.23e-26	130
query	6	95.062	81	27127	27207	14356999	14356919	8.02e-26	128
query	6	86.441	118	62417	62533	11393962	11394076	2.89e-25	126
query	6	73.653	334	33755	34086	18285176	18285507	2.89e-25	126
query	6	86.957	115	9230	9343	22053789	22053678	2.89e-25	126
query	6	80.556	180	75400	75565	34546693	34546872	2.89e-25	126
query	6	78.166	229	54575	54795	4322148	4321936	1.04e-24	124
query	6	83.444	151	77088	77227	26622045	26622189	1.04e-24	124
query	6	86.207	116	85804	85918	37622113	37621999	1.04e-24	124
query	6	83.846	130	85571	85699	722837	722965	3.73e-24	122
query	6	84.921	126	84868	84989	26389192	26389069	3.73e-24	122
query	6	77.406	239	85160	85390	27398551	27398327	3.73e-24	122
query	6	85.039	127	85788	85908	36987271	36987395	3.73e-24	122
query	6	87.736	106	85804	85908	1242857	1242754	1.34e-23	121
query	6	82.857	140	86307	86444	24567198	24567063	1.34e-23	121
query	6	77.311	238	85160	85390	35700948	35701171	1.34e-23	121
query	6	83.333	132	86220	86349	32958130	32958001	4.83e-23	119
query	6	85.965	114	75499	75611	5232671	5232562	1.74e-22	117
query	6	79.444	180	76740	76910	37555765	37555589	1.74e-22	117
query	6	88.000	100	85810	85908	1467915	1467818	6.25e-22	115
query	6	87.255	102	84895	84995	8751629	8751528	6.25e-22	115
query	6	75.082	305	86071	86363	27398751	27398465	6.25e-22	115
query	6	78.421	190	86165	86351	29926831	29927014	6.25e-22	115
query	6	88.421	95	58335	58429	30078220	30078314	6.25e-22	115
query	6	74.699	332	85468	85787	30108049	30108357	6.25e-22	115
query	6	75.547	274	85990	86262	36778645	36778898	6.25e-22	115
query	6	86.667	105	85804	85906	32958103	32958001	2.25e-21	113
query	6	77.889	199	76741	76932	1770883	1771074	8.08e-21	111
query	6	76.856	229	70768	70991	4322148	4321936	2.91e-20	110
query	6	81.752	137	85990	86124	34292863	34292995	2.91e-20	110
query	6	83.065	124	9231	9353	34571626	34571505	2.91e-20	110
query	6	83.740	123	85781	85898	37483382	37483262	2.91e-20	110
query	6	83.898	118	84877	84989	3911122	3911238	1.05e-19	108
query	6	82.443	131	86068	86198	34421848	34421725	1.05e-19	108
query	6	83.761	117	84877	84989	34471281	34471166	3.76e-19	106
query	6	75.081	309	85102	85390	35861326	35861040	3.76e-19	106
query	6	80.882	136	85990	86124	2002333	2002201	1.35e-18	104
query	6	76.577	222	76740	76950	30147788	30147575	1.35e-18	104
query	6	74.434	309	86068	86363	35700745	35701034	1.35e-18	104
query	6	81.022	137	85776	85908	1955665	1955532	4.86e-18	102
query	6	81.679	131	85260	85390	34421848	34421725	4.86e-18	102
query	6	76.068	234	86055	86275	27398700	27398477	1.75e-17	100
query	6	80.597	134	85990	86122	36159885	36159755	1.75e-17	100
query	6	78.109	201	75451	75635	37758941	37759128	1.75e-17	100
query	6	80.147	136	85990	86124	35658238	35658106	6.29e-17	99.0
query	6	83.333	114	85594	85706	36778451	36778557	6.29e-17	99.0
query	6	81.203	133	86068	86198	726515	726393	2.26e-16	97.1
query	6	80.882	136	85999	86122	35701036	35701171	2.26e-16	97.1
query	6	81.203	133	86068	86198	35701048	35701171	2.26e-16	97.1
query	6	81.203	133	86068	86198	35861163	35861040	2.26e-16	97.1
query	6	82.258	124	86068	86188	36539899	36540013	2.26e-16	97.1
query	6	79.851	134	85990	86122	151067	151197	8.14e-16	95.3
query	6	79.851	134	85990	86122	910607	910477	8.14e-16	95.3
query	6	80.000	135	85990	86122	1242733	1242603	8.14e-16	95.3
query	6	80.147	136	85990	86122	1243866	1243736	8.14e-16	95.3
query	6	89.474	76	86283	86358	5232872	5232946	8.14e-16	95.3
query	6	82.353	119	85800	85915	36818204	36818316	8.14e-16	95.3
query	6	93.750	64	86136	86198	37599017	37598954	8.14e-16	95.3
query	6	80.451	133	86068	86198	1203495	1203617	1.05e-14	91.6
query	6	82.456	114	86068	86180	1770530	1770426	1.05e-14	91.6
query	6	87.500	80	85836	85915	5232868	5232946	1.05e-14	91.6
query	6	82.692	104	75507	75609	5741658	5741760	1.05e-14	91.6
query	6	80.292	137	85999	86122	27398463	27398327	1.05e-14	91.6
query	6	91.176	68	86132	86198	27398393	27398327	1.05e-14	91.6
query	6	74.733	281	85102	85364	1770693	1770434	3.79e-14	89.8
query	6	79.577	142	52936	53077	3942613	3942486	3.79e-14	89.8
query	6	79.104	134	85990	86122	4067503	4067633	3.79e-14	89.8
query	6	75.214	234	86055	86275	35700799	35701022	3.79e-14	89.8
query	6	80.303	132	85260	85388	36539899	36540021	3.79e-14	89.8
query	6	81.356	118	85800	85915	36778446	36778557	3.79e-14	89.8
query	6	79.688	128	85997	86122	1467790	1467667	1.36e-13	87.9
query	6	79.021	143	86068	86209	3732630	3732762	1.36e-13	87.9
query	6	80.328	122	86044	86163	5232612	5232730	1.36e-13	87.9
query	6	81.416	113	85323	85433	5232622	5232730	1.36e-13	87.9
query	6	74.694	245	76740	76968	26622093	26622330	1.36e-13	87.9
query	6	88.000	75	86125	86198	34546861	34546787	1.36e-13	87.9
query	6	90.909	66	86132	86196	35407932	35407868	1.36e-13	87.9
query	6	79.104	134	85989	86122	34421850	34421725	4.90e-13	86.1
query	6	89.706	68	85324	85390	34753349	34753415	4.90e-13	86.1
query	6	89.706	68	86056	86122	34753349	34753415	4.90e-13	86.1
query	6	89.706	68	86132	86198	34753349	34753415	4.90e-13	86.1
query	6	75.113	221	76740	76948	35794162	35793949	4.90e-13	86.1
query	6	75.107	233	85160	85380	36652219	36652001	4.90e-13	86.1
query	6	80.488	123	86068	86188	36652113	36652001	1.76e-12	84.2
query	6	90.625	64	86060	86122	37599017	37598954	1.76e-12	84.2
query	6	90.625	64	85328	85390	37599017	37598954	1.76e-12	84.2
query	6	73.701	308	85102	85390	726678	726393	6.33e-12	82.4
query	6	88.406	69	86131	86198	5232622	5232689	6.33e-12	82.4
query	6	77.500	160	85840	85996	30108210	30108357	6.33e-12	82.4
query	6	84.524	84	85842	85923	4496304	4496222	2.28e-11	80.5
query	6	89.231	65	85317	85380	34546861	34546797	2.28e-11	80.5
query	6	90.323	62	86138	86198	37759045	37758984	2.28e-11	80.5
query	6	90.323	62	85330	85390	37759045	37758984	2.28e-11	80.5
query	6	89.062	64	86056	86118	35407932	35407870	8.19e-11	78.7
query	6	91.379	58	86056	86112	35861106	35861050	8.19e-11	78.7
query	6	77.551	147	85970	86112	36652139	36652001	8.19e-11	78.7
query	6	86.301	73	86051	86122	726463	726393	2.95e-10	76.8
query	6	86.957	69	85323	85390	1203550	1203617	2.95e-10	76.8
query	6	86.957	69	86055	86122	1203550	1203617	2.95e-10	76.8
query	6	77.622	143	85260	85401	3732630	3732762	2.95e-10	76.8
query	6	88.889	63	86051	86112	34546859	34546797	2.95e-10	76.8
query	6	87.879	66	85324	85388	35407932	35407868	2.95e-10	76.8
query	6	83.750	80	86055	86133	3732686	3732762	3.81e-09	73.1
query	6	79.279	111	86242	86351	29926831	29926936	3.81e-09	73.1
query	6	89.831	59	86056	86112	36539956	36540013	3.81e-09	73.1
query	6	89.286	56	75499	75554	150953	150898	1.37e-08	71.3
query	6	87.097	62	85638	85699	722827	722888	1.37e-08	71.3
query	6	83.784	74	85317	85390	5741705	5741632	1.37e-08	71.3
query	6	95.455	44	86136	86179	6494503	6494546	1.37e-08	71.3
query	6	79.798	99	85990	86088	35350768	35350864	1.37e-08	71.3
query	6	87.097	62	85848	85908	722827	722888	4.93e-08	69.4
query	6	93.478	46	71434	71479	3650849	3650804	4.93e-08	69.4
query	6	90.566	53	85912	85964	6730325	6730274	4.93e-08	69.4
query	6	89.286	56	86297	86351	32958130	32958075	4.93e-08	69.4
query	6	89.286	56	75499	75554	36907728	36907782	4.93e-08	69.4
query	6	87.097	62	86062	86122	37759045	37758984	4.93e-08	69.4
query	6	89.091	55	75500	75554	4067463	4067410	1.77e-07	67.6
query	6	86.885	61	86125	86184	5741705	5741646	1.77e-07	67.6
query	6	84.722	72	86025	86096	1770498	1770434	6.38e-07	65.8
query	6	91.489	47	86062	86108	5741692	5741646	6.38e-07	65.8
query	6	93.182	44	85328	85371	6494503	6494546	6.38e-07	65.8
query	6	93.182	44	86060	86103	6494503	6494546	6.38e-07	65.8
query	6	100.000	35	85703	85737	6730325	6730291	6.38e-07	65.8
query	6	100.000	35	86231	86265	24567198	24567164	6.38e-07	65.8
query	6	84.058	69	77127	77193	30147798	30147730	6.38e-07	65.8
query	6	87.500	56	75499	75554	36987302	36987247	6.38e-07	65.8
query	6	87.500	56	75499	75554	1243978	1244032	2.29e-06	63.9
query	5	75.217	1610	32643	34234	10309329	10307750	0.0	719
query	5	75.450	1446	32804	34234	7995129	7993698	0.0	676
query	5	82.817	710	57090	57775	6254891	6255595	2.35e-170	608
query	5	81.423	759	84785	85536	29215944	29215223	5.12e-162	580
query	5	80.990	768	84776	85540	25524799	25525527	3.08e-159	571
query	5	79.027	925	84797	85709	30585936	30585085	3.11e-154	555
query	5	78.791	877	85137	85990	25524763	25525611	2.42e-150	542
query	5	76.227	1161	84867	85990	30586033	30584939	1.13e-143	520
query	5	77.921	933	84867	85781	32490665	32489789	5.27e-142	514
query	5	74.928	1388	84655	85982	23837679	23836373	3.17e-139	505
query	5	75.856	1139	84890	85990	31792552	31791462	4.10e-138	501
query	5	76.813	979	85044	85990	462444	463384	1.15e-133	486
query	5	76.266	1066	84743	85781	31792460	31791462	5.35e-132	481
query	5	79.167	744	85051	85781	32093277	32093993	1.92e-131	479
query	5	91.988	337	59539	59875	6276706	6277039	1.16e-128	470
query	5	91.176	340	59537	59875	455557	455892	9.01e-125	457
query	5	91.818	330	59537	59864	1933817	1933491	3.24e-124	455
query	5	81.565	575	85210	85781	24044880	24044324	3.24e-124	455
query	5	92.025	326	59537	59861	30262437	30262760	3.24e-124	455
query	5	92.722	316	59539	59854	2658947	2658635	1.17e-123	453
query	5	91.667	324	59537	59860	3296974	3296656	7.01e-121	444
query	5	84.130	460	85990	86445	29215577	29215121	3.26e-119	438
query	5	76.273	982	84782	85738	28841791	28840883	1.52e-117	433
query	5	79.027	658	85049	85699	25524744	25525379	9.14e-115	424
query	5	89.552	335	59539	59873	6783852	6783521	3.29e-114	422
query	5	75.665	1015	84782	85781	30585876	30584939	3.29e-114	422
query	5	90.373	322	59539	59860	23733518	23733201	1.18e-113	420
query	5	81.047	554	84996	85540	24044946	24044408	1.18e-113	420
query	5	73.233	1259	32983	34224	25745245	25746476	4.25e-113	418
query	5	89.634	328	59537	59864	833486	833161	1.53e-112	416
query	5	91.391	302	59564	59864	30453176	30452877	7.11e-111	411
query	5	76.148	893	85122	85990	24564640	24565489	9.20e-110	407
query	5	88.923	325	59537	59861	16934578	16934898	5.54e-107	398
query	5	77.924	684	85040	85698	20072697	20073366	9.27e-105	390
query	5	77.128	752	85049	85781	28810695	28809980	4.31e-103	385
query	5	75.186	943	85034	85947	28841788	28840883	4.31e-103	385
query	5	82.543	464	85990	86445	30585373	30584927	4.31e-103	385
query	5	75.281	979	84821	85782	25588622	25587718	1.55e-102	383
query	5	75.049	1026	84999	85990	28841227	28840271	5.58e-102	381
query	5	88.162	321	59537	59857	8956680	8956363	2.01e-101	379
query	5	77.810	685	85780	86445	32490433	32489777	2.01e-101	379
query	5	89.597	298	59564	59861	17836652	17836356	7.21e-101	377
query	5	75.376	865	84867	85711	25588749	25587930	9.40e-95	357
query	5	87.066	317	59537	59850	26563279	26563593	1.22e-93	353
query	5	75.532	846	84867	85684	23281380	23280577	4.37e-93	351
query	5	75.469	799	85137	85921	30585994	30585230	2.03e-91	346
query	5	89.455	275	59537	59810	21851462	21851191	7.32e-91	344
query	5	78.269	566	85141	85699	29215909	29215369	4.40e-88	335
query	5	73.647	1127	84667	85781	25654101	25653079	2.05e-86	329
query	5	77.575	602	85329	85908	25524722	25525304	2.65e-85	326
query	5	75.239	836	84875	85684	28971217	28970439	1.23e-83	320
query	5	75.587	766	85035	85781	24564773	24565489	1.60e-82	316
query	5	73.166	1118	84875	85947	28841560	28840498	7.42e-81	311
query	5	75.227	771	84874	85625	28841789	28841059	7.42e-81	311
query	5	92.558	215	59636	59850	21173378	21173591	9.60e-80	307
query	5	83.008	359	85997	86351	25525036	25525379	9.60e-80	307
query	5	93.237	207	52853	53059	22001666	22001872	3.45e-79	305
query	5	88.400	250	86524	86771	9581760	9582007	5.78e-77	298
query	5	87.356	261	86525	86784	24565930	24565670	5.78e-77	298
query	5	80.890	382	85975	86351	25524712	25525085	3.48e-74	289
query	5	85.921	277	73796	74069	16102147	16101879	4.50e-73	285
query	5	85.211	284	86514	86795	18080008	18079730	4.50e-73	285
query	5	86.312	263	86524	86784	13126253	13126513	1.62e-72	283
query	5	81.586	353	85990	86336	462665	463012	5.82e-72	281
query	5	83.819	309	19543	19847	9786570	9786273	2.09e-71	279
query	5	85.985	264	86524	86784	4470954	4470693	7.53e-71	278
query	5	82.249	338	45508	45833	10695965	10695633	2.71e-70	276
query	5	89.450	218	52856	53072	9196892	9196676	9.74e-70	274
query	5	82.143	336	85993	86318	20072923	20073253	9.74e-70	274
query	5	77.666	497	85214	85703	24044950	24044478	9.74e-70	274
query	5	85.000	280	73796	74072	27754489	27754218	9.74e-70	274
query	5	81.765	340	45503	45833	1413942	1414276	3.50e-69	272
query	5	86.694	248	86539	86784	14756814	14756569	3.50e-69	272
query	5	85.551	263	86524	86784	21037708	21037968	3.50e-69	272
query	5	85.496	262	86524	86784	4817844	4818102	1.26e-68	270
query	5	85.551	263	86524	86784	10273316	10273575	1.26e-68	270
query	5	84.229	279	86525	86802	27427987	27427710	1.26e-68	270
query	5	84.588	279	73796	74072	63174	62904	4.53e-68	268
query	5	73.189	787	33392	34169	26240537	26239760	4.53e-68	268
query	5	84.698	281	73796	74072	27759034	27758763	4.53e-68	268
query	5	84.420	276	86515	86788	25926399	25926671	1.63e-67	267
query	5	84.962	266	86521	86784	31724951	31725214	1.63e-67	267
query	5	84.286	280	73796	74073	5497373	5497644	5.86e-67	265
query	5	85.227	264	86524	86784	24480008	24480267	5.86e-67	265
query	5	87.719	228	52849	53074	28105250	28105023	5.86e-67	265
query	5	82.407	324	19524	19839	29671121	29670809	5.86e-67	265
query	5	81.232	341	45504	45835	1418382	1418717	2.11e-66	263
query	5	82.099	324	19521	19839	6330787	6330475	2.11e-66	263
query	5	80.726	358	86472	86813	6072045	6071691	7.58e-66	261
query	5	85.375	253	86524	86775	14092153	14091901	7.58e-66	261
query	5	87.446	231	73845	74072	18045021	18044794	7.58e-66	261
query	5	83.333	288	85990	86275	32093629	32093913	7.58e-66	261
query	5	85.600	250	86524	86771	24449912	24449665	2.73e-65	259
query	5	77.852	447	85277	85712	25464752	25465189	2.73e-65	259
query	5	84.133	271	86524	86793	29919850	29919583	2.73e-65	259
query	5	83.275	287	86524	86804	17559433	17559718	9.81e-65	257
query	5	79.570	372	85991	86358	19279341	19279706	9.81e-65	257
query	5	72.901	786	33392	34169	24058184	24058961	9.81e-65	257
query	5	81.212	330	86024	86346	26161053	26161380	9.81e-65	257
query	5	85.259	251	71292	71542	23770875	23770629	3.53e-64	255
query	5	87.013	231	73845	74072	24497494	24497267	3.53e-64	255
query	5	83.158	285	86524	86805	8898544	8898264	1.27e-63	254
query	5	82.759	290	59556	59843	24449949	24449663	1.27e-63	254
query	5	88.426	216	85781	85990	28810194	28809980	1.27e-63	254
query	5	82.534	292	86524	86814	31169563	31169852	1.27e-63	254
query	5	81.009	337	45508	45839	17898391	17898714	4.56e-63	252
query	5	89.447	199	52861	53059	28983080	28983278	4.56e-63	252
query	5	87.168	226	52853	53078	6295247	6295029	1.64e-62	250
query	5	84.151	265	86524	86784	11003848	11003588	1.64e-62	250
query	5	84.436	257	71291	71546	13998436	13998689	1.64e-62	250
query	5	86.580	231	73845	74072	23660145	23659918	1.64e-62	250
query	5	84.030	263	86524	86784	32228178	32228436	5.90e-62	248
query	5	82.394	284	86524	86806	30968511	30968228	2.12e-61	246
query	5	83.908	261	86514	86771	3539959	3539701	7.63e-61	244
query	5	82.034	295	86524	86814	28836015	28835724	7.63e-61	244
query	5	79.275	386	85021	85392	32490241	32489869	7.63e-61	244
query	5	83.650	263	86524	86784	2474575	2474316	2.75e-60	243
query	5	81.849	292	59559	59849	28836047	28835759	2.75e-60	243
query	5	84.252	254	71291	71542	31484238	31483989	2.75e-60	243
query	5	83.650	263	86514	86772	11062235	11062494	9.88e-60	241
query	5	83.333	264	86524	86786	25660427	25660166	9.88e-60	241
query	5	82.963	270	86525	86793	30262911	30263177	9.88e-60	241
query	5	83.270	263	86512	86771	4554334	4554595	3.55e-59	239
query	5	81.311	305	86478	86778	26719094	26718796	3.55e-59	239
query	5	81.395	301	86516	86815	18971545	18971254	1.28e-58	237
query	5	85.903	227	52849	53075	20769816	20770036	1.28e-58	237
query	5	82.847	274	59576	59841	23479305	23479034	1.28e-58	237
query	5	83.721	258	86524	86779	24004770	24005021	1.28e-58	237
query	5	81.911	293	85990	86276	28810347	28810061	1.28e-58	237
query	5	79.882	338	19518	19850	954301	954630	4.59e-58	235
query	5	82.639	288	86524	86806	1149117	1149388	4.59e-58	235
query	5	88.060	201	73874	74072	5530313	5530114	4.59e-58	235
query	5	80.000	350	45507	45832	2003236	2003582	1.65e-57	233
query	5	80.122	327	86470	86792	29072243	29072559	5.94e-57	231
query	5	75.313	559	77711	78259	21255541	21255018	2.77e-55	226
query	5	72.601	938	84786	85699	23281066	23280195	2.77e-55	226
query	5	72.005	843	33395	34223	12025211	12024383	9.95e-55	224
query	5	85.915	213	85781	85990	32490001	32489789	9.95e-55	224
query	5	74.326	631	84776	85390	19279103	19279700	3.58e-54	222
query	5	83.012	259	75400	75643	31683008	31682752	4.63e-53	219
query	5	85.915	213	45508	45713	9140648	9140856	1.66e-52	217
query	5	81.053	285	19518	19799	23221539	23221815	1.66e-52	217
query	5	82.540	252	71291	71542	23769806	23770051	1.66e-52	217
query	5	74.069	698	84863	85536	25654001	25653356	1.66e-52	217
query	5	80.130	307	86055	86349	31140619	31140315	1.66e-52	217
query	5	82.591	247	86529	86772	16763790	16763545	5.99e-52	215
query	5	72.534	943	84785	85703	28811000	28810134	5.99e-52	215
query	5	84.545	220	52856	53075	17997866	17997653	2.15e-51	213
query	5	88.202	178	71287	71464	22665130	22665307	2.15e-51	213
query	5	85.047	214	52855	53068	24677509	24677716	2.15e-51	213
query	5	82.645	242	86524	86762	11997529	11997291	2.78e-50	209
query	5	84.722	216	45504	45713	9141521	9141309	1.00e-49	207
query	5	87.027	185	86524	86708	28868460	28868277	1.00e-49	207
query	5	84.038	213	86524	86735	1139467	1139679	1.30e-48	204
query	5	87.931	174	45508	45681	15256162	15256334	1.30e-48	204
query	5	82.591	247	75400	75631	20365543	20365297	1.30e-48	204
query	5	84.541	207	85569	85773	23836575	23836373	1.68e-47	200
query	5	88.820	161	52914	53074	18205244	18205404	6.03e-47	198
query	5	80.000	285	78031	78311	32118519	32118794	6.03e-47	198
query	5	83.962	212	86580	86788	6596326	6596119	2.17e-46	196
query	5	78.571	336	45508	45836	1150732	1150419	7.80e-46	195
query	5	83.486	218	45504	45717	17901880	17902092	7.80e-46	195
query	5	86.111	180	85812	85991	25587897	25587718	7.80e-46	195
query	5	80.916	262	85446	85699	26161053	26161309	7.80e-46	195
query	5	80.545	257	71291	71546	13999813	13999561	2.80e-45	193
query	5	74.229	551	84776	85314	19279179	19279700	2.80e-45	193
query	5	87.654	162	52853	53014	4074783	4074622	3.63e-44	189
query	5	79.661	295	85109	85392	30585297	30585018	3.63e-44	189
query	5	81.028	253	75406	75648	32092792	32092544	3.63e-44	189
query	5	85.792	183	19509	19688	17449739	17449917	1.30e-43	187
query	5	73.710	620	85035	85625	28841262	28840674	1.30e-43	187
query	5	80.303	264	75400	75648	3533958	3534218	1.69e-42	183
query	5	85.405	185	45530	45711	28418633	28418455	1.69e-42	183
query	5	78.595	299	76739	77031	31532089	31532377	1.69e-42	183
query	5	77.198	364	85993	86351	21680696	21681028	2.18e-41	180
query	5	81.385	231	86521	86750	25239244	25239466	2.18e-41	180
query	5	76.901	355	85993	86345	25588580	25588247	2.18e-41	180
query	5	89.583	144	77088	77230	31532341	31532482	2.18e-41	180
query	5	89.041	146	75499	75643	21701615	21701757	7.85e-41	178
query	5	79.923	259	75400	75643	21702944	21703201	2.82e-40	176
query	5	87.342	158	45504	45661	28414203	28414051	2.82e-40	176
query	5	81.034	232	73845	74072	8271610	8271833	1.02e-39	174
query	5	81.900	221	85776	85990	25653292	25653079	1.02e-39	174
query	5	82.759	203	45508	45707	1346131	1346327	3.65e-39	172
query	5	73.559	590	85172	85736	20364933	20365485	4.73e-38	169
query	5	80.603	232	73845	74072	25242614	25242838	4.73e-38	169
query	5	79.681	251	75400	75636	28753702	28753454	1.70e-37	167
query	5	70.849	789	33392	34169	20324866	20324086	6.11e-37	165
query	5	78.007	291	86125	86405	25272499	25272222	7.91e-36	161
query	5	78.927	261	75404	75648	24740719	24740976	2.84e-35	159
query	5	78.014	282	85394	85666	28970385	28970114	2.84e-35	159
query	5	74.583	480	85472	85908	31140624	31140157	2.84e-35	159
query	5	78.927	261	75401	75644	22592452	22592708	1.02e-34	158
query	5	79.654	231	73845	74072	26869141	26869365	1.02e-34	158
query	5	85.621	153	45508	45659	5327171	5327024	3.68e-34	156
query	5	88.281	128	52851	52978	32268325	32268198	1.32e-33	154
query	5	79.487	234	73845	74072	26870487	26870711	4.76e-33	152
query	5	80.374	214	45508	45719	18986814	18987015	1.71e-32	150
query	5	78.088	251	21606	21851	4827209	4827452	6.16e-32	148
query	5	79.039	229	73845	74069	7642953	7643175	6.16e-32	148
query	5	79.565	230	75427	75643	25949550	25949774	6.16e-32	148
query	5	78.855	227	73845	74066	22381976	22382195	2.86e-30	143
query	5	86.466	133	73940	74072	24350909	24351038	2.86e-30	143
query	5	75.127	394	85160	85533	24533471	24533838	2.86e-30	143
query	5	87.603	121	63851	63971	13610128	13610248	1.03e-29	141
query	5	84.211	152	75499	75648	24533680	24533534	1.03e-29	141
query	5	77.091	275	86125	86389	24533625	24533885	1.33e-28	137
query	5	84.247	146	75500	75643	25272445	25272586	1.33e-28	137
query	5	78.279	244	75404	75636	25648545	25648777	1.33e-28	137
query	5	89.091	110	73963	74072	23727068	23726961	4.79e-28	135
query	5	77.778	234	73845	74073	24369231	24369455	6.20e-27	132
query	5	89.320	103	85806	85908	20072874	20072976	2.23e-26	130
query	5	83.099	142	85836	85976	20365375	20365515	8.02e-26	128
query	5	85.827	127	85788	85908	25525255	25525379	8.02e-26	128
query	5	77.068	266	75400	75648	31758815	31758561	8.02e-26	128
query	5	90.000	100	9232	9330	1796376	1796473	2.89e-25	126
query	5	83.942	137	75499	75632	25648946	25649080	2.89e-25	126
query	5	80.682	176	76740	76906	3535729	3535900	1.04e-24	124
query	5	72.346	405	33768	34171	6566226	6565825	1.04e-24	124
query	5	73.864	352	76886	77230	23676279	23675939	1.04e-24	124
query	5	78.082	219	75402	75607	26206453	26206237	1.04e-24	124
query	5	85.965	114	58333	58446	6401181	6401294	3.73e-24	122
query	5	73.684	456	85103	85533	25272705	25272284	3.73e-24	122
query	5	86.607	112	63857	63968	31772016	31771906	3.73e-24	122
query	5	87.619	105	85804	85908	29215472	29215369	1.34e-23	121
query	5	88.000	100	56467	56565	28480917	28481016	1.74e-22	117
query	5	86.486	111	84869	84976	31761030	31760922	1.74e-22	117
query	5	79.661	177	75400	75562	23208637	23208813	6.25e-22	115
query	5	78.947	190	84782	84966	30008555	30008376	6.25e-22	115
query	5	85.586	111	84869	84976	25473036	25472929	8.08e-21	111
query	5	88.172	93	53625	53716	15619158	15619249	2.91e-20	110
query	5	78.421	190	84782	84966	32136236	32136060	1.05e-19	108
query	5	76.395	233	86043	86265	24533617	24533838	3.76e-19	106
query	5	76.271	236	86051	86275	25272497	25272274	1.35e-18	104
query	5	76.210	248	86131	86363	25648997	25648764	1.35e-18	104
query	5	81.022	137	85990	86124	30585150	30585018	1.35e-18	104
query	5	80.882	136	85990	86124	32490001	32489869	1.35e-18	104
query	5	81.203	133	76740	76870	23676030	23675902	4.86e-18	102
query	5	81.955	133	86068	86198	28753487	28753610	4.86e-18	102
query	5	81.955	133	86068	86198	31682790	31682913	4.86e-18	102
query	5	77.604	192	84776	84963	1650062	1650240	1.75e-17	100
query	5	81.061	132	86068	86198	22592670	22592546	6.29e-17	99.0
query	5	78.443	167	19984	20138	31091128	31090962	6.29e-17	99.0
query	5	81.203	133	86068	86198	31573267	31573143	6.29e-17	99.0
query	5	78.912	147	77085	77230	23551896	23552039	2.26e-16	97.1
query	5	83.810	105	86285	86389	310796	310697	8.14e-16	95.3
query	5	91.429	70	74004	74072	23726959	23726891	8.14e-16	95.3
query	5	89.474	76	86125	86198	21703112	21703038	2.93e-15	93.5
query	5	77.586	174	76738	76911	23551946	23552106	2.93e-15	93.5
query	5	91.176	68	86132	86198	23208797	23208731	1.05e-14	91.6
query	5	80.469	128	84868	84989	27637499	27637373	1.05e-14	91.6
query	5	75.527	237	85167	85390	31682691	31682913	1.05e-14	91.6
query	5	76.667	180	76740	76911	311360	311536	3.79e-14	89.8
query	5	77.711	166	19986	20138	2315312	2315476	3.79e-14	89.8
query	5	79.688	128	77086	77212	311310	311433	1.36e-13	87.9
query	5	79.545	132	85260	85390	22592670	22592546	1.36e-13	87.9
query	5	79.104	134	84865	84995	25653293	25653163	1.36e-13	87.9
query	5	89.706	68	86132	86198	3534118	3534052	4.90e-13	86.1
query	5	79.699	133	86068	86198	20365325	20365448	4.90e-13	86.1
query	5	80.672	119	86147	86265	310851	310742	1.76e-12	84.2
query	5	80.159	126	86071	86194	21701716	21701601	1.76e-12	84.2
query	5	85.542	83	86043	86122	23208813	23208731	1.76e-12	84.2
query	5	88.732	71	9232	9301	26154520	26154452	1.76e-12	84.2
query	5	78.947	133	85260	85390	3534176	3534052	6.33e-12	82.4
query	5	73.394	218	33785	34002	17007593	17007376	6.33e-12	82.4
query	5	86.842	76	85317	85390	21703112	21703038	6.33e-12	82.4
query	5	87.500	72	86052	86122	21703108	21703038	6.33e-12	82.4
query	5	85.366	82	86044	86122	22592627	22592546	6.33e-12	82.4
query	5	92.857	56	76743	76798	23525623	23525568	6.33e-12	82.4
query	5	90.476	63	86137	86198	24740872	24740810	6.33e-12	82.4
query	5	90.476	63	86056	86117	28753544	28753605	6.33e-12	82.4
query	5	75.113	221	85181	85390	31573351	31573143	6.33e-12	82.4
query	5	85.366	82	86044	86122	31682832	31682913	6.33e-12	82.4
query	5	74.020	204	61140	61341	9951267	9951066	2.28e-11	80.5
query	5	73.737	297	85102	85380	20365163	20365438	2.28e-11	80.5
query	5	88.235	68	85324	85390	23208797	23208731	2.28e-11	80.5
query	5	80.000	125	85260	85381	28753487	28753601	2.28e-11	80.5
query	5	78.626	131	86068	86198	32092586	32092708	2.28e-11	80.5
query	5	76.829	164	78145	78307	3124360	3124509	8.19e-11	78.7
query	5	88.235	68	74007	74072	7643865	7643931	8.19e-11	78.7
query	5	80.000	120	85263	85380	21701716	21701607	8.19e-11	78.7
query	5	89.062	64	86056	86118	21701662	21701601	2.95e-10	76.8
query	5	87.879	66	58761	58826	29069525	29069461	2.95e-10	76.8
query	5	90.164	61	86128	86187	31758652	31758710	2.95e-10	76.8
query	5	86.765	68	86056	86122	3534118	3534052	1.06e-09	75.0
query	5	91.071	56	76743	76796	19279383	19279328	1.06e-09	75.0
query	5	86.765	68	86056	86122	31573209	31573143	1.06e-09	75.0
query	5	86.111	72	85320	85390	31758652	31758721	1.06e-09	75.0
query	5	91.228	57	85324	85379	32092644	32092697	1.06e-09	75.0
query	5	91.228	57	86056	86111	32092644	32092697	1.06e-09	75.0
query	5	77.099	131	85994	86122	19279572	19279700	3.81e-09	73.1
query	5	90.741	54	86060	86112	20365385	20365438	1.37e-08	71.3
query	5	87.302	63	86061	86122	24740872	24740810	1.37e-08	71.3
query	5	87.302	63	85329	85390	24740872	24740810	1.37e-08	71.3
query	5	88.525	61	86052	86111	31758652	31758710	1.37e-08	71.3
query	5	89.286	56	75499	75554	25525286	25525232	4.93e-08	69.4
query	5	83.544	79	77711	77788	30128310	30128384	4.93e-08	69.4
query	UN-Ctg76	92.000	325	59537	59861	3184	3505	1.17e-123	453
query	UN-Ctg76	84.848	264	86524	86784	13952	13691	7.58e-66	261
query	UN-Ctg80	82.335	334	45508	45833	22054	21737	4.53e-68	268
query	UN-Ctg80	79.778	361	45504	45834	12786	12430	5.94e-57	231
query	UN-Ctg72	91.589	107	52849	52955	40345	40451	6.16e-32	148
query	UN-Ctg72	88.350	103	52975	53077	40432	40532	3.73e-24	122
